{
    "CapturedObjects": [
        {
            "ActorName": "TRAFFIC_SIGN 612",
            "ObjectId": 612,
            "BoundingBox3D Origin X": 15.090225522922992,
            "BoundingBox3D Origin Y": -3.940240581640865,
            "BoundingBox3D Origin Z": 4.9486380107700825,
            "BoundingBox3D Extent X": 0.1,
            "BoundingBox3D Extent Y": 2.015689627696113,
            "BoundingBox3D Extent Z": 0.6071013615992222,
            "BoundingBox3D Orientation Quat W": 0.0419564123297948,
            "BoundingBox3D Orientation Quat X": 0.002793627222412,
            "BoundingBox3D Orientation Quat Y": 0.0002970471645049,
            "BoundingBox3D Orientation Quat Z": 0.9991154922601976,
            "ObjectType": "TRAFFIC_SIGN",
            "Occluded": {
                "F_MIDRANGECAM_C": 0.0004037828475702
            },
            "Truncated": 0,
            "ObjectMeta": {
                "SourceID": 612,
                "SubType": "unknown",
                "Text": "",
                "OcrVersion": 10006
            }
        },
        {
            "ActorName": "TRAFFIC_SIGN 613",
            "ObjectId": 613,
            "BoundingBox3D Origin X": 20.640378695323307,
            "BoundingBox3D Origin Y": -4.20977883106616,
            "BoundingBox3D Origin Z": 2.4006073214113712,
            "BoundingBox3D Extent X": 0.1,
            "BoundingBox3D Extent Y": 0.821519601845871,
            "BoundingBox3D Extent Z": 1.04655705856691,
            "BoundingBox3D Orientation Quat W": 0.0428767033267231,
            "BoundingBox3D Orientation Quat X": 0.0027961702149549,
            "BoundingBox3D Orientation Quat Y": 0.0002995163359699,
            "BoundingBox3D Orientation Quat Z": 0.9990764135109612,
            "ObjectType": "TRAFFIC_SIGN",
            "Occluded": {
                "F_MIDRANGECAM_C": 1.0072105851577362e-06
            },
            "Truncated": 0,
            "ObjectMeta": {
                "SourceID": 613,
                "SubType": "unknown",
                "Text": "AHEAD",
                "OcrVersion": 10006
            }
        },
        {
            "ActorName": "TRAFFIC_SIGN 614",
            "ObjectId": 614,
            "BoundingBox3D Origin X": 1.7073998569321702,
            "BoundingBox3D Origin Y": 15.477729366117272,
            "BoundingBox3D Origin Z": 2.272195612080395,
            "BoundingBox3D Extent X": 0.1,
            "BoundingBox3D Extent Y": 0.7431382892211243,
            "BoundingBox3D Extent Z": 0.8068183363710659,
            "BoundingBox3D Orientation Quat W": 0.3966952286472584,
            "BoundingBox3D Orientation Quat X": -0.0026496611112903,
            "BoundingBox3D Orientation Quat Y": 0.0009435359168342,
            "BoundingBox3D Orientation Quat Z": -0.9179460684617962,
            "ObjectType": "TRAFFIC_SIGN",
            "Occluded": {
                "F_CTCAM_L": 0.0
            },
            "Truncated": 0,
            "ObjectMeta": {
                "SourceID": 614,
                "SubType": "unknown",
                "Text": "",
                "OcrVersion": 10006
            }
        },
        {
            "ActorName": "TRAFFIC_SIGN 615",
            "ObjectId": 615,
            "BoundingBox3D Origin X": 9.7572657562705,
            "BoundingBox3D Origin Y": -11.243699227803065,
            "BoundingBox3D Origin Z": 2.326901477761566,
            "BoundingBox3D Extent X": 0.1,
            "BoundingBox3D Extent Y": 0.7208321150109754,
            "BoundingBox3D Extent Z": 0.6150844709069305,
            "BoundingBox3D Orientation Quat W": 0.1666156894366413,
            "BoundingBox3D Orientation Quat X": 0.0027322361414432,
            "BoundingBox3D Orientation Quat Y": 0.0006439649674675,
            "BoundingBox3D Orientation Quat Z": 0.9860179167887064,
            "ObjectType": "TRAFFIC_SIGN",
            "Occluded": {
                "F_MIDRANGECAM_C": 0.92326819896698
            },
            "Truncated": 0,
            "ObjectMeta": {
                "SourceID": 615,
                "SubType": "us_yellow_ground_diamond_unknown",
                "Text": "",
                "OcrVersion": 10006
            }
        },
        {
            "ActorName": "TRAFFIC_SIGN 616",
            "ObjectId": 616,
            "BoundingBox3D Origin X": 35.142245208968234,
            "BoundingBox3D Origin Y": -4.176625105615585,
            "BoundingBox3D Origin Z": 2.78881149366498,
            "BoundingBox3D Extent X": 0.1,
            "BoundingBox3D Extent Y": 0.5572884027437033,
            "BoundingBox3D Extent Z": 0.5924573148805717,
            "BoundingBox3D Orientation Quat W": 0.0552002672788743,
            "BoundingBox3D Orientation Quat X": 0.0027912530565515,
            "BoundingBox3D Orientation Quat Y": 0.0003341254883403,
            "BoundingBox3D Orientation Quat Z": 0.9984713454871268,
            "ObjectType": "TRAFFIC_SIGN",
            "Occluded": {
                "F_MIDRANGECAM_C": 0.000250369310379
            },
            "Truncated": 0,
            "ObjectMeta": {
                "SourceID": 616,
                "SubType": "unknown",
                "Text": "",
                "OcrVersion": 10006
            }
        },
        {
            "ActorName": "TRAFFIC_SIGN 617",
            "ObjectId": 617,
            "BoundingBox3D Origin X": 14.541807424771832,
            "BoundingBox3D Origin Y": -4.556784203854022,
            "BoundingBox3D Origin Z": 2.82848040945828,
            "BoundingBox3D Extent X": 0.0999999999999999,
            "BoundingBox3D Extent Y": 0.7647942581555,
            "BoundingBox3D Extent Z": 0.185378029919662,
            "BoundingBox3D Orientation Quat W": 0.1796022081069852,
            "BoundingBox3D Orientation Quat X": 0.0027256262480192,
            "BoundingBox3D Orientation Quat Y": 0.0006802428882093,
            "BoundingBox3D Orientation Quat Z": 0.98373530742485,
            "ObjectType": "TRAFFIC_SIGN",
            "Occluded": {
                "F_MIDRANGECAM_C": 5.324429366737604e-05
            },
            "Truncated": 0,
            "ObjectMeta": {
                "SourceID": 617,
                "SubType": "us_white_ground_rectangle_unknown",
                "Text": "",
                "OcrVersion": 10006
            }
        },
        {
            "ActorName": "TRAFFIC_SIGN 618",
            "ObjectId": 618,
            "BoundingBox3D Origin X": 36.89977755459404,
            "BoundingBox3D Origin Y": -3.644823986349365,
            "BoundingBox3D Origin Z": 2.19168393034488,
            "BoundingBox3D Extent X": 0.0999999999999999,
            "BoundingBox3D Extent Y": 0.3186681614729488,
            "BoundingBox3D Extent Z": 0.468749094353403,
            "BoundingBox3D Orientation Quat W": 0.2908125644446782,
            "BoundingBox3D Orientation Quat X": 0.0026318667985377,
            "BoundingBox3D Orientation Quat Y": 0.0009878125559283,
            "BoundingBox3D Orientation Quat Z": 0.9567759141327812,
            "ObjectType": "TRAFFIC_SIGN",
            "Occluded": {
                "F_MIDRANGECAM_C": 0.8506608009338379
            },
            "Truncated": 0,
            "ObjectMeta": {
                "SourceID": 618,
                "SubType": "us_white_ground_rectangle_unknown",
                "Text": "",
                "OcrVersion": 10006
            }
        },
        {
            "ActorName": "TRAFFIC_SIGN 619",
            "ObjectId": 619,
            "BoundingBox3D Origin X": 66.2413862090034,
            "BoundingBox3D Origin Y": -3.4937815495718496,
            "BoundingBox3D Origin Z": 2.59602902084589,
            "BoundingBox3D Extent X": 0.1,
            "BoundingBox3D Extent Y": 0.6539907426792017,
            "BoundingBox3D Extent Z": 1.2534023493860695,
            "BoundingBox3D Orientation Quat W": 0.0644475503890884,
            "BoundingBox3D Orientation Quat X": 0.0027898689277576,