{
    "CapturedObjects": [
        {
            "ActorName": "TRAFFIC_SIGN 609",
            "ObjectId": 609,
            "BoundingBox3D Origin X": 9.28226623273804,
            "BoundingBox3D Origin Y": -10.068598451878644,
            "BoundingBox3D Origin Z": 2.689196373336017,
            "BoundingBox3D Extent X": 0.1,
            "BoundingBox3D Extent Y": 0.4327197226534073,
            "BoundingBox3D Extent Z": 0.5787043291211466,
            "BoundingBox3D Orientation Quat W": 0.2116100147746163,
            "BoundingBox3D Orientation Quat X": -0.0041168944003805,
            "BoundingBox3D Orientation Quat Y": 0.016192400410867,
            "BoundingBox3D Orientation Quat Z": 0.9772113686385954,
            "ObjectType": "TRAFFIC_SIGN",
            "Occluded": {
                "F_MIDRANGECAM_C": 0.0046233148314058
            },
            "Truncated": 0,
            "ObjectMeta": {
                "SourceID": 609,
                "SubType": "unknown",
                "Text": "",
                "OcrVersion": 10006
            }
        },
        {
            "ActorName": "TRAFFIC_SIGN 610",
            "ObjectId": 610,
            "BoundingBox3D Origin X": 21.304031197955737,
            "BoundingBox3D Origin Y": 10.83785128640011,
            "BoundingBox3D Origin Z": 2.3255403861403465,
            "BoundingBox3D Extent X": 0.1,
            "BoundingBox3D Extent Y": 0.5673764564289475,
            "BoundingBox3D Extent Z": 0.8397778011530023,
            "BoundingBox3D Orientation Quat W": -0.1667530695313421,
            "BoundingBox3D Orientation Quat X": 0.0021974834641242,
            "BoundingBox3D Orientation Quat Y": 0.0165642991367956,
            "BoundingBox3D Orientation Quat Z": 0.9858570935294868,
            "ObjectType": "TRAFFIC_SIGN",
            "Occluded": {
                "F_MIDRANGECAM_C": 0.0005034764180891
            },
            "Truncated": 0,
            "ObjectMeta": {
                "SourceID": 610,
                "SubType": "us_yellow_ground_diamond_unknown",
                "Text": "",
                "OcrVersion": 10006
            }
        },
        {
            "ActorName": "TRAFFIC_SIGN 611",
            "ObjectId": 611,
            "BoundingBox3D Origin X": 30.8770252735103,
            "BoundingBox3D Origin Y": -4.267195523047121,
            "BoundingBox3D Origin Z": 2.480646476149559,
            "BoundingBox3D Extent X": 0.1,
            "BoundingBox3D Extent Y": 0.6647898721773063,
            "BoundingBox3D Extent Z": 0.4925958622564428,
            "BoundingBox3D Orientation Quat W": 0.080615130324434,
            "BoundingBox3D Orientation Quat X": -0.0019383079193897,
            "BoundingBox3D Orientation Quat Y": 0.0165950502344769,
            "BoundingBox3D Orientation Quat Z": 0.9966052618930424,
            "ObjectType": "TRAFFIC_SIGN",
            "Occluded": {
                "F_MIDRANGECAM_C": 5.736148887081072e-05
            },
            "Truncated": 0,
            "ObjectMeta": {
                "SourceID": 611,
                "SubType": "unknown",
                "Text": "P",
                "OcrVersion": 10006
            }
        },
        {
            "ActorName": "TRAFFIC_SIGN 612",
            "ObjectId": 612,
            "BoundingBox3D Origin X": 67.40655626357966,
            "BoundingBox3D Origin Y": -3.55293407314457,
            "BoundingBox3D Origin Z": 5.276265824213624,
            "BoundingBox3D Extent X": 0.1,
            "BoundingBox3D Extent Y": 2.015689627696113,
            "BoundingBox3D Extent Z": 0.6071013615992222,
            "BoundingBox3D Orientation Quat W": 0.0419712114937924,
            "BoundingBox3D Orientation Quat X": -0.001292596289793,
            "BoundingBox3D Orientation Quat Y": 0.0166579703574129,
            "BoundingBox3D Orientation Quat Z": 0.9989791082020416,
            "ObjectType": "TRAFFIC_SIGN",
            "Occluded": {
                "F_MIDRANGECAM_C": 0.0091933291405439
            },
            "Truncated": 0,
            "ObjectMeta": {
                "SourceID": 612,
                "SubType": "unknown",
                "Text": "",
                "OcrVersion": 10006
            }
        },
        {
            "ActorName": "TRAFFIC_SIGN 613",
            "ObjectId": 613,
            "BoundingBox3D Origin X": 72.97386983957495,
            "BoundingBox3D Origin Y": -3.905572992865928,
            "BoundingBox3D Origin Z": 2.776261660270393,
            "BoundingBox3D Extent X": 0.1,
            "BoundingBox3D Extent Y": 0.821519601845871,
            "BoundingBox3D Extent Z": 1.04655705856691,
            "BoundingBox3D Orientation Quat W": 0.0428914278979507,
            "BoundingBox3D Orientation Quat X": -0.0013051212187776,
            "BoundingBox3D Orientation Quat Y": 0.0166566675402036,
            "BoundingBox3D Orientation Quat Z": 0.9989400269775628,
            "ObjectType": "TRAFFIC_SIGN",
            "Occluded": {
                "F_MIDRANGECAM_C": 6.690323061775416e-06
            },
            "Truncated": 0,
            "ObjectMeta": {
                "SourceID": 613,
                "SubType": "unknown",
                "Text": "AHEAD",
                "OcrVersion": 10006
            }
        },
        {
            "ActorName": "TRAFFIC_SIGN 614",
            "ObjectId": 614,
            "BoundingBox3D Origin X": 54.0432935735962,
            "BoundingBox3D Origin Y": 15.76392248403863,
            "BoundingBox3D Origin Z": 1.869135392829776,
            "BoundingBox3D Extent X": 0.1,
            "BoundingBox3D Extent Y": 0.7431382892211243,
            "BoundingBox3D Extent Z": 0.8068183363710659,
            "BoundingBox3D Orientation Quat W": -0.3966251163349711,
            "BoundingBox3D Orientation Quat X": 0.0060841378883564,
            "BoundingBox3D Orientation Quat Y": 0.0155665438032319,
            "BoundingBox3D Orientation Quat Z": 0.9178285150682824,
            "ObjectType": "TRAFFIC_SIGN",
            "Occluded": {
                "F_MIDRANGECAM_C": 0.9991106390953064
            },
            "Truncated": 0,
            "ObjectMeta": {
                "SourceID": 614,
                "SubType": "unknown",
                "Text": "",
                "OcrVersion": 10006
            }
        },
        {
            "ActorName": "TRAFFIC_SIGN 615",
            "ObjectId": 615,
            "BoundingBox3D Origin X": 62.09113232117125,
            "BoundingBox3D Origin Y": -10.939927546685794,
            "BoundingBox3D Origin Z": 2.8610356403514743,
            "BoundingBox3D Extent X": 0.1,
            "BoundingBox3D Extent Y": 0.7208321150109754,
            "BoundingBox3D Extent Z": 0.6150844709069305,
            "BoundingBox3D Orientation Quat W": 0.1666137435071727,
            "BoundingBox3D Orientation Quat X": -0.0033684926760998,
            "BoundingBox3D Orientation Quat Y": 0.0163650083832057,
            "BoundingBox3D Orientation Quat Z": 0.985880672410325,
            "ObjectType": "TRAFFIC_SIGN",
            "Occluded": {
                "F_MIDRANGECAM_C": 0.9983365535736084
            },
            "Truncated": 0,
            "ObjectMeta": {
                "SourceID": 615,
                "SubType": "us_yellow_ground_diamond_unknown",
                "Text": "",
                "OcrVersion": 10006
            }
        },
        {
            "ActorName": "TRAFFIC_SIGN 616",
            "ObjectId": 616,
            "BoundingBox3D Origin X": 87.47275487224488,
            "BoundingBox3D Origin Y": -3.857215059251757,
            "BoundingBox3D Origin Z": 3.2616015896201134,
            "BoundingBox3D Extent X": 0.1,
            "BoundingBox3D Extent Y": 0.5572884027437033,
            "BoundingBox3D Extent Z": 0.5924573148805717,
            "BoundingBox3D Orientation Quat W": 0.0552133549609201,
            "BoundingBox3D Orientation Quat X": -0.0015115291204939,
            "BoundingBox3D Orientation Quat Y": 0.0166394141110373,