{
    "CapturedObjects": [
        {
            "ActorName": "TRAFFIC_SIGN 610",
            "ObjectId": 610,
            "BoundingBox3D Origin X": 2.0249966944520565,
            "BoundingBox3D Origin Y": 10.634087776910746,
            "BoundingBox3D Origin Z": 2.43198845628649,
            "BoundingBox3D Extent X": 0.1,
            "BoundingBox3D Extent Y": 0.5673764564289475,
            "BoundingBox3D Extent Z": 0.8397778011530023,
            "BoundingBox3D Orientation Quat W": -0.1652568380780531,
            "BoundingBox3D Orientation Quat X": 0.0024358912617915,
            "BoundingBox3D Orientation Quat Y": 0.0111896764552938,
            "BoundingBox3D Orientation Quat Z": 0.986184077666554,
            "ObjectType": "TRAFFIC_SIGN",
            "Occluded": {
                "F_CTCAM_L": 0.0
            },
            "Truncated": 0,
            "ObjectMeta": {
                "SourceID": 610,
                "SubType": "us_yellow_ground_diamond_unknown",
                "Text": "",
                "OcrVersion": 10006
            }
        },
        {
            "ActorName": "TRAFFIC_SIGN 611",
            "ObjectId": 611,
            "BoundingBox3D Origin X": 11.551377614867306,
            "BoundingBox3D Origin Y": -4.501143604633398,
            "BoundingBox3D Origin Z": 2.406770860776305,
            "BoundingBox3D Extent X": 0.1,
            "BoundingBox3D Extent Y": 0.6647898721773063,
            "BoundingBox3D Extent Z": 0.4925958622564428,
            "BoundingBox3D Orientation Quat W": 0.0821447430965248,
            "BoundingBox3D Orientation Quat X": -0.0003858401848071,
            "BoundingBox3D Orientation Quat Y": 0.0114434128825496,
            "BoundingBox3D Orientation Quat Z": 0.9965546350354092,
            "ObjectType": "TRAFFIC_SIGN",
            "Occluded": {
                "F_MIDRANGECAM_C": 8.631943273940124e-06
            },
            "Truncated": 0,
            "ObjectMeta": {
                "SourceID": 611,
                "SubType": "unknown",
                "Text": "P",
                "OcrVersion": 10006
            }
        },
        {
            "ActorName": "TRAFFIC_SIGN 612",
            "ObjectId": 612,
            "BoundingBox3D Origin X": 48.089129036487975,
            "BoundingBox3D Origin Y": -3.9287649895995855,
            "BoundingBox3D Origin Z": 5.12826272752136,
            "BoundingBox3D Extent X": 0.1,
            "BoundingBox3D Extent Y": 2.015689627696113,
            "BoundingBox3D Extent Z": 0.6071013615992222,
            "BoundingBox3D Orientation Quat W": 0.0435017111170429,
            "BoundingBox3D Orientation Quat X": 5.919527015571793e-05,
            "BoundingBox3D Orientation Quat Y": 0.0114501925928524,
            "BoundingBox3D Orientation Quat Z": 0.998987733015474,
            "ObjectType": "TRAFFIC_SIGN",
            "Occluded": {
                "F_MIDRANGECAM_C": 0.0010909894481301
            },
            "Truncated": 0,
            "ObjectMeta": {
                "SourceID": 612,
                "SubType": "unknown",
                "Text": "",
                "OcrVersion": 10006
            }
        },
        {
            "ActorName": "TRAFFIC_SIGN 613",
            "ObjectId": 613,
            "BoundingBox3D Origin X": 53.64984278965949,
            "BoundingBox3D Origin Y": -4.272201439336641,
            "BoundingBox3D Origin Z": 2.612256963737309,
            "BoundingBox3D Extent X": 0.1,
            "BoundingBox3D Extent Y": 0.821519601845871,
            "BoundingBox3D Extent Z": 1.04655705856691,
            "BoundingBox3D Orientation Quat W": 0.0444219176863432,
            "BoundingBox3D Orientation Quat X": 5.146864503724249e-05,
            "BoundingBox3D Orientation Quat Y": 0.0114501304972107,
            "BoundingBox3D Orientation Quat Z": 0.9989472383923204,
            "ObjectType": "TRAFFIC_SIGN",
            "Occluded": {
                "F_MIDRANGECAM_C": 4.562268429708639e-08
            },
            "Truncated": 0,
            "ObjectMeta": {
                "SourceID": 613,
                "SubType": "unknown",
                "Text": "AHEAD",
                "OcrVersion": 10006
            }
        },
        {
            "ActorName": "TRAFFIC_SIGN 614",
            "ObjectId": 614,
            "BoundingBox3D Origin X": 34.77844152799571,
            "BoundingBox3D Origin Y": 15.463916434324346,
            "BoundingBox3D Origin Z": 1.9544045636430385,
            "BoundingBox3D Extent X": 0.1,
            "BoundingBox3D Extent Y": 0.7431382892211243,
            "BoundingBox3D Extent Z": 0.8068183363710659,
            "BoundingBox3D Orientation Quat W": -0.3952483508946547,
            "BoundingBox3D Orientation Quat X": 0.0050356144781299,
            "BoundingBox3D Orientation Quat Y": 0.0102896897748849,
            "BoundingBox3D Orientation Quat Z": 0.91850286117476,
            "ObjectType": "TRAFFIC_SIGN",
            "Occluded": {
                "F_MIDRANGECAM_C": 0.5396952629089355
            },
            "Truncated": 0,
            "ObjectMeta": {
                "SourceID": 614,
                "SubType": "unknown",
                "Text": "",
                "OcrVersion": 10006
            }
        },
        {
            "ActorName": "TRAFFIC_SIGN 615",
            "ObjectId": 615,
            "BoundingBox3D Origin X": 42.74548033190422,
            "BoundingBox3D Origin Y": -11.273535548069049,
            "BoundingBox3D Origin Z": 2.6472801687195897,
            "BoundingBox3D Extent X": 0.1,
            "BoundingBox3D Extent Y": 0.7208321150109754,
            "BoundingBox3D Extent Z": 0.6150844709069305,
            "BoundingBox3D Orientation Quat W": 0.1681331855710867,
            "BoundingBox3D Orientation Quat X": -0.0013756293979237,
            "BoundingBox3D Orientation Quat Y": 0.011366911944041,
            "BoundingBox3D Orientation Quat Z": 0.9856977898252256,
            "ObjectType": "TRAFFIC_SIGN",
            "Occluded": {
                "F_MIDRANGECAM_C": 0.1993860900402069
            },
            "Truncated": 0,
            "ObjectMeta": {
                "SourceID": 615,
                "SubType": "us_yellow_ground_diamond_unknown",
                "Text": "",
                "OcrVersion": 10006
            }
        },
        {
            "ActorName": "TRAFFIC_SIGN 616",
            "ObjectId": 616,
            "BoundingBox3D Origin X": 68.14989069544481,
            "BoundingBox3D Origin Y": -4.2735731615975965,
            "BoundingBox3D Origin Z": 3.0657330937683582,
            "BoundingBox3D Extent X": 0.1,
            "BoundingBox3D Extent Y": 0.5572884027437033,
            "BoundingBox3D Extent Z": 0.5924573148805717,
            "BoundingBox3D Orientation Quat W": 0.0567437919421239,
            "BoundingBox3D Orientation Quat X": -9.07790552536302e-05,
            "BoundingBox3D Orientation Quat Y": 0.0114499812036364,
            "BoundingBox3D Orientation Quat Z": 0.9983231099026147,
            "ObjectType": "TRAFFIC_SIGN",
            "Occluded": {
                "F_MIDRANGECAM_C": 0.092208094894886
            },
            "Truncated": 0,
            "ObjectMeta": {
                "SourceID": 616,
                "SubType": "unknown",
                "Text": "",
                "OcrVersion": 10006
            }
        },
        {
            "ActorName": "TRAFFIC_SIGN 617",
            "ObjectId": 617,
            "BoundingBox3D Origin X": 47.54834965849477,
            "BoundingBox3D Origin Y": -4.591284902824555,
            "BoundingBox3D Origin Z": 3.02002627402544,
            "BoundingBox3D Extent X": 0.0999999999999999,
            "BoundingBox3D Extent Y": 0.7647942581555,
            "BoundingBox3D Extent Z": 0.185378029919662,
            "BoundingBox3D Orientation Quat W": 0.1811154125916939,
            "BoundingBox3D Orientation Quat X": -0.0015232471547235,
            "BoundingBox3D Orientation Quat Y": 0.0113480290167006,