{
    "CapturedObjects": [
        {
            "ActorName": "TRAFFIC_SIGN 604",
            "ObjectId": 604,
            "BoundingBox3D Origin X": 21.06745829367537,
            "BoundingBox3D Origin Y": 13.77233786036959,
            "BoundingBox3D Origin Z": 1.5946669913828373,
            "BoundingBox3D Extent X": 0.1,
            "BoundingBox3D Extent Y": 0.6542573677519435,
            "BoundingBox3D Extent Z": 0.6696639461456285,
            "BoundingBox3D Orientation Quat W": -0.4117268447092852,
            "BoundingBox3D Orientation Quat X": 0.0068345081410705,
            "BoundingBox3D Orientation Quat Y": 0.013192942574978,
            "BoundingBox3D Orientation Quat Z": 0.911186172585174,
            "ObjectType": "TRAFFIC_SIGN",
            "Occluded": {
                "F_MIDRANGECAM_C": 9.892616799334064e-05
            },
            "Truncated": 0,
            "ObjectMeta": {
                "SourceID": 604,
                "SubType": "us_stop",
                "Text": "",
                "OcrVersion": 10006
            }
        },
        {
            "ActorName": "TRAFFIC_SIGN 605",
            "ObjectId": 605,
            "BoundingBox3D Origin X": 37.878524377743815,
            "BoundingBox3D Origin Y": -3.749920619709883,
            "BoundingBox3D Origin Z": 5.408104535192251,
            "BoundingBox3D Extent X": 0.1,
            "BoundingBox3D Extent Y": 1.675241656574072,
            "BoundingBox3D Extent Z": 0.7136703424772214,
            "BoundingBox3D Orientation Quat W": 0.0438215038127425,
            "BoundingBox3D Orientation Quat X": 0.0001424240073623,
            "BoundingBox3D Orientation Quat Y": 0.0148516852567788,
            "BoundingBox3D Orientation Quat Z": 0.998928967927162,
            "ObjectType": "TRAFFIC_SIGN",
            "Occluded": {
                "F_MIDRANGECAM_C": 0.0016044955700635
            },
            "Truncated": 0,
            "ObjectMeta": {
                "SourceID": 605,
                "SubType": "unknown",
                "Text": "Bryson",
                "OcrVersion": 10006
            }
        },
        {
            "ActorName": "TRAFFIC_SIGN 606",
            "ObjectId": 606,
            "BoundingBox3D Origin X": 37.76607682074609,
            "BoundingBox3D Origin Y": 2.3035078904940747,
            "BoundingBox3D Origin Z": 6.929610997438431,
            "BoundingBox3D Extent X": 0.1,
            "BoundingBox3D Extent Y": 0.6808865710446399,
            "BoundingBox3D Extent Z": 0.8102549796546726,
            "BoundingBox3D Orientation Quat W": -0.0248960741661605,
            "BoundingBox3D Orientation Quat X": 0.0011637079935234,
            "BoundingBox3D Orientation Quat Y": 0.014807322373281,
            "BoundingBox3D Orientation Quat Z": 0.9995796989129744,
            "ObjectType": "TRAFFIC_SIGN",
            "Occluded": {
                "F_MIDRANGECAM_C": 0.0004644308064598
            },
            "Truncated": 0,
            "ObjectMeta": {
                "SourceID": 606,
                "SubType": "us_white_ground_rectangle_unknown",
                "Text": "",
                "OcrVersion": 10006
            }
        },
        {
            "ActorName": "TRAFFIC_SIGN 607",
            "ObjectId": 607,
            "BoundingBox3D Origin X": 18.223283980541964,
            "BoundingBox3D Origin Y": -10.682712307519978,
            "BoundingBox3D Origin Z": 2.757872737944126,
            "BoundingBox3D Extent X": 0.1,
            "BoundingBox3D Extent Y": 0.6534787456868417,
            "BoundingBox3D Extent Z": 0.6851783530544237,
            "BoundingBox3D Orientation Quat W": 0.3680914366728164,
            "BoundingBox3D Orientation Quat X": -0.0047221853327675,
            "BoundingBox3D Orientation Quat Y": 0.014080064400562,
            "BoundingBox3D Orientation Quat Z": 0.9296709885762278,
            "ObjectType": "TRAFFIC_SIGN",
            "Occluded": {
                "F_MIDRANGECAM_C": 0.0046621235087513
            },
            "Truncated": 0,
            "ObjectMeta": {
                "SourceID": 607,
                "SubType": "us_yellow_ground_diamond_unknown",
                "Text": "OUTLET",
                "OcrVersion": 10006
            }
        },
        {
            "ActorName": "TRAFFIC_SIGN 608",
            "ObjectId": 608,
            "BoundingBox3D Origin X": 52.46045053984926,
            "BoundingBox3D Origin Y": -3.642394564667484,
            "BoundingBox3D Origin Z": 2.5392510052770376,
            "BoundingBox3D Extent X": 0.1,
            "BoundingBox3D Extent Y": 0.3973643084709372,
            "BoundingBox3D Extent Z": 0.4863847471929617,
            "BoundingBox3D Orientation Quat W": 0.0846564340354031,
            "BoundingBox3D Orientation Quat X": -0.0004605471095408,
            "BoundingBox3D Orientation Quat Y": 0.014844883287822,
            "BoundingBox3D Orientation Quat Z": 0.9962995059282828,
            "ObjectType": "TRAFFIC_SIGN",
            "Occluded": {
                "F_MIDRANGECAM_C": 0.0453987643122673
            },
            "Truncated": 0,
            "ObjectMeta": {
                "SourceID": 608,
                "SubType": "us_yellow_ground_diamond_unknown",
                "Text": "11",
                "OcrVersion": 10006
            }
        },
        {
            "ActorName": "TRAFFIC_SIGN 609",
            "ObjectId": 609,
            "BoundingBox3D Origin X": 87.19607271570385,
            "BoundingBox3D Origin Y": -8.345557074964745,
            "BoundingBox3D Origin Z": 2.3418821217492223,
            "BoundingBox3D Extent X": 0.1,
            "BoundingBox3D Extent Y": 0.4327197226534073,
            "BoundingBox3D Extent Z": 0.5787043291211466,
            "BoundingBox3D Orientation Quat W": 0.2069428618933241,
            "BoundingBox3D Orientation Quat X": -0.0022867288667869,
            "BoundingBox3D Orientation Quat Y": 0.0146740749606131,
            "BoundingBox3D Orientation Quat Z": 0.978240304989802,
            "ObjectType": "TRAFFIC_SIGN",
            "Occluded": {
                "F_MIDRANGECAM_C": 0.9307730793952942
            },
            "Truncated": 0,
            "ObjectMeta": {
                "SourceID": 609,
                "SubType": "unknown",
                "Text": "",
                "OcrVersion": 10006
            }
        },
        {
            "ActorName": "TRAFFIC_SIGN 610",
            "ObjectId": 610,
            "BoundingBox3D Origin X": 99.0175310833929,
            "BoundingBox3D Origin Y": 12.6754686156346,
            "BoundingBox3D Origin Z": 2.019720761105418,
            "BoundingBox3D Extent X": 0.1,
            "BoundingBox3D Extent Y": 0.5673764564289475,
            "BoundingBox3D Extent Z": 0.8397778011530023,
            "BoundingBox3D Orientation Quat W": -0.1714672379259064,
            "BoundingBox3D Orientation Quat X": 0.0033315462398223,
            "BoundingBox3D Orientation Quat Y": 0.0144761857768983,
            "BoundingBox3D Orientation Quat Z": 0.985077827972524,
            "ObjectType": "TRAFFIC_SIGN",
            "Occluded": {
                "F_MIDRANGECAM_C": 0.9978105425834656
            },
            "Truncated": 0,
            "ObjectMeta": {
                "SourceID": 610,
                "SubType": "us_yellow_ground_diamond_unknown",
                "Text": "",
                "OcrVersion": 10006
            }
        },
        {
            "ActorName": "TRAFFIC_SIGN 611",
            "ObjectId": 611,
            "BoundingBox3D Origin X": 108.73399700003392,
            "BoundingBox3D Origin Y": -2.338219680124894,
            "BoundingBox3D Origin Z": 2.088613575324416,
            "BoundingBox3D Extent X": 0.1,
            "BoundingBox3D Extent Y": 0.6647898721773063,
            "BoundingBox3D Extent Z": 0.4925958622564428,
            "BoundingBox3D Orientation Quat W": 0.0758529093310624,
            "BoundingBox3D Orientation Quat X": -0.0003249278731097,