{
    "CapturedObjects": [
        {
            "ActorName": "TRAFFIC_SIGN 604",
            "ObjectId": 604,
            "BoundingBox3D Origin X": 30.095093353952507,
            "BoundingBox3D Origin Y": 13.72012895302032,
            "BoundingBox3D Origin Z": 1.622679889202118,
            "BoundingBox3D Extent X": 0.1,
            "BoundingBox3D Extent Y": 0.6542573677519435,
            "BoundingBox3D Extent Z": 0.6696639461456285,
            "BoundingBox3D Orientation Quat W": -0.4096122668663416,
            "BoundingBox3D Orientation Quat X": 0.005930808520773,
            "BoundingBox3D Orientation Quat Y": 0.0138331099841157,
            "BoundingBox3D Orientation Quat Z": 0.9121355499107984,
            "ObjectType": "TRAFFIC_SIGN",
            "Occluded": {
                "F_MIDRANGECAM_C": 0.3555625677108764
            },
            "Truncated": 0,
            "ObjectMeta": {
                "SourceID": 604,
                "SubType": "us_stop",
                "Text": "",
                "OcrVersion": 10006
            }
        },
        {
            "ActorName": "TRAFFIC_SIGN 605",
            "ObjectId": 605,
            "BoundingBox3D Origin X": 46.81682036118855,
            "BoundingBox3D Origin Y": -3.877791115490254,
            "BoundingBox3D Origin Z": 5.481321088969708,
            "BoundingBox3D Extent X": 0.1,
            "BoundingBox3D Extent Y": 1.675241656574072,
            "BoundingBox3D Extent Z": 0.7136703424772214,
            "BoundingBox3D Orientation Quat W": 0.0461376361965278,
            "BoundingBox3D Orientation Quat X": -0.000953915852017,
            "BoundingBox3D Orientation Quat Y": 0.0150152073710722,
            "BoundingBox3D Orientation Quat Z": 0.9988217819602996,
            "ObjectType": "TRAFFIC_SIGN",
            "Occluded": {
                "F_MIDRANGECAM_C": 0.0126230530440807
            },
            "Truncated": 0,
            "ObjectMeta": {
                "SourceID": 605,
                "SubType": "unknown",
                "Text": "Bryson",
                "OcrVersion": 10006
            }
        },
        {
            "ActorName": "TRAFFIC_SIGN 606",
            "ObjectId": 606,
            "BoundingBox3D Origin X": 46.728826988893616,
            "BoundingBox3D Origin Y": 2.176782688155072,
            "BoundingBox3D Origin Z": 6.999998202547431,
            "BoundingBox3D Extent X": 0.1,
            "BoundingBox3D Extent Y": 0.6808865710446399,
            "BoundingBox3D Extent Z": 0.8102549796546726,
            "BoundingBox3D Orientation Quat W": -0.0225781095436749,
            "BoundingBox3D Orientation Quat X": 8.128407836451284e-05,
            "BoundingBox3D Orientation Quat Y": 0.0150456221870465,
            "BoundingBox3D Orientation Quat Z": 0.9996318580434184,
            "ObjectType": "TRAFFIC_SIGN",
            "Occluded": {
                "F_MIDRANGECAM_C": 0.0003908923536073
            },
            "Truncated": 0,
            "ObjectMeta": {
                "SourceID": 606,
                "SubType": "us_white_ground_rectangle_unknown",
                "Text": "",
                "OcrVersion": 10006
            }
        },
        {
            "ActorName": "TRAFFIC_SIGN 607",
            "ObjectId": 607,
            "BoundingBox3D Origin X": 27.13576725963276,
            "BoundingBox3D Origin Y": -10.72121047860128,
            "BoundingBox3D Origin Z": 2.789868475869298,
            "BoundingBox3D Extent X": 0.1,
            "BoundingBox3D Extent Y": 0.6534787456868417,
            "BoundingBox3D Extent Z": 0.6851783530544237,
            "BoundingBox3D Orientation Quat W": 0.3702450111385938,
            "BoundingBox3D Orientation Quat X": -0.0058118614490237,
            "BoundingBox3D Orientation Quat Y": 0.0138767946177276,
            "BoundingBox3D Orientation Quat Z": 0.9288122999641087,
            "ObjectType": "TRAFFIC_SIGN",
            "Occluded": {
                "F_MIDRANGECAM_C": 0.928343653678894
            },
            "Truncated": 0,
            "ObjectMeta": {
                "SourceID": 607,
                "SubType": "us_yellow_ground_diamond_unknown",
                "Text": "OUTLET",
                "OcrVersion": 10006
            }
        },
        {
            "ActorName": "TRAFFIC_SIGN 608",
            "ObjectId": 608,
            "BoundingBox3D Origin X": 61.40555535528256,
            "BoundingBox3D Origin Y": -3.8386308248445857,
            "BoundingBox3D Origin Z": 2.6452087135985494,
            "BoundingBox3D Extent X": 0.1,
            "BoundingBox3D Extent Y": 0.3973643084709372,
            "BoundingBox3D Extent Z": 0.4863847471929617,
            "BoundingBox3D Orientation Quat W": 0.0869662635267613,
            "BoundingBox3D Orientation Quat X": -0.0015627062367162,
            "BoundingBox3D Orientation Quat Y": 0.0149634878085537,
            "BoundingBox3D Orientation Quat Z": 0.9960976463128576,
            "ObjectType": "TRAFFIC_SIGN",
            "Occluded": {
                "F_MIDRANGECAM_C": 0.0916766971349716
            },
            "Truncated": 0,
            "ObjectMeta": {
                "SourceID": 608,
                "SubType": "us_yellow_ground_diamond_unknown",
                "Text": "11",
                "OcrVersion": 10006
            }
        },
        {
            "ActorName": "TRAFFIC_SIGN 609",
            "ObjectId": 609,
            "BoundingBox3D Origin X": 96.1196919435588,
            "BoundingBox3D Origin Y": -8.701761260366766,
            "BoundingBox3D Origin Z": 2.5279068555682898,
            "BoundingBox3D Extent X": 0.1,
            "BoundingBox3D Extent Y": 0.4327197226534073,
            "BoundingBox3D Extent Z": 0.5787043291211466,
            "BoundingBox3D Orientation Quat W": 0.2092101253265283,
            "BoundingBox3D Orientation Quat X": -0.0033951824112052,
            "BoundingBox3D Orientation Quat Y": 0.0146560583532194,
            "BoundingBox3D Orientation Quat Z": 0.9777549775638068,
            "ObjectType": "TRAFFIC_SIGN",
            "Occluded": {
                "F_MIDRANGECAM_C": 0.9996097683906556
            },
            "Truncated": 0,
            "ObjectMeta": {
                "SourceID": 609,
                "SubType": "unknown",
                "Text": "",
                "OcrVersion": 10006
            }
        },
        {
            "ActorName": "TRAFFIC_SIGN 610",
            "ObjectId": 610,
            "BoundingBox3D Origin X": 108.03853765589248,
            "BoundingBox3D Origin Y": 12.264605924254283,
            "BoundingBox3D Origin Z": 2.223393225111068,
            "BoundingBox3D Extent X": 0.1,
            "BoundingBox3D Extent Y": 0.5673764564289475,
            "BoundingBox3D Extent Z": 0.8397778011530023,
            "BoundingBox3D Orientation Quat W": -0.1691822907766659,
            "BoundingBox3D Orientation Quat X": 0.0022961473928059,
            "BoundingBox3D Orientation Quat Y": 0.0148706740987771,
            "BoundingBox3D Orientation Quat Z": 0.9854699098635928,
            "ObjectType": "TRAFFIC_SIGN",
            "Occluded": {
                "F_MIDRANGECAM_C": 0.999829649925232
            },
            "Truncated": 0,
            "ObjectMeta": {
                "SourceID": 610,
                "SubType": "us_yellow_ground_diamond_unknown",
                "Text": "",
                "OcrVersion": 10006
            }
        },
        {
            "ActorName": "TRAFFIC_SIGN 611",
            "ObjectId": 611,
            "BoundingBox3D Origin X": 117.68566270721703,
            "BoundingBox3D Origin Y": -2.7937111791106872,
            "BoundingBox3D Origin Z": 2.3204968571662903,
            "BoundingBox3D Extent X": 0.1,
            "BoundingBox3D Extent Y": 0.6647898721773063,
            "BoundingBox3D Extent Z": 0.4925958622564428,
            "BoundingBox3D Orientation Quat W": 0.0781644295777514,
            "BoundingBox3D Orientation Quat X": -0.0014259866787603,