{
    "CapturedObjects": [
        {
            "ActorName": "TRAFFIC_SIGN 609",
            "ObjectId": 609,
            "BoundingBox3D Origin X": 31.01233420400604,
            "BoundingBox3D Origin Y": -10.1312936822942,
            "BoundingBox3D Origin Z": 2.61837394349277,
            "BoundingBox3D Extent X": 0.1,
            "BoundingBox3D Extent Y": 0.4327197226534073,
            "BoundingBox3D Extent Z": 0.5787043291211466,
            "BoundingBox3D Orientation Quat W": 0.2147307208373205,
            "BoundingBox3D Orientation Quat X": -0.0023054826908689,
            "BoundingBox3D Orientation Quat Y": 0.0192661356770342,
            "BoundingBox3D Orientation Quat Z": 0.9764805263262144,
            "ObjectType": "TRAFFIC_SIGN",
            "Occluded": {
                "F_MIDRANGECAM_C": 0.0031833429820835
            },
            "Truncated": 0,
            "ObjectMeta": {
                "SourceID": 609,
                "SubType": "unknown",
                "Text": "",
                "OcrVersion": 10006
            }
        },
        {
            "ActorName": "TRAFFIC_SIGN 610",
            "ObjectId": 610,
            "BoundingBox3D Origin X": 43.167466503513424,
            "BoundingBox3D Origin Y": 10.694355192244984,
            "BoundingBox3D Origin Z": 2.0883415369316936,
            "BoundingBox3D Extent X": 0.1,
            "BoundingBox3D Extent Y": 0.5673764564289475,
            "BoundingBox3D Extent Z": 0.8397778011530023,
            "BoundingBox3D Orientation Quat W": -0.1635844801389586,
            "BoundingBox3D Orientation Quat X": 0.0050201476014817,
            "BoundingBox3D Orientation Quat Y": 0.0187455295023689,
            "BoundingBox3D Orientation Quat Z": 0.9863384414588136,
            "ObjectType": "TRAFFIC_SIGN",
            "Occluded": {
                "F_MIDRANGECAM_C": 0.7785273194313049
            },
            "Truncated": 0,
            "ObjectMeta": {
                "SourceID": 610,
                "SubType": "us_yellow_ground_diamond_unknown",
                "Text": "",
                "OcrVersion": 10006
            }
        },
        {
            "ActorName": "TRAFFIC_SIGN 611",
            "ObjectId": 611,
            "BoundingBox3D Origin X": 52.643006796392,
            "BoundingBox3D Origin Y": -4.471639711613534,
            "BoundingBox3D Origin Z": 2.27753025200218,
            "BoundingBox3D Extent X": 0.1,
            "BoundingBox3D Extent Y": 0.6647898721773063,
            "BoundingBox3D Extent Z": 0.4925958622564428,
            "BoundingBox3D Orientation Quat W": 0.0838049559621234,
            "BoundingBox3D Orientation Quat X": 0.0002629821907559,
            "BoundingBox3D Orientation Quat Y": 0.0194029209937414,
            "BoundingBox3D Orientation Quat Z": 0.9962932233300922,
            "ObjectType": "TRAFFIC_SIGN",
            "Occluded": {
                "F_MIDRANGECAM_C": 0.1996848732233047
            },
            "Truncated": 0,
            "ObjectMeta": {
                "SourceID": 611,
                "SubType": "unknown",
                "Text": "P",
                "OcrVersion": 10006
            }
        },
        {
            "ActorName": "TRAFFIC_SIGN 612",
            "ObjectId": 612,
            "BoundingBox3D Origin X": 89.18927143303517,
            "BoundingBox3D Origin Y": -3.98040371987736,
            "BoundingBox3D Origin Z": 4.897013989277184,
            "BoundingBox3D Extent X": 0.1,
            "BoundingBox3D Extent Y": 2.015689627696113,
            "BoundingBox3D Extent Z": 0.6071013615992222,
            "BoundingBox3D Orientation Quat W": 0.0451707052305826,
            "BoundingBox3D Orientation Quat X": 0.0010155865320077,
            "BoundingBox3D Orientation Quat Y": 0.0193786046150182,
            "BoundingBox3D Orientation Quat Z": 0.9987907917357584,
            "ObjectType": "TRAFFIC_SIGN",
            "Occluded": {
                "F_MIDRANGECAM_C": 0.4506252110004425
            },
            "Truncated": 0,
            "ObjectMeta": {
                "SourceID": 612,
                "SubType": "unknown",
                "Text": "",
                "OcrVersion": 10006
            }
        },
        {
            "ActorName": "TRAFFIC_SIGN 613",
            "ObjectId": 613,
            "BoundingBox3D Origin X": 94.74225196534826,
            "BoundingBox3D Origin Y": -4.3823050509090535,
            "BoundingBox3D Origin Z": 2.372665853239596,
            "BoundingBox3D Extent X": 0.1,
            "BoundingBox3D Extent Y": 0.821519601845871,
            "BoundingBox3D Extent Z": 1.04655705856691,
            "BoundingBox3D Orientation Quat W": 0.0460907550214554,
            "BoundingBox3D Orientation Quat X": 0.0010005581606053,
            "BoundingBox3D Orientation Quat Y": 0.0193794157411762,
            "BoundingBox3D Orientation Quat Z": 0.9987487569105908,
            "ObjectType": "TRAFFIC_SIGN",
            "Occluded": {
                "F_MIDRANGECAM_C": 2.1193091015447862e-05
            },
            "Truncated": 0,
            "ObjectMeta": {
                "SourceID": 613,
                "SubType": "unknown",
                "Text": "AHEAD",
                "OcrVersion": 10006
            }
        },
        {
            "ActorName": "TRAFFIC_SIGN 614",
            "ObjectId": 614,
            "BoundingBox3D Origin X": 75.93543686667908,
            "BoundingBox3D Origin Y": 15.404922256188,
            "BoundingBox3D Origin Z": 1.451671983115375,
            "BoundingBox3D Extent X": 0.1,
            "BoundingBox3D Extent Y": 0.7431382892211243,
            "BoundingBox3D Extent Z": 0.8068183363710659,
            "BoundingBox3D Orientation Quat W": -0.3936621080688661,
            "BoundingBox3D Orientation Quat X": 0.0093438288963672,
            "BoundingBox3D Orientation Quat Y": 0.0170127151333248,
            "BoundingBox3D Orientation Quat Z": 0.9190502734106138,
            "ObjectType": "TRAFFIC_SIGN",
            "Occluded": {
                "F_MIDRANGECAM_C": 0.9999648332595824
            },
            "Truncated": 0,
            "ObjectMeta": {
                "SourceID": 614,
                "SubType": "unknown",
                "Text": "",
                "OcrVersion": 10006
            }
        },
        {
            "ActorName": "TRAFFIC_SIGN 615",
            "ObjectId": 615,
            "BoundingBox3D Origin X": 83.8146808243946,
            "BoundingBox3D Origin Y": -11.34519240638474,
            "BoundingBox3D Origin Z": 2.545675694011152,
            "BoundingBox3D Extent X": 0.1,
            "BoundingBox3D Extent Y": 0.7208321150109754,
            "BoundingBox3D Extent Z": 0.6150844709069305,
            "BoundingBox3D Orientation Quat W": 0.16976462658865,
            "BoundingBox3D Orientation Quat X": -0.0014182832365716,
            "BoundingBox3D Orientation Quat Y": 0.0193526935093601,
            "BoundingBox3D Orientation Quat Z": 0.9852935772072252,
            "ObjectType": "TRAFFIC_SIGN",
            "Occluded": {
                "F_MIDRANGECAM_C": 0.0731391459703445
            },
            "Truncated": 0,
            "ObjectMeta": {
                "SourceID": 615,
                "SubType": "us_yellow_ground_diamond_unknown",
                "Text": "",
                "OcrVersion": 10006
            }
        },
        {
            "ActorName": "TRAFFIC_SIGN 616",
            "ObjectId": 616,
            "BoundingBox3D Origin X": 109.2432910160678,
            "BoundingBox3D Origin Y": -4.42572145484155,
            "BoundingBox3D Origin Z": 2.7893464798107743,
            "BoundingBox3D Extent X": 0.1,
            "BoundingBox3D Extent Y": 0.5572884027437033,
            "BoundingBox3D Extent Z": 0.5924573148805717,
            "BoundingBox3D Orientation Quat W": 0.0584100834169779,
            "BoundingBox3D Orientation Quat X": 0.0007604354150779,
            "BoundingBox3D Orientation Quat Y": 0.0193903787304968,