{
    "CapturedObjects": [
        {
            "ActorName": "TRAFFIC_SIGN 604",
            "ObjectId": 604,
            "BoundingBox3D Origin X": 2.5112964838481275,
            "BoundingBox3D Origin Y": 13.69973409222439,
            "BoundingBox3D Origin Z": 1.6574517749249935,
            "BoundingBox3D Extent X": 0.1,
            "BoundingBox3D Extent Y": 0.6542573677519435,
            "BoundingBox3D Extent Z": 0.6696639461456285,
            "BoundingBox3D Orientation Quat W": -0.4058339137557877,
            "BoundingBox3D Orientation Quat X": 0.0082756146022452,
            "BoundingBox3D Orientation Quat Y": 0.0107911469992898,
            "BoundingBox3D Orientation Quat Z": 0.9138456651946512,
            "ObjectType": "TRAFFIC_SIGN",
            "Occluded": {
                "F_CTCAM_L": 0.0
            },
            "Truncated": 0,
            "ObjectMeta": {
                "SourceID": 604,
                "SubType": "us_stop",
                "Text": "",
                "OcrVersion": 10006
            }
        },
        {
            "ActorName": "TRAFFIC_SIGN 605",
            "ObjectId": 605,
            "BoundingBox3D Origin X": 19.10973073068453,
            "BoundingBox3D Origin Y": -4.051665225008037,
            "BoundingBox3D Origin Z": 5.341167533770204,
            "BoundingBox3D Extent X": 0.1,
            "BoundingBox3D Extent Y": 1.675241656574072,
            "BoundingBox3D Extent Z": 0.7136703424772214,
            "BoundingBox3D Orientation Quat W": 0.0502803734654922,
            "BoundingBox3D Orientation Quat X": 0.0025118996963174,
            "BoundingBox3D Orientation Quat Y": 0.0133591441427627,
            "BoundingBox3D Orientation Quat Z": 0.9986426326128174,
            "ObjectType": "TRAFFIC_SIGN",
            "Occluded": {
                "F_MIDRANGECAM_C": 0.0005558374687097
            },
            "Truncated": 0,
            "ObjectMeta": {
                "SourceID": 605,
                "SubType": "unknown",
                "Text": "Bryson",
                "OcrVersion": 10006
            }
        },
        {
            "ActorName": "TRAFFIC_SIGN 606",
            "ObjectId": 606,
            "BoundingBox3D Origin X": 19.082701175160764,
            "BoundingBox3D Origin Y": 1.99782073678216,
            "BoundingBox3D Origin Z": 6.882225698791444,
            "BoundingBox3D Extent X": 0.1,
            "BoundingBox3D Extent Y": 0.6808865710446399,
            "BoundingBox3D Extent Z": 0.8102549796546726,
            "BoundingBox3D Orientation Quat W": -0.0184326723648468,
            "BoundingBox3D Orientation Quat X": 0.0034250763915644,
            "BoundingBox3D Orientation Quat Y": 0.0131554491502945,
            "BoundingBox3D Orientation Quat Z": 0.9997376853949524,
            "ObjectType": "TRAFFIC_SIGN",
            "Occluded": {
                "F_MIDRANGECAM_C": 0.1934314221143722
            },
            "Truncated": 0,
            "ObjectMeta": {
                "SourceID": 606,
                "SubType": "us_white_ground_rectangle_unknown",
                "Text": "",
                "OcrVersion": 10006
            }
        },
        {
            "ActorName": "TRAFFIC_SIGN 608",
            "ObjectId": 608,
            "BoundingBox3D Origin X": 33.67915331821132,
            "BoundingBox3D Origin Y": -4.124403414491098,
            "BoundingBox3D Origin Z": 2.4080780120566487,
            "BoundingBox3D Extent X": 0.1,
            "BoundingBox3D Extent Y": 0.3973643084709372,
            "BoundingBox3D Extent Z": 0.4863847471929617,
            "BoundingBox3D Orientation Quat W": 0.0910980877115125,
            "BoundingBox3D Orientation Quat X": 0.0019680144820837,
            "BoundingBox3D Orientation Quat Y": 0.0134505649921614,
            "BoundingBox3D Orientation Quat Z": 0.9957491389078352,
            "ObjectType": "TRAFFIC_SIGN",
            "Occluded": {
                "F_MIDRANGECAM_C": 0.0039112535305321
            },
            "Truncated": 0,
            "ObjectMeta": {
                "SourceID": 608,
                "SubType": "us_yellow_ground_diamond_unknown",
                "Text": "11",
                "OcrVersion": 10006
            }
        },
        {
            "ActorName": "TRAFFIC_SIGN 609",
            "ObjectId": 609,
            "BoundingBox3D Origin X": 68.34964172064065,
            "BoundingBox3D Origin Y": -9.27783489425201,
            "BoundingBox3D Origin Z": 2.041998534463346,
            "BoundingBox3D Extent X": 0.1,
            "BoundingBox3D Extent Y": 0.4327197226534073,
            "BoundingBox3D Extent Z": 0.5787043291211466,
            "BoundingBox3D Orientation Quat W": 0.2132670999023754,
            "BoundingBox3D Orientation Quat X": 0.0002953606679076,
            "BoundingBox3D Orientation Quat Y": 0.0135902222186192,
            "BoundingBox3D Orientation Quat Z": 0.9768993616137512,
            "ObjectType": "TRAFFIC_SIGN",
            "Occluded": {
                "F_MIDRANGECAM_C": 0.9994109869003296
            },
            "Truncated": 0,
            "ObjectMeta": {
                "SourceID": 609,
                "SubType": "unknown",
                "Text": "",
                "OcrVersion": 10006
            }
        },
        {
            "ActorName": "TRAFFIC_SIGN 610",
            "ObjectId": 610,
            "BoundingBox3D Origin X": 80.44201057862665,
            "BoundingBox3D Origin Y": 11.588817081530578,
            "BoundingBox3D Origin Z": 1.7336868438869717,
            "BoundingBox3D Extent X": 0.1,
            "BoundingBox3D Extent Y": 0.5673764564289475,
            "BoundingBox3D Extent Z": 0.8397778011530023,
            "BoundingBox3D Orientation Quat W": -0.16509703616452,
            "BoundingBox3D Orientation Quat X": 0.0053257860620287,
            "BoundingBox3D Orientation Quat Y": 0.012509811107961,
            "BoundingBox3D Orientation Quat Z": 0.9861836082994668,
            "ObjectType": "TRAFFIC_SIGN",
            "Occluded": {
                "F_MIDRANGECAM_C": 0.9995844960212708
            },
            "Truncated": 0,
            "ObjectMeta": {
                "SourceID": 610,
                "SubType": "us_yellow_ground_diamond_unknown",
                "Text": "",
                "OcrVersion": 10006
            }
        },
        {
            "ActorName": "TRAFFIC_SIGN 611",
            "ObjectId": 611,
            "BoundingBox3D Origin X": 89.96265657937329,
            "BoundingBox3D Origin Y": -3.5500386767089367,
            "BoundingBox3D Origin Z": 1.7122332323342562,
            "BoundingBox3D Extent X": 0.1,
            "BoundingBox3D Extent Y": 0.6647898721773063,
            "BoundingBox3D Extent Z": 0.4925958622564428,
            "BoundingBox3D Orientation Quat W": 0.082299183699977,
            "BoundingBox3D Orientation Quat X": 0.0020912245503849,
            "BoundingBox3D Orientation Quat Y": 0.0134331113873317,
            "BoundingBox3D Orientation Quat Z": 0.9965149385035093,
            "ObjectType": "TRAFFIC_SIGN",
            "Occluded": {
                "F_MIDRANGECAM_C": 0.9998142123222352
            },
            "Truncated": 0,
            "ObjectMeta": {
                "SourceID": 611,
                "SubType": "unknown",
                "Text": "P",
                "OcrVersion": 10006
            }
        },
        {
            "ActorName": "TRAFFIC_SIGN 612",
            "ObjectId": 612,
            "BoundingBox3D Origin X": 126.51446269159352,
            "BoundingBox3D Origin Y": -2.981946751708165,
            "BoundingBox3D Origin Z": 4.239424204453826,
            "BoundingBox3D Extent X": 0.1,
            "BoundingBox3D Extent Y": 2.015689627696113,
            "BoundingBox3D Extent Z": 0.6071013615992222,
            "BoundingBox3D Orientation Quat W": 0.0436576546988152,
            "BoundingBox3D Orientation Quat X": 0.002611414463144,
            "BoundingBox3D Orientation Quat Y": 0.013342525480563,