{
    "CapturedObjects": [
        {
            "ActorName": "TRAFFIC_SIGN 612",
            "ObjectId": 612,
            "BoundingBox3D Origin X": 0.6158837188777397,
            "BoundingBox3D Origin Y": -3.9570133433153374,
            "BoundingBox3D Origin Z": 5.255224567838013,
            "BoundingBox3D Extent X": 0.1,
            "BoundingBox3D Extent Y": 2.015689627696113,
            "BoundingBox3D Extent Z": 0.6071013615992222,
            "BoundingBox3D Orientation Quat W": 0.0469785073685651,
            "BoundingBox3D Orientation Quat X": 0.0034856265175565,
            "BoundingBox3D Orientation Quat Y": 0.0147538329022934,
            "BoundingBox3D Orientation Quat Z": 0.998780854175676,
            "ObjectType": "TRAFFIC_SIGN",
            "Occluded": {
                "F_CTCAM_L": 0.0
            },
            "Truncated": 0,
            "ObjectMeta": {
                "SourceID": 612,
                "SubType": "unknown",
                "Text": "",
                "OcrVersion": 10006
            }
        },
        {
            "ActorName": "TRAFFIC_SIGN 613",
            "ObjectId": 613,
            "BoundingBox3D Origin X": 6.156079416519788,
            "BoundingBox3D Origin Y": -4.355524236365454,
            "BoundingBox3D Origin Z": 2.702426347881556,
            "BoundingBox3D Extent X": 0.1,
            "BoundingBox3D Extent Y": 0.821519601845871,
            "BoundingBox3D Extent Z": 1.04655705856691,
            "BoundingBox3D Orientation Quat W": 0.0478985321244731,
            "BoundingBox3D Orientation Quat X": 0.0034748569909337,
            "BoundingBox3D Orientation Quat Y": 0.0147569164453552,
            "BoundingBox3D Orientation Quat Z": 0.9987371473046538,
            "ObjectType": "TRAFFIC_SIGN",
            "Occluded": {
                "F_MIDRANGECAM_C": 0.0005296518793329
            },
            "Truncated": 0,
            "ObjectMeta": {
                "SourceID": 613,
                "SubType": "unknown",
                "Text": "AHEAD",
                "OcrVersion": 10006
            }
        },
        {
            "ActorName": "TRAFFIC_SIGN 616",
            "ObjectId": 616,
            "BoundingBox3D Origin X": 20.65853454417084,
            "BoundingBox3D Origin Y": -4.45648320831242,
            "BoundingBox3D Origin Z": 3.0539509104564786,
            "BoundingBox3D Extent X": 0.1,
            "BoundingBox3D Extent Y": 0.5572884027437033,
            "BoundingBox3D Extent Z": 0.5924573148805717,
            "BoundingBox3D Orientation Quat W": 0.060217556726206,
            "BoundingBox3D Orientation Quat X": 0.0032915782674147,
            "BoundingBox3D Orientation Quat Y": 0.0147987662035351,
            "BoundingBox3D Orientation Quat Z": 0.998070141770251,
            "ObjectType": "TRAFFIC_SIGN",
            "Occluded": {
                "F_MIDRANGECAM_C": 2.8505796763056424e-06
            },
            "Truncated": 0,
            "ObjectMeta": {
                "SourceID": 616,
                "SubType": "unknown",
                "Text": "",
                "OcrVersion": 10006
            }
        },
        {
            "ActorName": "TRAFFIC_SIGN 618",
            "ObjectId": 618,
            "BoundingBox3D Origin X": 22.419621952896705,
            "BoundingBox3D Origin Y": -3.959759777149884,
            "BoundingBox3D Origin Z": 2.4374173507094383,
            "BoundingBox3D Extent X": 0.0999999999999999,
            "BoundingBox3D Extent Y": 0.3186681614729488,
            "BoundingBox3D Extent Z": 0.468749094353403,
            "BoundingBox3D Orientation Quat W": 0.2955910575753614,
            "BoundingBox3D Orientation Quat X": -0.0003172350837195,
            "BoundingBox3D Orientation Quat Y": 0.0151562235306492,
            "BoundingBox3D Orientation Quat Z": 0.955194281249459,
            "ObjectType": "TRAFFIC_SIGN",
            "Occluded": {
                "F_MIDRANGECAM_C": 0.0288238227367401
            },
            "Truncated": 0,
            "ObjectMeta": {
                "SourceID": 618,
                "SubType": "us_white_ground_rectangle_unknown",
                "Text": "",
                "OcrVersion": 10006
            }
        },
        {
            "ActorName": "TRAFFIC_SIGN 619",
            "ObjectId": 619,
            "BoundingBox3D Origin X": 51.762213475754834,
            "BoundingBox3D Origin Y": -4.091098298813449,
            "BoundingBox3D Origin Z": 2.765285006724298,
            "BoundingBox3D Extent X": 0.1,
            "BoundingBox3D Extent Y": 0.6539907426792017,
            "BoundingBox3D Extent Z": 1.2534023493860695,
            "BoundingBox3D Orientation Quat W": 0.0694609645434608,
            "BoundingBox3D Orientation Quat X": 0.0031562260244578,
            "BoundingBox3D Orientation Quat Y": 0.0148288349836327,
            "BoundingBox3D Orientation Quat Z": 0.9974694573243847,
            "ObjectType": "TRAFFIC_SIGN",
            "Occluded": {
                "F_MIDRANGECAM_C": 9.9919327567477e-07
            },
            "Truncated": 0,
            "ObjectMeta": {
                "SourceID": 619,
                "SubType": "us_speedlimit_20",
                "Text": "SCHOOL CED UMIT 20",
                "OcrVersion": 10006
            }
        },
        {
            "ActorName": "TRAFFIC_SIGN 620",
            "ObjectId": 620,
            "BoundingBox3D Origin X": 68.20053707096667,
            "BoundingBox3D Origin Y": -7.352762193389935,
            "BoundingBox3D Origin Z": 2.113750877790153,
            "BoundingBox3D Extent X": 0.0999999999999999,
            "BoundingBox3D Extent Y": 0.4680118431516936,
            "BoundingBox3D Extent Z": 0.6304466963182337,
            "BoundingBox3D Orientation Quat W": 0.3579525485613681,
            "BoundingBox3D Orientation Quat X": -0.0013144799572335,
            "BoundingBox3D Orientation Quat Y": 0.0151036479787376,
            "BoundingBox3D Orientation Quat Z": 0.9336166905848452,
            "ObjectType": "TRAFFIC_SIGN",
            "Occluded": {
                "F_MIDRANGECAM_C": 0.9936569333076476
            },
            "Truncated": 0,
            "ObjectMeta": {
                "SourceID": 620,
                "SubType": "us_white_ground_rectangle_unknown",
                "Text": "",
                "OcrVersion": 10006
            }
        },
        {
            "ActorName": "TRAFFIC_SIGN 621",
            "ObjectId": 621,
            "BoundingBox3D Origin X": 123.42409415536532,
            "BoundingBox3D Origin Y": 11.71148613173864,
            "BoundingBox3D Origin Z": 0.9268587855622172,
            "BoundingBox3D Extent X": 0.1,
            "BoundingBox3D Extent Y": 0.7125868482925369,
            "BoundingBox3D Extent Z": 0.551406407640237,
            "BoundingBox3D Orientation Quat W": -0.3461413177081184,
            "BoundingBox3D Orientation Quat X": 0.008978802133629,
            "BoundingBox3D Orientation Quat Y": 0.0122286985319068,
            "BoundingBox3D Orientation Quat Z": 0.938059714634281,
            "ObjectType": "TRAFFIC_SIGN",
            "Occluded": {
                "F_MIDRANGECAM_C": 0.9909690022468568
            },
            "Truncated": 0,
            "ObjectMeta": {
                "SourceID": 621,
                "SubType": "unknown",
                "Text": "",
                "OcrVersion": 10006
            }
        },
        {
            "ActorName": "TRAFFIC_SIGN 622",
            "ObjectId": 622,
            "BoundingBox3D Origin X": 123.53897908410728,
            "BoundingBox3D Origin Y": 11.699490382859947,
            "BoundingBox3D Origin Z": 1.6304963743314147,
            "BoundingBox3D Extent X": 0.1,
            "BoundingBox3D Extent Y": 0.7699283456301522,
            "BoundingBox3D Extent Z": 0.7326051227842014,
            "BoundingBox3D Orientation Quat W": -0.4231664095735504,
            "BoundingBox3D Orientation Quat X": 0.0099506092817722,