{
    "CapturedObjects": [
        {
            "ActorName": "TRAFFIC_SIGN 611",
            "ObjectId": 611,
            "BoundingBox3D Origin X": 6.751103671537749,
            "BoundingBox3D Origin Y": -4.478958750289166,
            "BoundingBox3D Origin Z": 2.452041812241077,
            "BoundingBox3D Extent X": 0.1,
            "BoundingBox3D Extent Y": 0.6647898721773063,
            "BoundingBox3D Extent Z": 0.4925958622564428,
            "BoundingBox3D Orientation Quat W": 0.0798534076406499,
            "BoundingBox3D Orientation Quat X": -0.0015605064585841,
            "BoundingBox3D Orientation Quat Y": 0.0135781960414996,
            "BoundingBox3D Orientation Quat Z": 0.9967129128791437,
            "ObjectType": "TRAFFIC_SIGN",
            "Occluded": {
                "F_MIDRANGECAM_C": 9.532460535410792e-05
            },
            "Truncated": 0,
            "ObjectMeta": {
                "SourceID": 611,
                "SubType": "unknown",
                "Text": "P",
                "OcrVersion": 10006
            }
        },
        {
            "ActorName": "TRAFFIC_SIGN 612",
            "ObjectId": 612,
            "BoundingBox3D Origin X": 43.28035868942243,
            "BoundingBox3D Origin Y": -3.725570409995271,
            "BoundingBox3D Origin Z": 5.2416560258716345,
            "BoundingBox3D Extent X": 0.1,
            "BoundingBox3D Extent Y": 2.015689627696113,
            "BoundingBox3D Extent Z": 0.6071013615992222,
            "BoundingBox3D Orientation Quat W": 0.0412057334117295,
            "BoundingBox3D Orientation Quat X": -0.0010320237105706,
            "BoundingBox3D Orientation Quat Y": 0.0136285696104756,
            "BoundingBox3D Orientation Quat Z": 0.9990571978377588,
            "ObjectType": "TRAFFIC_SIGN",
            "Occluded": {
                "F_MIDRANGECAM_C": 0.0022888863459229
            },
            "Truncated": 0,
            "ObjectMeta": {
                "SourceID": 612,
                "SubType": "unknown",
                "Text": "",
                "OcrVersion": 10006
            }
        },
        {
            "ActorName": "TRAFFIC_SIGN 613",
            "ObjectId": 613,
            "BoundingBox3D Origin X": 48.84745276691319,
            "BoundingBox3D Origin Y": -4.054461286315927,
            "BoundingBox3D Origin Z": 2.7379926424473524,
            "BoundingBox3D Extent X": 0.1,
            "BoundingBox3D Extent Y": 0.821519601845871,
            "BoundingBox3D Extent Z": 1.04655705856691,
            "BoundingBox3D Orientation Quat W": 0.0421260167712605,
            "BoundingBox3D Orientation Quat X": -0.0010417548926577,
            "BoundingBox3D Orientation Quat Y": 0.013627514881244,
            "BoundingBox3D Orientation Quat Z": 0.9990188207916272,
            "ObjectType": "TRAFFIC_SIGN",
            "Occluded": {
                "F_MIDRANGECAM_C": 1.1757149032121106e-08
            },
            "Truncated": 0,
            "ObjectMeta": {
                "SourceID": 613,
                "SubType": "unknown",
                "Text": "AHEAD",
                "OcrVersion": 10006
            }
        },
        {
            "ActorName": "TRAFFIC_SIGN 614",
            "ObjectId": 614,
            "BoundingBox3D Origin X": 29.8865631599856,
            "BoundingBox3D Origin Y": 15.59113505744608,
            "BoundingBox3D Origin Z": 1.9558333484455943,
            "BoundingBox3D Extent X": 0.1,
            "BoundingBox3D Extent Y": 0.7431382892211243,
            "BoundingBox3D Extent Z": 0.8068183363710659,
            "BoundingBox3D Orientation Quat W": -0.3973475363562229,
            "BoundingBox3D Orientation Quat X": 0.0050010096798185,
            "BoundingBox3D Orientation Quat Y": 0.0127229062017718,
            "BoundingBox3D Orientation Quat Z": 0.917566375207594,
            "ObjectType": "TRAFFIC_SIGN",
            "Occluded": {
                "F_MIDRANGECAM_C": 0.9795535802841188
            },
            "Truncated": 0,
            "ObjectMeta": {
                "SourceID": 614,
                "SubType": "unknown",
                "Text": "",
                "OcrVersion": 10006
            }
        },
        {
            "ActorName": "TRAFFIC_SIGN 615",
            "ObjectId": 615,
            "BoundingBox3D Origin X": 37.97549731159325,
            "BoundingBox3D Origin Y": -11.105934463674204,
            "BoundingBox3D Origin Z": 2.783052268438041,
            "BoundingBox3D Extent X": 0.1,
            "BoundingBox3D Extent Y": 0.7208321150109754,
            "BoundingBox3D Extent Z": 0.6150844709069305,
            "BoundingBox3D Orientation Quat W": 0.1658646504791989,
            "BoundingBox3D Orientation Quat X": -0.0027304872658722,
            "BoundingBox3D Orientation Quat Y": 0.0133925647736251,
            "BoundingBox3D Orientation Quat Z": 0.9860538024719988,
            "ObjectType": "TRAFFIC_SIGN",
            "Occluded": {
                "F_MIDRANGECAM_C": 0.0191414337605237
            },
            "Truncated": 0,
            "ObjectMeta": {
                "SourceID": 615,
                "SubType": "us_yellow_ground_diamond_unknown",
                "Text": "",
                "OcrVersion": 10006
            }
        },
        {
            "ActorName": "TRAFFIC_SIGN 616",
            "ObjectId": 616,
            "BoundingBox3D Origin X": 63.346399249582646,
            "BoundingBox3D Origin Y": -3.9867769612465054,
            "BoundingBox3D Origin Z": 3.21953247115016,
            "BoundingBox3D Extent X": 0.1,
            "BoundingBox3D Extent Y": 0.5572884027437033,
            "BoundingBox3D Extent Z": 0.5924573148805717,
            "BoundingBox3D Orientation Quat W": 0.0544490226756764,
            "BoundingBox3D Orientation Quat X": -0.0012107648559791,
            "BoundingBox3D Orientation Quat Y": 0.0136138020309987,
            "BoundingBox3D Orientation Quat Z": 0.99842300773389,
            "ObjectType": "TRAFFIC_SIGN",
            "Occluded": {
                "F_MIDRANGECAM_C": 0.1336305141448974
            },
            "Truncated": 0,
            "ObjectMeta": {
                "SourceID": 616,
                "SubType": "unknown",
                "Text": "",
                "OcrVersion": 10006
            }
        },
        {
            "ActorName": "TRAFFIC_SIGN 617",
            "ObjectId": 617,
            "BoundingBox3D Origin X": 42.74673627005632,
            "BoundingBox3D Origin Y": -4.399939590191934,
            "BoundingBox3D Origin Z": 3.1353627694770694,
            "BoundingBox3D Extent X": 0.0999999999999999,
            "BoundingBox3D Extent Y": 0.7647942581555,
            "BoundingBox3D Extent Z": 0.185378029919662,
            "BoundingBox3D Orientation Quat W": 0.1788518410010396,
            "BoundingBox3D Orientation Quat X": -0.0029046407621441,
            "BoundingBox3D Orientation Quat Y": 0.0133557304651195,
            "BoundingBox3D Orientation Quat Z": 0.9837810765085516,
            "ObjectType": "TRAFFIC_SIGN",
            "Occluded": {
                "F_MIDRANGECAM_C": 0.7986435294151306
            },
            "Truncated": 0,
            "ObjectMeta": {
                "SourceID": 617,
                "SubType": "us_white_ground_rectangle_unknown",
                "Text": "",
                "OcrVersion": 10006
            }
        },
        {
            "ActorName": "TRAFFIC_SIGN 618",
            "ObjectId": 618,
            "BoundingBox3D Origin X": 65.10700929310315,
            "BoundingBox3D Origin Y": -3.46833832806442,
            "BoundingBox3D Origin Z": 2.619741179049015,
            "BoundingBox3D Extent X": 0.0999999999999999,
            "BoundingBox3D Extent Y": 0.3186681614729488,
            "BoundingBox3D Extent Z": 0.468749094353403,
            "BoundingBox3D Orientation Quat W": 0.2900731048466777,
            "BoundingBox3D Orientation Quat X": -0.0044089569306373,