{
    "CapturedObjects": [
        {
            "ActorName": "TRAFFIC_SIGN 604",
            "ObjectId": 604,
            "BoundingBox3D Origin X": 8.24034093211958,
            "BoundingBox3D Origin Y": 13.833140333212214,
            "BoundingBox3D Origin Z": 1.5708976332098246,
            "BoundingBox3D Extent X": 0.1,
            "BoundingBox3D Extent Y": 0.6542573677519435,
            "BoundingBox3D Extent Z": 0.6696639461456285,
            "BoundingBox3D Orientation Quat W": -0.4147159040506449,
            "BoundingBox3D Orientation Quat X": 0.0075230225200453,
            "BoundingBox3D Orientation Quat Y": 0.0145645452236294,
            "BoundingBox3D Orientation Quat Z": 0.9098032738356396,
            "ObjectType": "TRAFFIC_SIGN",
            "Occluded": {
                "F_CTCAM_L": 0.0
            },
            "Truncated": 0,
            "ObjectMeta": {
                "SourceID": 604,
                "SubType": "us_stop",
                "Text": "",
                "OcrVersion": 10006
            }
        },
        {
            "ActorName": "TRAFFIC_SIGN 605",
            "ObjectId": 605,
            "BoundingBox3D Origin X": 25.16729694144305,
            "BoundingBox3D Origin Y": -3.5662555573217105,
            "BoundingBox3D Origin Z": 5.434277814812958,
            "BoundingBox3D Extent X": 0.1,
            "BoundingBox3D Extent Y": 1.675241656574072,
            "BoundingBox3D Extent Z": 0.7136703424772214,
            "BoundingBox3D Orientation Quat W": 0.0405305047227985,
            "BoundingBox3D Orientation Quat X": 0.000135859940922,
            "BoundingBox3D Orientation Quat Y": 0.0163856359379136,
            "BoundingBox3D Orientation Quat Z": 0.9990439282953986,
            "ObjectType": "TRAFFIC_SIGN",
            "Occluded": {
                "F_MIDRANGECAM_C": 0.0103212771937251
            },
            "Truncated": 0,
            "ObjectMeta": {
                "SourceID": 605,
                "SubType": "unknown",
                "Text": "Bryson",
                "OcrVersion": 10006
            }
        },
        {
            "ActorName": "TRAFFIC_SIGN 606",
            "ObjectId": 606,
            "BoundingBox3D Origin X": 25.01529052387741,
            "BoundingBox3D Origin Y": 2.490923325443873,
            "BoundingBox3D Origin Z": 6.937224154360592,
            "BoundingBox3D Extent X": 0.1,
            "BoundingBox3D Extent Y": 0.6808865710446399,
            "BoundingBox3D Extent Z": 0.8102549796546726,
            "BoundingBox3D Orientation Quat W": -0.0281871157581232,
            "BoundingBox3D Orientation Quat X": 0.0012628324112962,
            "BoundingBox3D Orientation Quat Y": 0.0163379345250027,
            "BoundingBox3D Orientation Quat Z": 0.9994683404965838,
            "ObjectType": "TRAFFIC_SIGN",
            "Occluded": {
                "F_MIDRANGECAM_C": 7.474559242837131e-05
            },
            "Truncated": 0,
            "ObjectMeta": {
                "SourceID": 606,
                "SubType": "us_white_ground_rectangle_unknown",
                "Text": "",
                "OcrVersion": 10006
            }
        },
        {
            "ActorName": "TRAFFIC_SIGN 607",
            "ObjectId": 607,
            "BoundingBox3D Origin X": 5.557597795826951,
            "BoundingBox3D Origin Y": -10.6364036044979,
            "BoundingBox3D Origin Z": 2.8098027668893337,
            "BoundingBox3D Extent X": 0.1,
            "BoundingBox3D Extent Y": 0.6534787456868417,
            "BoundingBox3D Extent Z": 0.6851783530544237,
            "BoundingBox3D Orientation Quat W": 0.3650181914510012,
            "BoundingBox3D Orientation Quat X": -0.0052310116841964,
            "BoundingBox3D Orientation Quat Y": 0.015528790695713,
            "BoundingBox3D Orientation Quat Z": 0.9308561720728552,
            "ObjectType": "TRAFFIC_SIGN",
            "Occluded": {
                "F_CTCAM_L": 0.0
            },
            "Truncated": 0,
            "ObjectMeta": {
                "SourceID": 607,
                "SubType": "us_yellow_ground_diamond_unknown",
                "Text": "OUTLET",
                "OcrVersion": 10006
            }
        },
        {
            "ActorName": "TRAFFIC_SIGN 608",
            "ObjectId": 608,
            "BoundingBox3D Origin X": 39.74759201228699,
            "BoundingBox3D Origin Y": -3.371489733195631,
            "BoundingBox3D Origin Z": 2.5617920579388738,
            "BoundingBox3D Extent X": 0.1,
            "BoundingBox3D Extent Y": 0.3973643084709372,
            "BoundingBox3D Extent Z": 0.4863847471929617,
            "BoundingBox3D Orientation Quat W": 0.0813728317384309,
            "BoundingBox3D Orientation Quat X": -0.0005300402864293,
            "BoundingBox3D Orientation Quat Y": 0.0163774188871634,
            "BoundingBox3D Orientation Quat Z": 0.9965490261210224,
            "ObjectType": "TRAFFIC_SIGN",
            "Occluded": {
                "F_MIDRANGECAM_C": 0.0002775613975245
            },
            "Truncated": 0,
            "ObjectMeta": {
                "SourceID": 608,
                "SubType": "us_yellow_ground_diamond_unknown",
                "Text": "11",
                "OcrVersion": 10006
            }
        },
        {
            "ActorName": "TRAFFIC_SIGN 609",
            "ObjectId": 609,
            "BoundingBox3D Origin X": 74.51340812826311,
            "BoundingBox3D Origin Y": -7.846384576347191,
            "BoundingBox3D Origin Z": 2.3709640949964523,
            "BoundingBox3D Extent X": 0.1,
            "BoundingBox3D Extent Y": 0.4327197226534073,
            "BoundingBox3D Extent Z": 0.5787043291211466,
            "BoundingBox3D Orientation Quat W": 0.2037148542653781,
            "BoundingBox3D Orientation Quat X": -0.0025452197044493,
            "BoundingBox3D Orientation Quat Y": 0.0161867963828016,
            "BoundingBox3D Orientation Quat Z": 0.9788931339176676,
            "ObjectType": "TRAFFIC_SIGN",
            "Occluded": {
                "F_MIDRANGECAM_C": 0.9998400211334229
            },
            "Truncated": 0,
            "ObjectMeta": {
                "SourceID": 609,
                "SubType": "unknown",
                "Text": "",
                "OcrVersion": 10006
            }
        },
        {
            "ActorName": "TRAFFIC_SIGN 610",
            "ObjectId": 610,
            "BoundingBox3D Origin X": 86.19604442320815,
            "BoundingBox3D Origin Y": 13.250921879982345,
            "BoundingBox3D Origin Z": 1.9815991595387457,
            "BoundingBox3D Extent X": 0.1,
            "BoundingBox3D Extent Y": 0.5673764564289475,
            "BoundingBox3D Extent Z": 0.8397778011530023,
            "BoundingBox3D Orientation Quat W": -0.174706220305177,
            "BoundingBox3D Orientation Quat X": 0.0036551835367302,
            "BoundingBox3D Orientation Quat Y": 0.0159754846765863,
            "BoundingBox3D Orientation Quat Z": 0.9844842101879238,
            "ObjectType": "TRAFFIC_SIGN",
            "Occluded": {
                "F_MIDRANGECAM_C": 0.9984618425369264
            },
            "Truncated": 0,
            "ObjectMeta": {
                "SourceID": 610,
                "SubType": "us_yellow_ground_diamond_unknown",
                "Text": "",
                "OcrVersion": 10006
            }
        },
        {
            "ActorName": "TRAFFIC_SIGN 611",
            "ObjectId": 611,
            "BoundingBox3D Origin X": 96.01123326747074,
            "BoundingBox3D Origin Y": -1.6981560687418096,
            "BoundingBox3D Origin Z": 2.094363521784544,
            "BoundingBox3D Extent X": 0.1,
            "BoundingBox3D Extent Y": 0.6647898721773063,
            "BoundingBox3D Extent Z": 0.4925958622564428,
            "BoundingBox3D Orientation Quat W": 0.0725672544319626,
            "BoundingBox3D Orientation Quat X": -0.000380847939988,