{
    "CapturedObjects": [
        {
            "ActorName": "TRAFFIC_SIGN 610",
            "ObjectId": 610,
            "BoundingBox3D Origin X": 1.212306598486066,
            "BoundingBox3D Origin Y": 10.630082622345071,
            "BoundingBox3D Origin Z": 2.433869613334537,
            "BoundingBox3D Extent X": 0.1,
            "BoundingBox3D Extent Y": 0.5673764564289475,
            "BoundingBox3D Extent Z": 0.8397778011530023,
            "BoundingBox3D Orientation Quat W": -0.1657148479807716,
            "BoundingBox3D Orientation Quat X": 0.0022913566906367,
            "BoundingBox3D Orientation Quat Y": 0.0112102130888273,
            "BoundingBox3D Orientation Quat Z": 0.9861073318689648,
            "ObjectType": "TRAFFIC_SIGN",
            "Occluded": {
                "F_CTCAM_L": 0.0
            },
            "Truncated": 0,
            "ObjectMeta": {
                "SourceID": 610,
                "SubType": "us_yellow_ground_diamond_unknown",
                "Text": "",
                "OcrVersion": 10006
            }
        },
        {
            "ActorName": "TRAFFIC_SIGN 611",
            "ObjectId": 611,
            "BoundingBox3D Origin X": 10.752742040664089,
            "BoundingBox3D Origin Y": -4.496296395664103,
            "BoundingBox3D Origin Z": 2.411218174733221,
            "BoundingBox3D Extent X": 0.1,
            "BoundingBox3D Extent Y": 0.6647898721773063,
            "BoundingBox3D Extent Z": 0.4925958622564428,
            "BoundingBox3D Orientation Quat W": 0.0816834262946005,
            "BoundingBox3D Orientation Quat X": -0.0005308840671562,
            "BoundingBox3D Orientation Quat Y": 0.0114283836314498,
            "BoundingBox3D Orientation Quat Z": 0.9965926590530628,
            "ObjectType": "TRAFFIC_SIGN",
            "Occluded": {
                "F_MIDRANGECAM_C": 0.0001183373315143
            },
            "Truncated": 0,
            "ObjectMeta": {
                "SourceID": 611,
                "SubType": "unknown",
                "Text": "P",
                "OcrVersion": 10006
            }
        },
        {
            "ActorName": "TRAFFIC_SIGN 612",
            "ObjectId": 612,
            "BoundingBox3D Origin X": 47.28899232357708,
            "BoundingBox3D Origin Y": -3.88995628329576,
            "BoundingBox3D Origin Z": 5.143050200305879,
            "BoundingBox3D Extent X": 0.1,
            "BoundingBox3D Extent Y": 2.015689627696113,
            "BoundingBox3D Extent Z": 0.6071013615992222,
            "BoundingBox3D Orientation Quat W": 0.0430390550704456,
            "BoundingBox3D Orientation Quat X": -8.637888016619667e-05,
            "BoundingBox3D Orientation Quat Y": 0.0114407150611636,
            "BoundingBox3D Orientation Quat Z": 0.9990078790060768,
            "ObjectType": "TRAFFIC_SIGN",
            "Occluded": {
                "F_MIDRANGECAM_C": 0.0060608419589698
            },
            "Truncated": 0,
            "ObjectMeta": {
                "SourceID": 612,
                "SubType": "unknown",
                "Text": "",
                "OcrVersion": 10006
            }
        },
        {
            "ActorName": "TRAFFIC_SIGN 613",
            "ObjectId": 613,
            "BoundingBox3D Origin X": 52.85069603053853,
            "BoundingBox3D Origin Y": -4.22820295454585,
            "BoundingBox3D Origin Z": 2.628636153414845,
            "BoundingBox3D Extent X": 0.1,
            "BoundingBox3D Extent Y": 0.821519601845871,
            "BoundingBox3D Extent Z": 1.04655705856691,
            "BoundingBox3D Orientation Quat W": 0.0439592856517579,
            "BoundingBox3D Orientation Quat X": -9.409545551612168e-05,
            "BoundingBox3D Orientation Quat Y": 0.0114405220893093,
            "BoundingBox3D Orientation Quat Z": 0.998967810695298,
            "ObjectType": "TRAFFIC_SIGN",
            "Occluded": {
                "F_MIDRANGECAM_C": 2.2423623704526108e-06
            },
            "Truncated": 0,
            "ObjectMeta": {
                "SourceID": 613,
                "SubType": "unknown",
                "Text": "AHEAD",
                "OcrVersion": 10006
            }
        },
        {
            "ActorName": "TRAFFIC_SIGN 614",
            "ObjectId": 614,
            "BoundingBox3D Origin X": 33.961197385676314,
            "BoundingBox3D Origin Y": 15.490378735674312,
            "BoundingBox3D Origin Z": 1.965614884160459,
            "BoundingBox3D Extent X": 0.1,
            "BoundingBox3D Extent Y": 0.7431382892211243,
            "BoundingBox3D Extent Z": 0.8068183363710659,
            "BoundingBox3D Orientation Quat W": -0.3956758127454382,
            "BoundingBox3D Orientation Quat X": 0.0049002914026484,
            "BoundingBox3D Orientation Quat Y": 0.0103434853916921,
            "BoundingBox3D Orientation Quat Z": 0.9183189264424192,
            "ObjectType": "TRAFFIC_SIGN",
            "Occluded": {
                "F_MIDRANGECAM_C": 0.5161425471305847
            },
            "Truncated": 0,
            "ObjectMeta": {
                "SourceID": 614,
                "SubType": "unknown",
                "Text": "",
                "OcrVersion": 10006
            }
        },
        {
            "ActorName": "TRAFFIC_SIGN 615",
            "ObjectId": 615,
            "BoundingBox3D Origin X": 41.952909455991175,
            "BoundingBox3D Origin Y": -11.239682172657922,
            "BoundingBox3D Origin Z": 2.660506657324732,
            "BoundingBox3D Extent X": 0.1,
            "BoundingBox3D Extent Y": 0.7208321150109754,
            "BoundingBox3D Extent Z": 0.6150844709069305,
            "BoundingBox3D Orientation Quat W": 0.1676772797929705,
            "BoundingBox3D Orientation Quat X": -0.0015186787991859,
            "BoundingBox3D Orientation Quat Y": 0.0113395292492771,
            "BoundingBox3D Orientation Quat Z": 0.9857755518029144,
            "ObjectType": "TRAFFIC_SIGN",
            "Occluded": {
                "F_MIDRANGECAM_C": 0.9953574538230896
            },
            "Truncated": 0,
            "ObjectMeta": {
                "SourceID": 615,
                "SubType": "us_yellow_ground_diamond_unknown",
                "Text": "",
                "OcrVersion": 10006
            }
        },
        {
            "ActorName": "TRAFFIC_SIGN 616",
            "ObjectId": 616,
            "BoundingBox3D Origin X": 67.35053587852053,
            "BoundingBox3D Origin Y": -4.2160925648058765,
            "BoundingBox3D Origin Z": 3.0862184381112456,
            "BoundingBox3D Extent X": 0.1,
            "BoundingBox3D Extent Y": 0.5572884027437033,
            "BoundingBox3D Extent Z": 0.5924573148805717,
            "BoundingBox3D Orientation Quat W": 0.0562815187432424,
            "BoundingBox3D Orientation Quat X": -0.0002361969580741,
            "BoundingBox3D Orientation Quat Y": 0.0114386023356658,
            "BoundingBox3D Orientation Quat Z": 0.9983493843517696,
            "ObjectType": "TRAFFIC_SIGN",
            "Occluded": {
                "F_MIDRANGECAM_C": 0.4213002026081085
            },
            "Truncated": 0,
            "ObjectMeta": {
                "SourceID": 616,
                "SubType": "unknown",
                "Text": "",
                "OcrVersion": 10006
            }
        },
        {
            "ActorName": "TRAFFIC_SIGN 617",
            "ObjectId": 617,
            "BoundingBox3D Origin X": 46.74942133283184,
            "BoundingBox3D Origin Y": -4.552964097354561,
            "BoundingBox3D Origin Z": 3.03467033803463,
            "BoundingBox3D Extent X": 0.0999999999999999,
            "BoundingBox3D Extent Y": 0.7647942581555,
            "BoundingBox3D Extent Z": 0.185378029919662,
            "BoundingBox3D Orientation Quat W": 0.1806606177866424,
            "BoundingBox3D Orientation Quat X": -0.0016658965291326,
            "BoundingBox3D Orientation Quat Y": 0.0113187818018396,