{
    "CapturedObjects": [
        {
            "ActorName": "TRAFFIC_SIGN 604",
            "ObjectId": 604,
            "BoundingBox3D Origin X": 20.30385980700157,
            "BoundingBox3D Origin Y": 13.789048589736922,
            "BoundingBox3D Origin Z": 1.5833744602277875,
            "BoundingBox3D Extent X": 0.1,
            "BoundingBox3D Extent Y": 0.6542573677519435,
            "BoundingBox3D Extent Z": 0.6696639461456285,
            "BoundingBox3D Orientation Quat W": -0.4121919452326545,
            "BoundingBox3D Orientation Quat X": 0.0070943775728733,
            "BoundingBox3D Orientation Quat Y": 0.0133421677308984,
            "BoundingBox3D Orientation Quat Z": 0.9109717101273862,
            "ObjectType": "TRAFFIC_SIGN",
            "Occluded": {
                "F_MIDRANGECAM_C": 0.0010286880424246
            },
            "Truncated": 0,
            "ObjectMeta": {
                "SourceID": 604,
                "SubType": "us_stop",
                "Text": "",
                "OcrVersion": 10006
            }
        },
        {
            "ActorName": "TRAFFIC_SIGN 605",
            "ObjectId": 605,
            "BoundingBox3D Origin X": 37.13413559174842,
            "BoundingBox3D Origin Y": -3.7143709754454894,
            "BoundingBox3D Origin Z": 5.399308591149747,
            "BoundingBox3D Extent X": 0.1,
            "BoundingBox3D Extent Y": 1.675241656574072,
            "BoundingBox3D Extent Z": 0.7136703424772214,
            "BoundingBox3D Orientation Quat W": 0.0433109192791355,
            "BoundingBox3D Orientation Quat X": 0.0003056516141912,
            "BoundingBox3D Orientation Quat Y": 0.0151020281946653,
            "BoundingBox3D Orientation Quat Z": 0.9989474458612398,
            "ObjectType": "TRAFFIC_SIGN",
            "Occluded": {
                "F_MIDRANGECAM_C": 0.0018532588146626
            },
            "Truncated": 0,
            "ObjectMeta": {
                "SourceID": 605,
                "SubType": "unknown",
                "Text": "Bryson",
                "OcrVersion": 10006
            }
        },
        {
            "ActorName": "TRAFFIC_SIGN 606",
            "ObjectId": 606,
            "BoundingBox3D Origin X": 37.01609379664114,
            "BoundingBox3D Origin Y": 2.339720076124649,
            "BoundingBox3D Origin Z": 6.917885792441666,
            "BoundingBox3D Extent X": 0.1,
            "BoundingBox3D Extent Y": 0.6808865710446399,
            "BoundingBox3D Extent Z": 0.8102549796546726,
            "BoundingBox3D Orientation Quat W": -0.0254071200179059,
            "BoundingBox3D Orientation Quat X": 0.0013439084324809,
            "BoundingBox3D Orientation Quat Y": 0.0150457041896199,
            "BoundingBox3D Orientation Quat Z": 0.999563054013082,
            "ObjectType": "TRAFFIC_SIGN",
            "Occluded": {
                "F_MIDRANGECAM_C": 0.0006453385576605
            },
            "Truncated": 0,
            "ObjectMeta": {
                "SourceID": 606,
                "SubType": "us_white_ground_rectangle_unknown",
                "Text": "",
                "OcrVersion": 10006
            }
        },
        {
            "ActorName": "TRAFFIC_SIGN 607",
            "ObjectId": 607,
            "BoundingBox3D Origin X": 17.484952673707085,
            "BoundingBox3D Origin Y": -10.668489936419064,
            "BoundingBox3D Origin Z": 2.7595861926674843,
            "BoundingBox3D Extent X": 0.1,
            "BoundingBox3D Extent Y": 0.6534787456868417,
            "BoundingBox3D Extent Z": 0.6851783530544237,
            "BoundingBox3D Orientation Quat W": 0.3676164018136115,
            "BoundingBox3D Orientation Quat X": -0.0046501966569999,
            "BoundingBox3D Orientation Quat Y": 0.0143709496426729,
            "BoundingBox3D Orientation Quat Z": 0.9298548449059304,
            "ObjectType": "TRAFFIC_SIGN",
            "Occluded": {
                "F_MIDRANGECAM_C": 0.0045340973883867
            },
            "Truncated": 0,
            "ObjectMeta": {
                "SourceID": 607,
                "SubType": "us_yellow_ground_diamond_unknown",
                "Text": "OUTLET",
                "OcrVersion": 10006
            }
        },
        {
            "ActorName": "TRAFFIC_SIGN 608",
            "ObjectId": 608,
            "BoundingBox3D Origin X": 51.71491772954323,
            "BoundingBox3D Origin Y": -3.5933993901417125,
            "BoundingBox3D Origin Z": 2.5251388382166624,
            "BoundingBox3D Extent X": 0.1,
            "BoundingBox3D Extent Y": 0.3973643084709372,
            "BoundingBox3D Extent Z": 0.4863847471929617,
            "BoundingBox3D Orientation Quat W": 0.0841472771864366,
            "BoundingBox3D Orientation Quat X": -0.0003077855198008,
            "BoundingBox3D Orientation Quat Y": 0.0151018016660305,
            "BoundingBox3D Orientation Quat Z": 0.9963388362382664,
            "ObjectType": "TRAFFIC_SIGN",
            "Occluded": {
                "F_MIDRANGECAM_C": 0.0576339736580848
            },
            "Truncated": 0,
            "ObjectMeta": {
                "SourceID": 608,
                "SubType": "us_yellow_ground_diamond_unknown",
                "Text": "11",
                "OcrVersion": 10006
            }
        },
        {
            "ActorName": "TRAFFIC_SIGN 609",
            "ObjectId": 609,
            "BoundingBox3D Origin X": 86.45527727848093,
            "BoundingBox3D Origin Y": -8.261347839637892,
            "BoundingBox3D Origin Z": 2.317517440766096,
            "BoundingBox3D Extent X": 0.1,
            "BoundingBox3D Extent Y": 0.4327197226534073,
            "BoundingBox3D Extent Z": 0.5787043291211466,
            "BoundingBox3D Orientation Quat W": 0.2064431263713505,
            "BoundingBox3D Orientation Quat X": -0.0021670250515449,
            "BoundingBox3D Orientation Quat Y": 0.0149482348785888,
            "BoundingBox3D Orientation Quat Z": 0.978342010674418,
            "ObjectType": "TRAFFIC_SIGN",
            "Occluded": {
                "F_MIDRANGECAM_C": 0.9997673630714417
            },
            "Truncated": 0,
            "ObjectMeta": {
                "SourceID": 609,
                "SubType": "unknown",
                "Text": "",
                "OcrVersion": 10006
            }
        },
        {
            "ActorName": "TRAFFIC_SIGN 610",
            "ObjectId": 610,
            "BoundingBox3D Origin X": 98.2552725452806,
            "BoundingBox3D Origin Y": 12.771685250976589,
            "BoundingBox3D Origin Z": 1.9807847924530504,
            "BoundingBox3D Extent X": 0.1,
            "BoundingBox3D Extent Y": 0.5673764564289475,
            "BoundingBox3D Extent Z": 0.8397778011530023,
            "BoundingBox3D Orientation Quat W": -0.1719709684078607,
            "BoundingBox3D Orientation Quat X": 0.0035452346899328,
            "BoundingBox3D Orientation Quat Y": 0.014685280930258,
            "BoundingBox3D Orientation Quat Z": 0.9849861724206364,
            "ObjectType": "TRAFFIC_SIGN",
            "Occluded": {
                "F_MIDRANGECAM_C": 0.998720407485962
            },
            "Truncated": 0,
            "ObjectMeta": {
                "SourceID": 610,
                "SubType": "us_yellow_ground_diamond_unknown",
                "Text": "",
                "OcrVersion": 10006
            }
        },
        {
            "ActorName": "TRAFFIC_SIGN 611",
            "ObjectId": 611,
            "BoundingBox3D Origin X": 107.98702539091936,
            "BoundingBox3D Origin Y": -2.23218143673148,
            "BoundingBox3D Origin Z": 2.053520333021879,
            "BoundingBox3D Extent X": 0.1,
            "BoundingBox3D Extent Y": 0.6647898721773063,
            "BoundingBox3D Extent Z": 0.4925958622564428,
            "BoundingBox3D Orientation Quat W": 0.0753433735101302,
            "BoundingBox3D Orientation Quat X": -0.0001698861573912,