{
    "CapturedObjects": [
        {
            "ActorName": "TRAFFIC_SIGN 612",
            "ObjectId": 612,
            "BoundingBox3D Origin X": 34.46067324085561,
            "BoundingBox3D Origin Y": -3.4980854205205105,
            "BoundingBox3D Origin Z": 5.1417551608756185,
            "BoundingBox3D Extent X": 0.1,
            "BoundingBox3D Extent Y": 2.015689627696113,
            "BoundingBox3D Extent Z": 0.6071013615992222,
            "BoundingBox3D Orientation Quat W": 0.0376315168169731,
            "BoundingBox3D Orientation Quat X": 0.0007383080112629,
            "BoundingBox3D Orientation Quat Y": 0.0141577454738988,
            "BoundingBox3D Orientation Quat Z": 0.99919111389485,
            "ObjectType": "TRAFFIC_SIGN",
            "Occluded": {
                "F_MIDRANGECAM_C": 0.0001443092478439
            },
            "Truncated": 0,
            "ObjectMeta": {
                "SourceID": 612,
                "SubType": "unknown",
                "Text": "",
                "OcrVersion": 10006
            }
        },
        {
            "ActorName": "TRAFFIC_SIGN 613",
            "ObjectId": 613,
            "BoundingBox3D Origin X": 40.0207489572731,
            "BoundingBox3D Origin Y": -3.789760062965797,
            "BoundingBox3D Origin Z": 2.6178993936628103,
            "BoundingBox3D Extent X": 0.1,
            "BoundingBox3D Extent Y": 0.821519601845871,
            "BoundingBox3D Extent Z": 1.04655705856691,
            "BoundingBox3D Orientation Quat W": 0.0385519156915316,
            "BoundingBox3D Orientation Quat X": 0.0007280860376783,
            "BoundingBox3D Orientation Quat Y": 0.0141583297563908,
            "BoundingBox3D Orientation Quat Z": 0.999156024545588,
            "ObjectType": "TRAFFIC_SIGN",
            "Occluded": {
                "F_MIDRANGECAM_C": 7.269115798180793e-08
            },
            "Truncated": 0,
            "ObjectMeta": {
                "SourceID": 613,
                "SubType": "unknown",
                "Text": "AHEAD",
                "OcrVersion": 10006
            }
        },
        {
            "ActorName": "TRAFFIC_SIGN 614",
            "ObjectId": 614,
            "BoundingBox3D Origin X": 20.91779627129108,
            "BoundingBox3D Origin Y": 15.71982614416629,
            "BoundingBox3D Origin Z": 1.8877587942406533,
            "BoundingBox3D Extent X": 0.1,
            "BoundingBox3D Extent Y": 0.7431382892211243,
            "BoundingBox3D Extent Z": 0.8068183363710659,
            "BoundingBox3D Orientation Quat W": -0.4006236343119297,
            "BoundingBox3D Orientation Quat X": 0.0068261714633115,
            "BoundingBox3D Orientation Quat Y": 0.0124307564576986,
            "BoundingBox3D Orientation Quat Z": 0.9161329506724144,
            "ObjectType": "TRAFFIC_SIGN",
            "Occluded": {
                "F_MIDRANGECAM_C": 0.004616473801434
            },
            "Truncated": 0,
            "ObjectMeta": {
                "SourceID": 614,
                "SubType": "unknown",
                "Text": "",
                "OcrVersion": 10006
            }
        },
        {
            "ActorName": "TRAFFIC_SIGN 615",
            "ObjectId": 615,
            "BoundingBox3D Origin X": 29.199426477109228,
            "BoundingBox3D Origin Y": -10.918156961735804,
            "BoundingBox3D Origin Z": 2.7094173403456807,
            "BoundingBox3D Extent X": 0.1,
            "BoundingBox3D Extent Y": 0.7208321150109754,
            "BoundingBox3D Extent Z": 0.6150844709069305,
            "BoundingBox3D Orientation Quat W": 0.1623336643122956,
            "BoundingBox3D Orientation Quat X": -0.0010406757362361,
            "BoundingBox3D Orientation Quat Y": 0.014138891514506,
            "BoundingBox3D Orientation Quat Z": 0.9866340710576016,
            "ObjectType": "TRAFFIC_SIGN",
            "Occluded": {
                "F_MIDRANGECAM_C": 0.0224410127848386
            },
            "Truncated": 0,
            "ObjectMeta": {
                "SourceID": 615,
                "SubType": "us_yellow_ground_diamond_unknown",
                "Text": "",
                "OcrVersion": 10006
            }
        },
        {
            "ActorName": "TRAFFIC_SIGN 616",
            "ObjectId": 616,
            "BoundingBox3D Origin X": 54.52056679623638,
            "BoundingBox3D Origin Y": -3.618678366241511,
            "BoundingBox3D Origin Z": 3.04595725890249,
            "BoundingBox3D Extent X": 0.1,
            "BoundingBox3D Extent Y": 0.5572884027437033,
            "BoundingBox3D Extent Z": 0.5924573148805717,
            "BoundingBox3D Orientation Quat W": 0.0508767387904118,
            "BoundingBox3D Orientation Quat X": 0.0005523522270924,
            "BoundingBox3D Orientation Quat Y": 0.0141663896053334,
            "BoundingBox3D Orientation Quat Z": 0.9986043089044924,
            "ObjectType": "TRAFFIC_SIGN",
            "Occluded": {
                "F_MIDRANGECAM_C": 0.9975261092185974
            },
            "Truncated": 0,
            "ObjectMeta": {
                "SourceID": 616,
                "SubType": "unknown",
                "Text": "",
                "OcrVersion": 10006
            }
        },
        {
            "ActorName": "TRAFFIC_SIGN 617",
            "ObjectId": 617,
            "BoundingBox3D Origin X": 33.92412475510355,
            "BoundingBox3D Origin Y": -4.178177250869339,
            "BoundingBox3D Origin Z": 3.0380564341321588,
            "BoundingBox3D Extent X": 0.0999999999999999,
            "BoundingBox3D Extent Y": 0.7647942581555,
            "BoundingBox3D Extent Z": 0.185378029919662,
            "BoundingBox3D Orientation Quat W": 0.1753286369890399,
            "BoundingBox3D Orientation Quat X": -0.0012248644408058,
            "BoundingBox3D Orientation Quat Y": 0.0141242772647189,
            "BoundingBox3D Orientation Quat Z": 0.9844078796669689,
            "ObjectType": "TRAFFIC_SIGN",
            "Occluded": {
                "F_MIDRANGECAM_C": 0.7376145124435425
            },
            "Truncated": 0,
            "ObjectMeta": {
                "SourceID": 617,
                "SubType": "us_white_ground_rectangle_unknown",
                "Text": "",
                "OcrVersion": 10006
            }
        },
        {
            "ActorName": "TRAFFIC_SIGN 618",
            "ObjectId": 618,
            "BoundingBox3D Origin X": 56.275235287197575,
            "BoundingBox3D Origin Y": -3.088312251929892,
            "BoundingBox3D Origin Z": 2.439213271252811,
            "BoundingBox3D Extent X": 0.0999999999999999,
            "BoundingBox3D Extent Y": 0.3186681614729488,
            "BoundingBox3D Extent Z": 0.468749094353403,
            "BoundingBox3D Orientation Quat W": 0.2866431486570084,
            "BoundingBox3D Orientation Quat X": -0.0028283855995552,
            "BoundingBox3D Orientation Quat Y": 0.013892638765648,
            "BoundingBox3D Orientation Quat Z": 0.9579325133593828,
            "ObjectType": "TRAFFIC_SIGN",
            "Occluded": {
                "F_MIDRANGECAM_C": 0.9954476952552797
            },
            "Truncated": 0,
            "ObjectMeta": {
                "SourceID": 618,
                "SubType": "us_white_ground_rectangle_unknown",
                "Text": "",
                "OcrVersion": 10006
            }
        },
        {
            "ActorName": "TRAFFIC_SIGN 619",
            "ObjectId": 619,
            "BoundingBox3D Origin X": 85.61313557617177,
            "BoundingBox3D Origin Y": -2.6688418703561183,
            "BoundingBox3D Origin Z": 2.922005747444928,
            "BoundingBox3D Extent X": 0.1,
            "BoundingBox3D Extent Y": 0.6539907426792017,
            "BoundingBox3D Extent Z": 1.2534023493860695,
            "BoundingBox3D Orientation Quat W": 0.0601254338603229,
            "BoundingBox3D Orientation Quat X": 0.0004229387400254,