{
    "CapturedObjects": [
        {
            "ActorName": "TRAFFIC_SIGN 609",
            "ObjectId": 609,
            "BoundingBox3D Origin X": 13.346943364984329,
            "BoundingBox3D Origin Y": -10.03368098961073,
            "BoundingBox3D Origin Z": 2.61274432297796,
            "BoundingBox3D Extent X": 0.1,
            "BoundingBox3D Extent Y": 0.4327197226534073,
            "BoundingBox3D Extent Z": 0.5787043291211466,
            "BoundingBox3D Orientation Quat W": 0.2110066497243849,
            "BoundingBox3D Orientation Quat X": -0.0015639263625147,
            "BoundingBox3D Orientation Quat Y": 0.0161379307800577,
            "BoundingBox3D Orientation Quat Z": 0.9773501496887192,
            "ObjectType": "TRAFFIC_SIGN",
            "Occluded": {
                "F_MIDRANGECAM_C": 0.0009197328472509
            },
            "Truncated": 0,
            "ObjectMeta": {
                "SourceID": 609,
                "SubType": "unknown",
                "Text": "",
                "OcrVersion": 10006
            }
        },
        {
            "ActorName": "TRAFFIC_SIGN 610",
            "ObjectId": 610,
            "BoundingBox3D Origin X": 25.342611820116872,
            "BoundingBox3D Origin Y": 10.88707778591197,
            "BoundingBox3D Origin Z": 2.213959171436727,
            "BoundingBox3D Extent X": 0.1,
            "BoundingBox3D Extent Y": 0.5673764564289475,
            "BoundingBox3D Extent Z": 0.8397778011530023,
            "BoundingBox3D Orientation Quat W": -0.1673657712076992,
            "BoundingBox3D Orientation Quat X": 0.0045474878341637,
            "BoundingBox3D Orientation Quat Y": 0.0155658964618985,
            "BoundingBox3D Orientation Quat Z": 0.9857614933896476,
            "ObjectType": "TRAFFIC_SIGN",
            "Occluded": {
                "F_MIDRANGECAM_C": 0.0039850850589573
            },
            "Truncated": 0,
            "ObjectMeta": {
                "SourceID": 610,
                "SubType": "us_yellow_ground_diamond_unknown",
                "Text": "",
                "OcrVersion": 10006
            }
        },
        {
            "ActorName": "TRAFFIC_SIGN 611",
            "ObjectId": 611,
            "BoundingBox3D Origin X": 34.93360332510565,
            "BoundingBox3D Origin Y": -4.206998930952977,
            "BoundingBox3D Origin Z": 2.303337506018579,
            "BoundingBox3D Extent X": 0.1,
            "BoundingBox3D Extent Y": 0.6647898721773063,
            "BoundingBox3D Extent Z": 0.4925958622564428,
            "BoundingBox3D Orientation Quat W": 0.0799982214745456,
            "BoundingBox3D Orientation Quat X": 0.0005852326179714,
            "BoundingBox3D Orientation Quat Y": 0.0162040521309194,
            "BoundingBox3D Orientation Quat Z": 0.9966631179883356,
            "ObjectType": "TRAFFIC_SIGN",
            "Occluded": {
                "F_MIDRANGECAM_C": 5.302726640366018e-05
            },
            "Truncated": 0,
            "ObjectMeta": {
                "SourceID": 611,
                "SubType": "unknown",
                "Text": "P",
                "OcrVersion": 10006
            }
        },
        {
            "ActorName": "TRAFFIC_SIGN 612",
            "ObjectId": 612,
            "BoundingBox3D Origin X": 71.47560657802751,
            "BoundingBox3D Origin Y": -3.4536690405511763,
            "BoundingBox3D Origin Z": 4.917481258511543,
            "BoundingBox3D Extent X": 0.1,
            "BoundingBox3D Extent Y": 2.015689627696113,
            "BoundingBox3D Extent Z": 0.6071013615992222,
            "BoundingBox3D Orientation Quat W": 0.0413523982148043,
            "BoundingBox3D Orientation Quat X": 0.0012139273785913,
            "BoundingBox3D Orientation Quat Y": 0.0161696850631122,
            "BoundingBox3D Orientation Quat Z": 0.9990130363649732,
            "ObjectType": "TRAFFIC_SIGN",
            "Occluded": {
                "F_MIDRANGECAM_C": 0.0092385578900575
            },
            "Truncated": 0,
            "ObjectMeta": {
                "SourceID": 612,
                "SubType": "unknown",
                "Text": "",
                "OcrVersion": 10006
            }
        },
        {
            "ActorName": "TRAFFIC_SIGN 613",
            "ObjectId": 613,
            "BoundingBox3D Origin X": 77.03076539765607,
            "BoundingBox3D Origin Y": -3.796892466867576,
            "BoundingBox3D Origin Z": 2.389316724613309,
            "BoundingBox3D Extent X": 0.1,
            "BoundingBox3D Extent Y": 0.821519601845871,
            "BoundingBox3D Extent Z": 1.04655705856691,
            "BoundingBox3D Orientation Quat W": 0.0422726475460344,
            "BoundingBox3D Orientation Quat X": 0.0012018511665623,
            "BoundingBox3D Orientation Quat Y": 0.0161706902229412,
            "BoundingBox3D Orientation Quat Z": 0.9989745179937954,
            "ObjectType": "TRAFFIC_SIGN",
            "Occluded": {
                "F_MIDRANGECAM_C": 1.5087365682120437e-05
            },
            "Truncated": 0,
            "ObjectMeta": {
                "SourceID": 613,
                "SubType": "unknown",
                "Text": "AHEAD",
                "OcrVersion": 10006
            }
        },
        {
            "ActorName": "TRAFFIC_SIGN 614",
            "ObjectId": 614,
            "BoundingBox3D Origin X": 58.07335154721659,
            "BoundingBox3D Origin Y": 15.851652201527031,
            "BoundingBox3D Origin Z": 1.6000500721856952,
            "BoundingBox3D Extent X": 0.1,
            "BoundingBox3D Extent Y": 0.7431382892211243,
            "BoundingBox3D Extent Z": 0.8068183363710659,
            "BoundingBox3D Orientation Quat W": -0.3971971301792011,
            "BoundingBox3D Orientation Quat X": 0.0081284076276046,
            "BoundingBox3D Orientation Quat Y": 0.0140379319713691,
            "BoundingBox3D Orientation Quat Z": 0.9175899439470848,
            "ObjectType": "TRAFFIC_SIGN",
            "Occluded": {
                "F_MIDRANGECAM_C": 0.9998254179954528
            },
            "Truncated": 0,
            "ObjectMeta": {
                "SourceID": 614,
                "SubType": "unknown",
                "Text": "",
                "OcrVersion": 10006
            }
        },
        {
            "ActorName": "TRAFFIC_SIGN 615",
            "ObjectId": 615,
            "BoundingBox3D Origin X": 66.15674132404092,
            "BoundingBox3D Origin Y": -10.843949330766918,
            "BoundingBox3D Origin Z": 2.520031411200762,
            "BoundingBox3D Extent X": 0.1,
            "BoundingBox3D Extent Y": 0.7208321150109754,
            "BoundingBox3D Extent Z": 0.6150844709069305,
            "BoundingBox3D Orientation Quat W": 0.1660044746123751,
            "BoundingBox3D Orientation Quat X": -0.00082063462747,
            "BoundingBox3D Orientation Quat Y": 0.0161937487138364,
            "BoundingBox3D Orientation Quat Z": 0.9859916852945924,
            "ObjectType": "TRAFFIC_SIGN",
            "Occluded": {
                "F_MIDRANGECAM_C": 0.9979798197746276
            },
            "Truncated": 0,
            "ObjectMeta": {
                "SourceID": 615,
                "SubType": "us_yellow_ground_diamond_unknown",
                "Text": "",
                "OcrVersion": 10006
            }
        },
        {
            "ActorName": "TRAFFIC_SIGN 616",
            "ObjectId": 616,
            "BoundingBox3D Origin X": 91.53175945266048,
            "BoundingBox3D Origin Y": -3.732289056468289,
            "BoundingBox3D Origin Z": 2.802357755601406,
            "BoundingBox3D Extent X": 0.1,
            "BoundingBox3D Extent Y": 0.5572884027437033,
            "BoundingBox3D Extent Z": 0.5924573148805717,
            "BoundingBox3D Orientation Quat W": 0.0545950861282196,
            "BoundingBox3D Orientation Quat X": 0.0010012467915262,
            "BoundingBox3D Orientation Quat Y": 0.016184367363587,