{
    "CapturedObjects": [
        {
            "ActorName": "TRAFFIC_SIGN 604",
            "ObjectId": 604,
            "BoundingBox3D Origin X": 24.87944366236934,
            "BoundingBox3D Origin Y": 13.686469208303606,
            "BoundingBox3D Origin Z": 1.5720974504947662,
            "BoundingBox3D Extent X": 0.1,
            "BoundingBox3D Extent Y": 0.6542573677519435,
            "BoundingBox3D Extent Z": 0.6696639461456285,
            "BoundingBox3D Orientation Quat W": -0.4094995330478973,
            "BoundingBox3D Orientation Quat X": 0.0068744298968508,
            "BoundingBox3D Orientation Quat Y": 0.0146107125667094,
            "BoundingBox3D Orientation Quat Z": 0.9121674197895034,
            "ObjectType": "TRAFFIC_SIGN",
            "Occluded": {
                "F_MIDRANGECAM_C": 0.0001056918918038
            },
            "Truncated": 0,
            "ObjectMeta": {
                "SourceID": 604,
                "SubType": "us_stop",
                "Text": "",
                "OcrVersion": 10006
            }
        },
        {
            "ActorName": "TRAFFIC_SIGN 605",
            "ObjectId": 605,
            "BoundingBox3D Origin X": 41.60100773327986,
            "BoundingBox3D Origin Y": -3.907080051110825,
            "BoundingBox3D Origin Z": 5.451275458559394,
            "BoundingBox3D Extent X": 0.1,
            "BoundingBox3D Extent Y": 1.675241656574072,
            "BoundingBox3D Extent Z": 0.7136703424772214,
            "BoundingBox3D Orientation Quat W": 0.0462529820929268,
            "BoundingBox3D Orientation Quat X": -0.0004631086523555,
            "BoundingBox3D Orientation Quat Y": 0.0161353988686208,
            "BoundingBox3D Orientation Quat Z": 0.9987993272330724,
            "ObjectType": "TRAFFIC_SIGN",
            "Occluded": {
                "F_MIDRANGECAM_C": 0.0006330587784759
            },
            "Truncated": 0,
            "ObjectMeta": {
                "SourceID": 605,
                "SubType": "unknown",
                "Text": "Bryson",
                "OcrVersion": 10006
            }
        },
        {
            "ActorName": "TRAFFIC_SIGN 606",
            "ObjectId": 606,
            "BoundingBox3D Origin X": 41.51613950688625,
            "BoundingBox3D Origin Y": 2.150810773688136,
            "BoundingBox3D Origin Z": 6.9567721439525485,
            "BoundingBox3D Extent X": 0.1,
            "BoundingBox3D Extent Y": 0.6808865710446399,
            "BoundingBox3D Extent Z": 0.8102549796546726,
            "BoundingBox3D Orientation Quat W": -0.0224613299095017,
            "BoundingBox3D Orientation Quat X": 0.0006478515718107,
            "BoundingBox3D Orientation Quat Y": 0.0161293713912176,
            "BoundingBox3D Orientation Quat Z": 0.9996173829648832,
            "ObjectType": "TRAFFIC_SIGN",
            "Occluded": {
                "F_MIDRANGECAM_C": 0.0003553017158992
            },
            "Truncated": 0,
            "ObjectMeta": {
                "SourceID": 606,
                "SubType": "us_white_ground_rectangle_unknown",
                "Text": "",
                "OcrVersion": 10006
            }
        },
        {
            "ActorName": "TRAFFIC_SIGN 607",
            "ObjectId": 607,
            "BoundingBox3D Origin X": 21.91540347941327,
            "BoundingBox3D Origin Y": -10.75142655216041,
            "BoundingBox3D Origin Z": 2.796060111373663,
            "BoundingBox3D Extent X": 0.1,
            "BoundingBox3D Extent Y": 0.6534787456868417,
            "BoundingBox3D Extent Z": 0.6851783530544237,
            "BoundingBox3D Orientation Quat W": 0.3703454614126391,
            "BoundingBox3D Orientation Quat X": -0.0057141209491157,
            "BoundingBox3D Orientation Quat Y": 0.0150962188385636,
            "BoundingBox3D Orientation Quat Z": 0.9287538383283356,
            "ObjectType": "TRAFFIC_SIGN",
            "Occluded": {
                "F_MIDRANGECAM_C": 0.9981813430786132
            },
            "Truncated": 0,
            "ObjectMeta": {
                "SourceID": 607,
                "SubType": "us_yellow_ground_diamond_unknown",
                "Text": "OUTLET",
                "OcrVersion": 10006
            }
        },
        {
            "ActorName": "TRAFFIC_SIGN 608",
            "ObjectId": 608,
            "BoundingBox3D Origin X": 56.18665739982271,
            "BoundingBox3D Origin Y": -3.8777971140807495,
            "BoundingBox3D Origin Z": 2.599342920817435,
            "BoundingBox3D Extent X": 0.1,
            "BoundingBox3D Extent Y": 0.3973643084709372,
            "BoundingBox3D Extent Z": 0.4863847471929617,
            "BoundingBox3D Orientation Quat W": 0.0870804735470474,
            "BoundingBox3D Orientation Quat X": -0.0011181230197467,
            "BoundingBox3D Orientation Quat Y": 0.0161028709213093,
            "BoundingBox3D Orientation Quat Z": 0.996070498747868,
            "ObjectType": "TRAFFIC_SIGN",
            "Occluded": {
                "F_MIDRANGECAM_C": 0.000626512337476
            },
            "Truncated": 0,
            "ObjectMeta": {
                "SourceID": 608,
                "SubType": "us_yellow_ground_diamond_unknown",
                "Text": "11",
                "OcrVersion": 10006
            }
        },
        {
            "ActorName": "TRAFFIC_SIGN 609",
            "ObjectId": 609,
            "BoundingBox3D Origin X": 90.89941372763587,
            "BoundingBox3D Origin Y": -8.749860854470171,
            "BoundingBox3D Origin Z": 2.455254535190761,
            "BoundingBox3D Extent X": 0.1,
            "BoundingBox3D Extent Y": 0.4327197226534073,
            "BoundingBox3D Extent Z": 0.5787043291211466,
            "BoundingBox3D Orientation Quat W": 0.2093196500137239,
            "BoundingBox3D Orientation Quat X": -0.0030944946463644,
            "BoundingBox3D Orientation Quat Y": 0.0158417240237668,
            "BoundingBox3D Orientation Quat Z": 0.9777140420393736,
            "ObjectType": "TRAFFIC_SIGN",
            "Occluded": {
                "F_MIDRANGECAM_C": 0.9901047348976136
            },
            "Truncated": 0,
            "ObjectMeta": {
                "SourceID": 609,
                "SubType": "unknown",
                "Text": "",
                "OcrVersion": 10006
            }
        },
        {
            "ActorName": "TRAFFIC_SIGN 610",
            "ObjectId": 610,
            "BoundingBox3D Origin X": 102.823040057448,
            "BoundingBox3D Origin Y": 12.212728016398614,
            "BoundingBox3D Origin Z": 2.091918863356113,
            "BoundingBox3D Extent X": 0.1,
            "BoundingBox3D Extent Y": 0.5673764564289475,
            "BoundingBox3D Extent Z": 0.8397778011530023,
            "BoundingBox3D Orientation Quat W": -0.1690645522626263,
            "BoundingBox3D Orientation Quat X": 0.0030157796120867,
            "BoundingBox3D Orientation Quat Y": 0.0158592506795924,
            "BoundingBox3D Orientation Quat Z": 0.9854727628957844,
            "ObjectType": "TRAFFIC_SIGN",
            "Occluded": {
                "F_MIDRANGECAM_C": 0.9997039437294006
            },
            "Truncated": 0,
            "ObjectMeta": {
                "SourceID": 610,
                "SubType": "us_yellow_ground_diamond_unknown",
                "Text": "",
                "OcrVersion": 10006
            }
        },
        {
            "ActorName": "TRAFFIC_SIGN 611",
            "ObjectId": 611,
            "BoundingBox3D Origin X": 112.46656697451272,
            "BoundingBox3D Origin Y": -2.8477075080154464,
            "BoundingBox3D Origin Z": 2.21162801142782,
            "BoundingBox3D Extent X": 0.1,
            "BoundingBox3D Extent Y": 0.6647898721773063,
            "BoundingBox3D Extent Z": 0.4925958622564428,
            "BoundingBox3D Orientation Quat W": 0.0782789084279648,
            "BoundingBox3D Orientation Quat X": -0.0009713618234097,