{
    "CapturedObjects": [
        {
            "ActorName": "TRAFFIC_SIGN 605",
            "ObjectId": 605,
            "BoundingBox3D Origin X": 10.64605567999024,
            "BoundingBox3D Origin Y": -4.520835067232838,
            "BoundingBox3D Origin Z": 5.445950282737613,
            "BoundingBox3D Extent X": 0.1,
            "BoundingBox3D Extent Y": 1.675241656574072,
            "BoundingBox3D Extent Z": 0.7136703424772214,
            "BoundingBox3D Orientation Quat W": 0.0618562011107882,
            "BoundingBox3D Orientation Quat X": -0.0023584806504764,
            "BoundingBox3D Orientation Quat Y": 0.0075280184645861,
            "BoundingBox3D Orientation Quat Z": 0.9980538947828216,
            "ObjectType": "TRAFFIC_SIGN",
            "Occluded": {
                "F_MIDRANGECAM_C": 2.8079919502488337e-05
            },
            "Truncated": 0,
            "ObjectMeta": {
                "SourceID": 605,
                "SubType": "unknown",
                "Text": "Bryson",
                "OcrVersion": 10006
            }
        },
        {
            "ActorName": "TRAFFIC_SIGN 606",
            "ObjectId": 606,
            "BoundingBox3D Origin X": 10.741748908658336,
            "BoundingBox3D Origin Y": 1.5104160061018774,
            "BoundingBox3D Origin Z": 7.054260185919702,
            "BoundingBox3D Extent X": 0.1,
            "BoundingBox3D Extent Y": 0.6808865710446399,
            "BoundingBox3D Extent Z": 0.8102549796546726,
            "BoundingBox3D Orientation Quat W": -0.0068442039885308,
            "BoundingBox3D Orientation Quat X": -0.0018339805146678,
            "BoundingBox3D Orientation Quat Y": 0.0076723343230048,
            "BoundingBox3D Orientation Quat Z": 0.9999454628494854,
            "ObjectType": "TRAFFIC_SIGN",
            "Occluded": {
                "F_MIDRANGECAM_C": 0.9924135804176332
            },
            "Truncated": 0,
            "ObjectMeta": {
                "SourceID": 606,
                "SubType": "us_white_ground_rectangle_unknown",
                "Text": "",
                "OcrVersion": 10006
            }
        },
        {
            "ActorName": "TRAFFIC_SIGN 608",
            "ObjectId": 608,
            "BoundingBox3D Origin X": 25.24055326402231,
            "BoundingBox3D Origin Y": -4.898458744617528,
            "BoundingBox3D Origin Z": 2.6652917582541704,
            "BoundingBox3D Extent X": 0.1,
            "BoundingBox3D Extent Y": 0.3973643084709372,
            "BoundingBox3D Extent Z": 0.4863847471929617,
            "BoundingBox3D Orientation Quat W": 0.1026404059616878,
            "BoundingBox3D Orientation Quat X": -0.0026598919439562,
            "BoundingBox3D Orientation Quat Y": 0.007425180045736,
            "BoundingBox3D Orientation Quat Z": 0.9946872567496554,
            "ObjectType": "TRAFFIC_SIGN",
            "Occluded": {
                "F_MIDRANGECAM_C": 7.963077950989828e-05
            },
            "Truncated": 0,
            "ObjectMeta": {
                "SourceID": 608,
                "SubType": "us_yellow_ground_diamond_unknown",
                "Text": "11",
                "OcrVersion": 10006
            }
        },
        {
            "ActorName": "TRAFFIC_SIGN 609",
            "ObjectId": 609,
            "BoundingBox3D Origin X": 59.78500389837791,
            "BoundingBox3D Origin Y": -10.848280812424491,
            "BoundingBox3D Origin Z": 2.605414181947708,
            "BoundingBox3D Extent X": 0.1,
            "BoundingBox3D Extent Y": 0.4327197226534073,
            "BoundingBox3D Extent Z": 0.5787043291211466,
            "BoundingBox3D Orientation Quat W": 0.2245911163519004,
            "BoundingBox3D Orientation Quat X": -0.0035541422863187,
            "BoundingBox3D Orientation Quat Y": 0.0070404798094185,
            "BoundingBox3D Orientation Quat Z": 0.9744211769930232,
            "ObjectType": "TRAFFIC_SIGN",
            "Occluded": {
                "F_MIDRANGECAM_C": 0.9993517994880676
            },
            "Truncated": 0,
            "ObjectMeta": {
                "SourceID": 609,
                "SubType": "unknown",
                "Text": "",
                "OcrVersion": 10006
            }
        },
        {
            "ActorName": "TRAFFIC_SIGN 610",
            "ObjectId": 610,
            "BoundingBox3D Origin X": 72.35712021950894,
            "BoundingBox3D Origin Y": 9.735203010044645,
            "BoundingBox3D Origin Z": 2.657623223029077,
            "BoundingBox3D Extent X": 0.1,
            "BoundingBox3D Extent Y": 0.5673764564289475,
            "BoundingBox3D Extent Z": 0.8397778011530023,
            "BoundingBox3D Orientation Quat W": -0.1536654443705042,
            "BoundingBox3D Orientation Quat X": -0.0006808382008866,
            "BoundingBox3D Orientation Quat Y": 0.0078583272473772,
            "BoundingBox3D Orientation Quat Z": 0.9880914504025587,
            "ObjectType": "TRAFFIC_SIGN",
            "Occluded": {
                "F_MIDRANGECAM_C": 0.7886045575141907
            },
            "Truncated": 0,
            "ObjectMeta": {
                "SourceID": 610,
                "SubType": "us_yellow_ground_diamond_unknown",
                "Text": "",
                "OcrVersion": 10006
            }
        },
        {
            "ActorName": "TRAFFIC_SIGN 611",
            "ObjectId": 611,
            "BoundingBox3D Origin X": 81.52636264523244,
            "BoundingBox3D Origin Y": -5.618740723075462,
            "BoundingBox3D Origin Z": 2.566620853729546,
            "BoundingBox3D Extent X": 0.1,
            "BoundingBox3D Extent Y": 0.6647898721773063,
            "BoundingBox3D Extent Z": 0.4925958622564428,
            "BoundingBox3D Orientation Quat W": 0.0938503422579739,
            "BoundingBox3D Orientation Quat X": -0.0025896811930226,
            "BoundingBox3D Orientation Quat Y": 0.0074487445775386,
            "BoundingBox3D Orientation Quat Z": 0.99555508286262,
            "ObjectType": "TRAFFIC_SIGN",
            "Occluded": {
                "F_MIDRANGECAM_C": 0.9991406202316284
            },
            "Truncated": 0,
            "ObjectMeta": {
                "SourceID": 611,
                "SubType": "unknown",
                "Text": "P",
                "OcrVersion": 10006
            }
        },
        {
            "ActorName": "TRAFFIC_SIGN 612",
            "ObjectId": 612,
            "BoundingBox3D Origin X": 118.0521529077887,
            "BoundingBox3D Origin Y": -5.924135824476252,
            "BoundingBox3D Origin Z": 5.483460869640112,
            "BoundingBox3D Extent X": 0.1,
            "BoundingBox3D Extent Y": 2.015689627696113,
            "BoundingBox3D Extent Z": 0.6071013615992222,
            "BoundingBox3D Orientation Quat W": 0.0552370251451243,
            "BoundingBox3D Orientation Quat X": -0.0022974884583295,
            "BoundingBox3D Orientation Quat Y": 0.0075436660709922,
            "BoundingBox3D Orientation Quat Z": 0.998442129370606,
            "ObjectType": "TRAFFIC_SIGN",
            "Occluded": {
                "F_MIDRANGECAM_C": 0.9961408972740172
            },
            "Truncated": 0,
            "ObjectMeta": {
                "SourceID": 612,
                "SubType": "unknown",
                "Text": "",
                "OcrVersion": 10006
            }
        },
        {
            "ActorName": "TRAFFIC_SIGN 613",
            "ObjectId": 613,
            "BoundingBox3D Origin X": 123.61679176799588,
            "BoundingBox3D Origin Y": -6.378985157003626,
            "BoundingBox3D Origin Z": 2.994039993733168,
            "BoundingBox3D Extent X": 0.1,
            "BoundingBox3D Extent Y": 0.821519601845871,
            "BoundingBox3D Extent Z": 1.04655705856691,
            "BoundingBox3D Orientation Quat W": 0.0561567178065999,
            "BoundingBox3D Orientation Quat X": -0.002301621018412,