{
    "CapturedObjects": [
        {
            "ActorName": "TRAFFIC_SIGN 608",
            "ObjectId": 608,
            "BoundingBox3D Origin X": 11.345826322631185,
            "BoundingBox3D Origin Y": -4.851715535623953,
            "BoundingBox3D Origin Z": 2.8173952158540487,
            "BoundingBox3D Extent X": 0.1,
            "BoundingBox3D Extent Y": 0.3973643084709372,
            "BoundingBox3D Extent Z": 0.4863847471929617,
            "BoundingBox3D Orientation Quat W": 0.0998147946770422,
            "BoundingBox3D Orientation Quat X": -0.003383022780739,
            "BoundingBox3D Orientation Quat Y": 0.0180526720131074,
            "BoundingBox3D Orientation Quat Z": 0.9948365006138606,
            "ObjectType": "TRAFFIC_SIGN",
            "Occluded": {
                "F_MIDRANGECAM_C": 0.0011626579798758
            },
            "Truncated": 0,
            "ObjectMeta": {
                "SourceID": 608,
                "SubType": "us_yellow_ground_diamond_unknown",
                "Text": "11",
                "OcrVersion": 10006
            }
        },
        {
            "ActorName": "TRAFFIC_SIGN 609",
            "ObjectId": 609,
            "BoundingBox3D Origin X": 45.92301303852582,
            "BoundingBox3D Origin Y": -10.608013208839113,
            "BoundingBox3D Origin Z": 2.854841290973127,
            "BoundingBox3D Extent X": 0.1,
            "BoundingBox3D Extent Y": 0.4327197226534073,
            "BoundingBox3D Extent Z": 0.5787043291211466,
            "BoundingBox3D Orientation Quat W": 0.2218049532163879,
            "BoundingBox3D Orientation Quat X": -0.0055831533610824,
            "BoundingBox3D Orientation Quat Y": 0.0174967853663751,
            "BoundingBox3D Orientation Quat Z": 0.9749180753422648,
            "ObjectType": "TRAFFIC_SIGN",
            "Occluded": {
                "F_MIDRANGECAM_C": 0.9940645098686218
            },
            "Truncated": 0,
            "ObjectMeta": {
                "SourceID": 609,
                "SubType": "unknown",
                "Text": "",
                "OcrVersion": 10006
            }
        },
        {
            "ActorName": "TRAFFIC_SIGN 610",
            "ObjectId": 610,
            "BoundingBox3D Origin X": 58.37923238727672,
            "BoundingBox3D Origin Y": 10.041872126166709,
            "BoundingBox3D Origin Z": 2.457969310693443,
            "BoundingBox3D Extent X": 0.1,
            "BoundingBox3D Extent Y": 0.5673764564289475,
            "BoundingBox3D Extent Z": 0.8397778011530023,
            "BoundingBox3D Orientation Quat W": -0.1564361026186081,
            "BoundingBox3D Orientation Quat X": 0.0013217808014544,
            "BoundingBox3D Orientation Quat Y": 0.0183218482967266,
            "BoundingBox3D Orientation Quat Z": 0.9875172446939876,
            "ObjectType": "TRAFFIC_SIGN",
            "Occluded": {
                "F_MIDRANGECAM_C": 0.9999650716781616
            },
            "Truncated": 0,
            "ObjectMeta": {
                "SourceID": 610,
                "SubType": "us_yellow_ground_diamond_unknown",
                "Text": "",
                "OcrVersion": 10006
            }
        },
        {
            "ActorName": "TRAFFIC_SIGN 611",
            "ObjectId": 611,
            "BoundingBox3D Origin X": 67.63453303968708,
            "BoundingBox3D Origin Y": -5.25890929842717,
            "BoundingBox3D Origin Z": 2.686176951043308,
            "BoundingBox3D Extent X": 0.1,
            "BoundingBox3D Extent Y": 0.6647898721773063,
            "BoundingBox3D Extent Z": 0.4925958622564428,
            "BoundingBox3D Orientation Quat W": 0.0910236000925631,
            "BoundingBox3D Orientation Quat X": -0.0032189143745281,
            "BoundingBox3D Orientation Quat Y": 0.018082276658477,
            "BoundingBox3D Orientation Quat Z": 0.995679353048603,
            "ObjectType": "TRAFFIC_SIGN",
            "Occluded": {
                "F_MIDRANGECAM_C": 0.9923738837242126
            },
            "Truncated": 0,
            "ObjectMeta": {
                "SourceID": 611,
                "SubType": "unknown",
                "Text": "P",
                "OcrVersion": 10006
            }
        },
        {
            "ActorName": "TRAFFIC_SIGN 612",
            "ObjectId": 612,
            "BoundingBox3D Origin X": 104.16343933240204,
            "BoundingBox3D Origin Y": -5.297661695978604,
            "BoundingBox3D Origin Z": 5.577767443843186,
            "BoundingBox3D Extent X": 0.1,
            "BoundingBox3D Extent Y": 2.015689627696113,
            "BoundingBox3D Extent Z": 0.6071013615992222,
            "BoundingBox3D Orientation Quat W": 0.0524077156168016,
            "BoundingBox3D Orientation Quat X": -0.0025145938993582,
            "BoundingBox3D Orientation Quat Y": 0.0181938305891461,
            "BoundingBox3D Orientation Quat Z": 0.9984568556977528,
            "ObjectType": "TRAFFIC_SIGN",
            "Occluded": {
                "F_MIDRANGECAM_C": 0.6254112720489502
            },
            "Truncated": 0,
            "ObjectMeta": {
                "SourceID": 612,
                "SubType": "unknown",
                "Text": "",
                "OcrVersion": 10006
            }
        },
        {
            "ActorName": "TRAFFIC_SIGN 613",
            "ObjectId": 613,
            "BoundingBox3D Origin X": 109.72873535154577,
            "BoundingBox3D Origin Y": -5.774293870927068,
            "BoundingBox3D Origin Z": 3.093863087706268,
            "BoundingBox3D Extent X": 0.1,
            "BoundingBox3D Extent Y": 0.821519601845871,
            "BoundingBox3D Extent Z": 1.04655705856691,
            "BoundingBox3D Orientation Quat W": 0.0533274510380273,
            "BoundingBox3D Orientation Quat X": -0.0025285356233865,
            "BoundingBox3D Orientation Quat Y": 0.0181913674508239,
            "BoundingBox3D Orientation Quat Z": 0.998408164842244,
            "ObjectType": "TRAFFIC_SIGN",
            "Occluded": {
                "F_MIDRANGECAM_C": 0.0002735361922532
            },
            "Truncated": 0,
            "ObjectMeta": {
                "SourceID": 613,
                "SubType": "unknown",
                "Text": "AHEAD",
                "OcrVersion": 10006
            }
        },
        {
            "ActorName": "TRAFFIC_SIGN 614",
            "ObjectId": 614,
            "BoundingBox3D Origin X": 91.21515517033912,
            "BoundingBox3D Origin Y": 14.282648377207806,
            "BoundingBox3D Origin Z": 2.0741664972156286,
            "BoundingBox3D Extent X": 0.1,
            "BoundingBox3D Extent Y": 0.7431382892211243,
            "BoundingBox3D Extent Z": 0.8068183363710659,
            "BoundingBox3D Orientation Quat W": -0.3869994552977574,
            "BoundingBox3D Orientation Quat X": 0.0056512841831905,
            "BoundingBox3D Orientation Quat Y": 0.0174829372088314,
            "BoundingBox3D Orientation Quat Z": 0.921896865974102,
            "ObjectType": "TRAFFIC_SIGN",
            "Occluded": {
                "F_MIDRANGECAM_C": 0.9996941089630128
            },
            "Truncated": 0,
            "ObjectMeta": {
                "SourceID": 614,
                "SubType": "unknown",
                "Text": "",
                "OcrVersion": 10006
            }
        },
        {
            "ActorName": "TRAFFIC_SIGN 615",
            "ObjectId": 615,
            "BoundingBox3D Origin X": 98.70144496967988,
            "BoundingBox3D Origin Y": -12.579850236565107,
            "BoundingBox3D Origin Z": 3.171425233595073,
            "BoundingBox3D Extent X": 0.1,
            "BoundingBox3D Extent Y": 0.7208321150109754,
            "BoundingBox3D Extent Z": 0.6150844709069305,
            "BoundingBox3D Orientation Quat W": 0.1769030003369722,
            "BoundingBox3D Orientation Quat X": -0.0047732772241374,
            "BoundingBox3D Orientation Quat Y": 0.017735358512168,