{
    "CapturedObjects": [
        {
            "ActorName": "TRAFFIC_SIGN 604",
            "ObjectId": 604,
            "BoundingBox3D Origin X": 14.976426780172917,
            "BoundingBox3D Origin Y": 13.864696089585776,
            "BoundingBox3D Origin Z": 1.5578955933451653,
            "BoundingBox3D Extent X": 0.1,
            "BoundingBox3D Extent Y": 0.6542573677519435,
            "BoundingBox3D Extent Z": 0.6696639461456285,
            "BoundingBox3D Orientation Quat W": -0.4148953533548914,
            "BoundingBox3D Orientation Quat X": 0.0077185799557742,
            "BoundingBox3D Orientation Quat Y": 0.0137883031367043,
            "BoundingBox3D Orientation Quat Z": 0.9097319121502754,
            "ObjectType": "TRAFFIC_SIGN",
            "Occluded": {
                "F_MIDRANGECAM_C": 0.0007859145407564
            },
            "Truncated": 0,
            "ObjectMeta": {
                "SourceID": 604,
                "SubType": "us_stop",
                "Text": "",
                "OcrVersion": 10006
            }
        },
        {
            "ActorName": "TRAFFIC_SIGN 605",
            "ObjectId": 605,
            "BoundingBox3D Origin X": 31.913636154451524,
            "BoundingBox3D Origin Y": -3.5333396393980365,
            "BoundingBox3D Origin Z": 5.38250279519707,
            "BoundingBox3D Extent X": 0.1,
            "BoundingBox3D Extent Y": 1.675241656574072,
            "BoundingBox3D Extent Z": 0.7136703424772214,
            "BoundingBox3D Orientation Quat W": 0.0403380821540996,
            "BoundingBox3D Orientation Quat X": 0.0006605621487157,
            "BoundingBox3D Orientation Quat Y": 0.0157794043867981,
            "BoundingBox3D Orientation Quat Z": 0.999061265980708,
            "ObjectType": "TRAFFIC_SIGN",
            "Occluded": {
                "F_MIDRANGECAM_C": 0.0202019102871418
            },
            "Truncated": 0,
            "ObjectMeta": {
                "SourceID": 605,
                "SubType": "unknown",
                "Text": "Bryson",
                "OcrVersion": 10006
            }
        },
        {
            "ActorName": "TRAFFIC_SIGN 606",
            "ObjectId": 606,
            "BoundingBox3D Origin X": 31.760922484281764,
            "BoundingBox3D Origin Y": 2.521913822245552,
            "BoundingBox3D Origin Z": 6.8931584460660815,
            "BoundingBox3D Extent X": 0.1,
            "BoundingBox3D Extent Y": 0.6808865710446399,
            "BoundingBox3D Extent Z": 0.8102549796546726,
            "BoundingBox3D Orientation Quat W": -0.0283804247923025,
            "BoundingBox3D Orientation Quat X": 0.0017449058029465,
            "BoundingBox3D Orientation Quat Y": 0.0156972740597524,
            "BoundingBox3D Orientation Quat Z": 0.9994724120151794,
            "ObjectType": "TRAFFIC_SIGN",
            "Occluded": {
                "F_MIDRANGECAM_C": 0.0002132294466719
            },
            "Truncated": 0,
            "ObjectMeta": {
                "SourceID": 606,
                "SubType": "us_white_ground_rectangle_unknown",
                "Text": "",
                "OcrVersion": 10006
            }
        },
        {
            "ActorName": "TRAFFIC_SIGN 607",
            "ObjectId": 607,
            "BoundingBox3D Origin X": 12.303871684089245,
            "BoundingBox3D Origin Y": -10.607455279357964,
            "BoundingBox3D Origin Z": 2.768983231857419,
            "BoundingBox3D Extent X": 0.1,
            "BoundingBox3D Extent Y": 0.6534787456868417,
            "BoundingBox3D Extent Z": 0.6851783530544237,
            "BoundingBox3D Orientation Quat W": 0.364842955180785,
            "BoundingBox3D Orientation Quat X": -0.0045382699732071,
            "BoundingBox3D Orientation Quat Y": 0.0151271738102466,
            "BoundingBox3D Orientation Quat Z": 0.9309351163067788,
            "ObjectType": "TRAFFIC_SIGN",
            "Occluded": {
                "F_MIDRANGECAM_C": 0.1343071609735489
            },
            "Truncated": 0,
            "ObjectMeta": {
                "SourceID": 607,
                "SubType": "us_yellow_ground_diamond_unknown",
                "Text": "OUTLET",
                "OcrVersion": 10006
            }
        },
        {
            "ActorName": "TRAFFIC_SIGN 608",
            "ObjectId": 608,
            "BoundingBox3D Origin X": 46.49099148392634,
            "BoundingBox3D Origin Y": -3.3295870754809584,
            "BoundingBox3D Origin Z": 2.4955559158697724,
            "BoundingBox3D Extent X": 0.1,
            "BoundingBox3D Extent Y": 0.3973643084709372,
            "BoundingBox3D Extent Z": 0.4863847471929617,
            "BoundingBox3D Orientation Quat W": 0.081181384804518,
            "BoundingBox3D Orientation Quat X": 1.886581254537947e-05,
            "BoundingBox3D Orientation Quat Y": 0.0157930738792845,
            "BoundingBox3D Orientation Quat Z": 0.9965742126017236,
            "ObjectType": "TRAFFIC_SIGN",
            "Occluded": {
                "F_MIDRANGECAM_C": 0.0013133046450093
            },
            "Truncated": 0,
            "ObjectMeta": {
                "SourceID": 608,
                "SubType": "us_yellow_ground_diamond_unknown",
                "Text": "11",
                "OcrVersion": 10006
            }
        },
        {
            "ActorName": "TRAFFIC_SIGN 609",
            "ObjectId": 609,
            "BoundingBox3D Origin X": 81.25828387312504,
            "BoundingBox3D Origin Y": -7.791416941181524,
            "BoundingBox3D Origin Z": 2.2640865026041865,
            "BoundingBox3D Extent X": 0.1,
            "BoundingBox3D Extent Y": 0.4327197226534073,
            "BoundingBox3D Extent Z": 0.5787043291211466,
            "BoundingBox3D Orientation Quat W": 0.2035283511534621,
            "BoundingBox3D Orientation Quat X": -0.0019289341535006,
            "BoundingBox3D Orientation Quat Y": 0.015674478032649,
            "BoundingBox3D Orientation Quat Z": 0.9789416735578216,
            "ObjectType": "TRAFFIC_SIGN",
            "Occluded": {
                "F_MIDRANGECAM_C": 0.9996993541717528
            },
            "Truncated": 0,
            "ObjectMeta": {
                "SourceID": 609,
                "SubType": "unknown",
                "Text": "",
                "OcrVersion": 10006
            }
        },
        {
            "ActorName": "TRAFFIC_SIGN 610",
            "ObjectId": 610,
            "BoundingBox3D Origin X": 92.93282562394234,
            "BoundingBox3D Origin Y": 13.310745998111088,
            "BoundingBox3D Origin Z": 1.8892568331211803,
            "BoundingBox3D Extent X": 0.1,
            "BoundingBox3D Extent Y": 0.5673764564289475,
            "BoundingBox3D Extent Z": 0.8397778011530023,
            "BoundingBox3D Orientation Quat W": -0.1748981695011083,
            "BoundingBox3D Orientation Quat X": 0.004038312910471,
            "BoundingBox3D Orientation Quat Y": 0.015271471300482,
            "BoundingBox3D Orientation Quat Z": 0.9844598033938804,
            "ObjectType": "TRAFFIC_SIGN",
            "Occluded": {
                "F_MIDRANGECAM_C": 0.9996570348739624
            },
            "Truncated": 0,
            "ObjectMeta": {
                "SourceID": 610,
                "SubType": "us_yellow_ground_diamond_unknown",
                "Text": "",
                "OcrVersion": 10006
            }
        },
        {
            "ActorName": "TRAFFIC_SIGN 611",
            "ObjectId": 611,
            "BoundingBox3D Origin X": 102.75360277532673,
            "BoundingBox3D Origin Y": -1.6348876734846272,
            "BoundingBox3D Origin Z": 1.973475736565888,
            "BoundingBox3D Extent X": 0.1,
            "BoundingBox3D Extent Y": 0.6647898721773063,
            "BoundingBox3D Extent Z": 0.4925958622564428,
            "BoundingBox3D Orientation Quat W": 0.0723755650573257,
            "BoundingBox3D Orientation Quat X": 0.0001629113219456,