{
    "CapturedObjects": [
        {
            "ActorName": "TRAFFIC_SIGN 605",
            "ObjectId": 605,
            "BoundingBox3D Origin X": 2.1816860142280348,
            "BoundingBox3D Origin Y": -4.507524711108999,
            "BoundingBox3D Origin Z": 5.548019395209849,
            "BoundingBox3D Extent X": 0.1,
            "BoundingBox3D Extent Y": 1.675241656574072,
            "BoundingBox3D Extent Z": 0.7136703424772214,
            "BoundingBox3D Orientation Quat W": 0.0613184434098372,
            "BoundingBox3D Orientation Quat X": -0.0036084211224337,
            "BoundingBox3D Orientation Quat Y": 0.0136792249172573,
            "BoundingBox3D Orientation Quat Z": 0.9980179891166596,
            "ObjectType": "TRAFFIC_SIGN",
            "Occluded": {
                "F_CTCAM_L": 0.0
            },
            "Truncated": 0,
            "ObjectMeta": {
                "SourceID": 605,
                "SubType": "unknown",
                "Text": "Bryson",
                "OcrVersion": 10006
            }
        },
        {
            "ActorName": "TRAFFIC_SIGN 606",
            "ObjectId": 606,
            "BoundingBox3D Origin X": 2.268289221690793,
            "BoundingBox3D Origin Y": 1.543339528288925,
            "BoundingBox3D Origin Z": 7.081422437913716,
            "BoundingBox3D Extent X": 0.1,
            "BoundingBox3D Extent Y": 0.6808865710446399,
            "BoundingBox3D Extent Z": 0.8102549796546726,
            "BoundingBox3D Orientation Quat W": -0.0073779881624464,
            "BoundingBox3D Orientation Quat X": -0.0026588247611632,
            "BoundingBox3D Orientation Quat Y": 0.0138949005926279,
            "BoundingBox3D Orientation Quat Z": 0.999872705737628,
            "ObjectType": "TRAFFIC_SIGN",
            "Occluded": {
                "F_CTCAM_L": 0.0
            },
            "Truncated": 0,
            "ObjectMeta": {
                "SourceID": 606,
                "SubType": "us_white_ground_rectangle_unknown",
                "Text": "",
                "OcrVersion": 10006
            }
        },
        {
            "ActorName": "TRAFFIC_SIGN 608",
            "ObjectId": 608,
            "BoundingBox3D Origin X": 16.781371330718684,
            "BoundingBox3D Origin Y": -4.9040925368026365,
            "BoundingBox3D Origin Z": 2.797379723750055,
            "BoundingBox3D Extent X": 0.1,
            "BoundingBox3D Extent Y": 0.3973643084709372,
            "BoundingBox3D Extent Z": 0.4863847471929617,
            "BoundingBox3D Orientation Quat W": 0.1021015551724751,
            "BoundingBox3D Orientation Quat X": -0.0041602495170366,
            "BoundingBox3D Orientation Quat Y": 0.0135200537526218,
            "BoundingBox3D Orientation Quat Z": 0.9946734001177696,
            "ObjectType": "TRAFFIC_SIGN",
            "Occluded": {
                "F_MIDRANGECAM_C": 4.970697204953467e-07
            },
            "Truncated": 0,
            "ObjectMeta": {
                "SourceID": 608,
                "SubType": "us_yellow_ground_diamond_unknown",
                "Text": "11",
                "OcrVersion": 10006
            }
        },
        {
            "ActorName": "TRAFFIC_SIGN 609",
            "ObjectId": 609,
            "BoundingBox3D Origin X": 51.33208072483831,
            "BoundingBox3D Origin Y": -10.817245305428514,
            "BoundingBox3D Origin Z": 2.870867505669594,
            "BoundingBox3D Extent X": 0.1,
            "BoundingBox3D Extent Y": 0.4327197226534073,
            "BoundingBox3D Extent Z": 0.5787043291211466,
            "BoundingBox3D Orientation Quat W": 0.2240545435196975,
            "BoundingBox3D Orientation Quat X": -0.0057944774877721,
            "BoundingBox3D Orientation Quat Y": 0.0129033926699083,
            "BoundingBox3D Orientation Quat Z": 0.9744739545090108,
            "ObjectType": "TRAFFIC_SIGN",
            "Occluded": {
                "F_MIDRANGECAM_C": 0.9851220846176147
            },
            "Truncated": 0,
            "ObjectMeta": {
                "SourceID": 609,
                "SubType": "unknown",
                "Text": "",
                "OcrVersion": 10006
            }
        },
        {
            "ActorName": "TRAFFIC_SIGN 610",
            "ObjectId": 610,
            "BoundingBox3D Origin X": 63.88257529449038,
            "BoundingBox3D Origin Y": 9.778660912095802,
            "BoundingBox3D Origin Z": 2.6889288667589426,
            "BoundingBox3D Extent X": 0.1,
            "BoundingBox3D Extent Y": 0.5673764564289475,
            "BoundingBox3D Extent Z": 0.8397778011530023,
            "BoundingBox3D Orientation Quat W": -0.1541820952731283,
            "BoundingBox3D Orientation Quat X": -0.0005833905676838,
            "BoundingBox3D Orientation Quat Y": 0.0141344048995449,
            "BoundingBox3D Orientation Quat Z": 0.9879411722115692,
            "ObjectType": "TRAFFIC_SIGN",
            "Occluded": {
                "F_MIDRANGECAM_C": 0.9978141784667968
            },
            "Truncated": 0,
            "ObjectMeta": {
                "SourceID": 610,
                "SubType": "us_yellow_ground_diamond_unknown",
                "Text": "",
                "OcrVersion": 10006
            }
        },
        {
            "ActorName": "TRAFFIC_SIGN 611",
            "ObjectId": 611,
            "BoundingBox3D Origin X": 73.06800294518325,
            "BoundingBox3D Origin Y": -5.565367456059903,
            "BoundingBox3D Origin Z": 2.8044968796893954,
            "BoundingBox3D Extent X": 0.1,
            "BoundingBox3D Extent Y": 0.6647898721773063,
            "BoundingBox3D Extent Z": 0.4925958622564428,
            "BoundingBox3D Orientation Quat W": 0.0933116834187109,
            "BoundingBox3D Orientation Quat X": -0.0040361905910357,
            "BoundingBox3D Orientation Quat Y": 0.013556648088366,
            "BoundingBox3D Orientation Quat Z": 0.9955364665323356,
            "ObjectType": "TRAFFIC_SIGN",
            "Occluded": {
                "F_MIDRANGECAM_C": 0.9800028800964355
            },
            "Truncated": 0,
            "ObjectMeta": {
                "SourceID": 611,
                "SubType": "unknown",
                "Text": "P",
                "OcrVersion": 10006
            }
        },
        {
            "ActorName": "TRAFFIC_SIGN 612",
            "ObjectId": 612,
            "BoundingBox3D Origin X": 109.58899103275326,
            "BoundingBox3D Origin Y": -5.795416454609949,
            "BoundingBox3D Origin Z": 5.7877381676808,
            "BoundingBox3D Extent X": 0.1,
            "BoundingBox3D Extent Y": 2.015689627696113,
            "BoundingBox3D Extent Z": 0.6071013615992222,
            "BoundingBox3D Orientation Quat W": 0.0546996051026178,
            "BoundingBox3D Orientation Quat X": -0.0035066503353753,
            "BoundingBox3D Orientation Quat Y": 0.0137030364609163,
            "BoundingBox3D Orientation Quat Z": 0.99840266596038,
            "ObjectType": "TRAFFIC_SIGN",
            "Occluded": {
                "F_MIDRANGECAM_C": 0.8327844738960266
            },
            "Truncated": 0,
            "ObjectMeta": {
                "SourceID": 612,
                "SubType": "unknown",
                "Text": "",
                "OcrVersion": 10006
            }
        },
        {
            "ActorName": "TRAFFIC_SIGN 613",
            "ObjectId": 613,
            "BoundingBox3D Origin X": 115.1584098228268,
            "BoundingBox3D Origin Y": -6.275236006069463,
            "BoundingBox3D Origin Z": 3.3137384904548526,
            "BoundingBox3D Extent X": 0.1,
            "BoundingBox3D Extent Y": 0.821519601845871,
            "BoundingBox3D Extent Z": 1.04655705856691,
            "BoundingBox3D Orientation Quat W": 0.0556192763347004,
            "BoundingBox3D Orientation Quat X": -0.0035164511419872,
            "BoundingBox3D Orientation Quat Y": 0.0136996599229362,