{
    "CapturedObjects": [
        {
            "ActorName": "TRAFFIC_SIGN 612",
            "ObjectId": 612,
            "BoundingBox3D Origin X": 19.14076923472021,
            "BoundingBox3D Origin Y": -3.866281505917868,
            "BoundingBox3D Origin Z": 4.884864124469459,
            "BoundingBox3D Extent X": 0.1,
            "BoundingBox3D Extent Y": 2.015689627696113,
            "BoundingBox3D Extent Z": 0.6071013615992222,
            "BoundingBox3D Orientation Quat W": -0.0403370175525242,
            "BoundingBox3D Orientation Quat X": -0.0046761788363272,
            "BoundingBox3D Orientation Quat Y": 0.0004634527083823,
            "BoundingBox3D Orientation Quat Z": -0.9991750815437932,
            "ObjectType": "TRAFFIC_SIGN",
            "Occluded": {
                "F_MIDRANGECAM_C": 0.0011215230915695
            },
            "Truncated": 0,
            "ObjectMeta": {
                "SourceID": 612,
                "SubType": "unknown",
                "Text": "",
                "OcrVersion": 10006
            }
        },
        {
            "ActorName": "TRAFFIC_SIGN 613",
            "ObjectId": 613,
            "BoundingBox3D Origin X": 24.682269235228887,
            "BoundingBox3D Origin Y": -4.113557410681096,
            "BoundingBox3D Origin Z": 2.315892966464162,
            "BoundingBox3D Extent X": 0.1,
            "BoundingBox3D Extent Y": 0.821519601845871,
            "BoundingBox3D Extent Z": 1.04655705856691,
            "BoundingBox3D Orientation Quat W": -0.0412573691755427,
            "BoundingBox3D Orientation Quat X": -0.0046794228137586,
            "BoundingBox3D Orientation Quat Y": 0.0004592428510703,
            "BoundingBox3D Orientation Quat Z": -0.9991374888306648,
            "ObjectType": "TRAFFIC_SIGN",
            "Occluded": {
                "F_MIDRANGECAM_C": 8.120853181026177e-07
            },
            "Truncated": 0,
            "ObjectMeta": {
                "SourceID": 613,
                "SubType": "unknown",
                "Text": "AHEAD",
                "OcrVersion": 10006
            }
        },
        {
            "ActorName": "TRAFFIC_SIGN 614",
            "ObjectId": 614,
            "BoundingBox3D Origin X": 5.685438177461037,
            "BoundingBox3D Origin Y": 15.512788377844116,
            "BoundingBox3D Origin Z": 2.290781600400805,
            "BoundingBox3D Extent X": 0.1,
            "BoundingBox3D Extent Y": 0.7431382892211243,
            "BoundingBox3D Extent Z": 0.8068183363710659,
            "BoundingBox3D Orientation Quat W": 0.3981819586028919,
            "BoundingBox3D Orientation Quat X": -0.0040140596254738,
            "BoundingBox3D Orientation Quat Y": 0.0024478731245943,
            "BoundingBox3D Orientation Quat Z": -0.9172944037143445,
            "ObjectType": "TRAFFIC_SIGN",
            "Occluded": {
                "F_CTCAM_L": 0.0
            },
            "Truncated": 0,
            "ObjectMeta": {
                "SourceID": 614,
                "SubType": "unknown",
                "Text": "",
                "OcrVersion": 10006
            }
        },
        {
            "ActorName": "TRAFFIC_SIGN 615",
            "ObjectId": 615,
            "BoundingBox3D Origin X": 13.821809663582826,
            "BoundingBox3D Origin Y": -11.182590657654146,
            "BoundingBox3D Origin Z": 2.270465719513595,
            "BoundingBox3D Extent X": 0.1,
            "BoundingBox3D Extent Y": 0.7208321150109754,
            "BoundingBox3D Extent Z": 0.6150844709069305,
            "BoundingBox3D Orientation Quat W": 0.1650173186467357,
            "BoundingBox3D Orientation Quat X": 0.0046953139829656,
            "BoundingBox3D Orientation Quat Y": 0.0001251550590661,
            "BoundingBox3D Orientation Quat Z": 0.9862794851914212,
            "ObjectType": "TRAFFIC_SIGN",
            "Occluded": {
                "F_MIDRANGECAM_C": 0.838675856590271
            },
            "Truncated": 0,
            "ObjectMeta": {
                "SourceID": 615,
                "SubType": "us_yellow_ground_diamond_unknown",
                "Text": "",
                "OcrVersion": 10006
            }
        },
        {
            "ActorName": "TRAFFIC_SIGN 616",
            "ObjectId": 616,
            "BoundingBox3D Origin X": 39.18523339930107,
            "BoundingBox3D Origin Y": -4.0340800181948,
            "BoundingBox3D Origin Z": 2.6505848858505487,
            "BoundingBox3D Extent X": 0.1,
            "BoundingBox3D Extent Y": 0.5572884027437033,
            "BoundingBox3D Extent Z": 0.5924573148805717,
            "BoundingBox3D Orientation Quat W": -0.0535819062579384,
            "BoundingBox3D Orientation Quat X": -0.0046837390389958,
            "BoundingBox3D Orientation Quat Y": 0.000401318557414,
            "BoundingBox3D Orientation Quat Z": -0.9985523926433684,
            "ObjectType": "TRAFFIC_SIGN",
            "Occluded": {
                "F_MIDRANGECAM_C": 0.0062216497026383
            },
            "Truncated": 0,
            "ObjectMeta": {
                "SourceID": 616,
                "SubType": "unknown",
                "Text": "",
                "OcrVersion": 10006
            }
        },
        {
            "ActorName": "TRAFFIC_SIGN 617",
            "ObjectId": 617,
            "BoundingBox3D Origin X": 18.586502756428672,
            "BoundingBox3D Origin Y": -4.481036396749914,
            "BoundingBox3D Origin Z": 2.7657015044242144,
            "BoundingBox3D Extent X": 0.0999999999999999,
            "BoundingBox3D Extent Y": 0.7647942581555,
            "BoundingBox3D Extent Z": 0.185378029919662,
            "BoundingBox3D Orientation Quat W": 0.1780074923583697,
            "BoundingBox3D Orientation Quat X": 0.0046953975253703,
            "BoundingBox3D Orientation Quat Y": 0.0001873822622744,
            "BoundingBox3D Orientation Quat Z": 0.9840179118259236,
            "ObjectType": "TRAFFIC_SIGN",
            "Occluded": {
                "F_MIDRANGECAM_C": 0.0005729377153329
            },
            "Truncated": 0,
            "ObjectMeta": {
                "SourceID": 617,
                "SubType": "us_white_ground_rectangle_unknown",
                "Text": "",
                "OcrVersion": 10006
            }
        },
        {
            "ActorName": "TRAFFIC_SIGN 618",
            "ObjectId": 618,
            "BoundingBox3D Origin X": 40.93880609471671,
            "BoundingBox3D Origin Y": -3.4955832807318075,
            "BoundingBox3D Origin Z": 2.0478707822039723,
            "BoundingBox3D Extent X": 0.0999999999999999,
            "BoundingBox3D Extent Y": 0.3186681614729488,
            "BoundingBox3D Extent Z": 0.468749094353403,
            "BoundingBox3D Orientation Quat W": 0.289260961318107,
            "BoundingBox3D Orientation Quat X": 0.0046452703881439,
            "BoundingBox3D Orientation Quat Y": 0.0007233310046819,
            "BoundingBox3D Orientation Quat Z": 0.9572387343356952,
            "ObjectType": "TRAFFIC_SIGN",
            "Occluded": {
                "F_MIDRANGECAM_C": 0.9399591684341432
            },
            "Truncated": 0,
            "ObjectMeta": {
                "SourceID": 618,
                "SubType": "us_white_ground_rectangle_unknown",
                "Text": "",
                "OcrVersion": 10006
            }
        },
        {
            "ActorName": "TRAFFIC_SIGN 619",
            "ObjectId": 619,
            "BoundingBox3D Origin X": 70.28095271102939,
            "BoundingBox3D Origin Y": -3.250173836391696,
            "BoundingBox3D Origin Z": 2.3440894493833184,
            "BoundingBox3D Extent X": 0.1,
            "BoundingBox3D Extent Y": 0.6539907426792017,
            "BoundingBox3D Extent Z": 1.2534023493860695,
            "BoundingBox3D Orientation Quat W": -0.0628300781605846,
            "BoundingBox3D Orientation Quat X": -0.0046890982813589,