{
    "CapturedObjects": [
        {
            "ActorName": "TRAFFIC_SIGN 604",
            "ObjectId": 604,
            "BoundingBox3D Origin X": 30.82904210290144,
            "BoundingBox3D Origin Y": 13.742495876387691,
            "BoundingBox3D Origin Z": 1.6325615840032697,
            "BoundingBox3D Extent X": 0.1,
            "BoundingBox3D Extent Y": 0.6542573677519435,
            "BoundingBox3D Extent Z": 0.6696639461456285,
            "BoundingBox3D Orientation Quat W": -0.4098851747074246,
            "BoundingBox3D Orientation Quat X": 0.0057340312289933,
            "BoundingBox3D Orientation Quat Y": 0.0140451722156017,
            "BoundingBox3D Orientation Quat Z": 0.9120109635187305,
            "ObjectType": "TRAFFIC_SIGN",
            "Occluded": {
                "F_MIDRANGECAM_C": 0.0056809885427355
            },
            "Truncated": 0,
            "ObjectMeta": {
                "SourceID": 604,
                "SubType": "us_stop",
                "Text": "",
                "OcrVersion": 10006
            }
        },
        {
            "ActorName": "TRAFFIC_SIGN 605",
            "ObjectId": 605,
            "BoundingBox3D Origin X": 47.55936293659306,
            "BoundingBox3D Origin Y": -3.844238469348056,
            "BoundingBox3D Origin Z": 5.504062353633344,
            "BoundingBox3D Extent X": 0.1,
            "BoundingBox3D Extent Y": 1.675241656574072,
            "BoundingBox3D Extent Z": 0.7136703424772214,
            "BoundingBox3D Orientation Quat W": 0.0458376347001836,
            "BoundingBox3D Orientation Quat X": -0.0012262072801198,
            "BoundingBox3D Orientation Quat Y": 0.0151174927650418,
            "BoundingBox3D Orientation Quat Z": 0.9988337544723332,
            "ObjectType": "TRAFFIC_SIGN",
            "Occluded": {
                "F_MIDRANGECAM_C": 0.0192449670284986
            },
            "Truncated": 0,
            "ObjectMeta": {
                "SourceID": 605,
                "SubType": "unknown",
                "Text": "Bryson",
                "OcrVersion": 10006
            }
        },
        {
            "ActorName": "TRAFFIC_SIGN 606",
            "ObjectId": 606,
            "BoundingBox3D Origin X": 47.46689533555309,
            "BoundingBox3D Origin Y": 2.210586922359653,
            "BoundingBox3D Origin Z": 7.021329825744033,
            "BoundingBox3D Extent X": 0.1,
            "BoundingBox3D Extent Y": 0.6808865710446399,
            "BoundingBox3D Extent Z": 0.8102549796546726,
            "BoundingBox3D Orientation Quat W": -0.0228781486786602,
            "BoundingBox3D Orientation Quat X": -0.000183471778959,
            "BoundingBox3D Orientation Quat Y": 0.0151660363224751,
            "BoundingBox3D Orientation Quat Z": 0.999623203008718,
            "ObjectType": "TRAFFIC_SIGN",
            "Occluded": {
                "F_MIDRANGECAM_C": 0.0001722628076095
            },
            "Truncated": 0,
            "ObjectMeta": {
                "SourceID": 606,
                "SubType": "us_white_ground_rectangle_unknown",
                "Text": "",
                "OcrVersion": 10006
            }
        },
        {
            "ActorName": "TRAFFIC_SIGN 607",
            "ObjectId": 607,
            "BoundingBox3D Origin X": 27.883998131559565,
            "BoundingBox3D Origin Y": -10.700202066451313,
            "BoundingBox3D Origin Z": 2.8037050887942314,
            "BoundingBox3D Extent X": 0.1,
            "BoundingBox3D Extent Y": 0.6534787456868417,
            "BoundingBox3D Extent Z": 0.6851783530544237,
            "BoundingBox3D Orientation Quat W": 0.3699651430585357,
            "BoundingBox3D Orientation Quat X": -0.006101490642623,
            "BoundingBox3D Orientation Quat Y": 0.013885560554789,
            "BoundingBox3D Orientation Quat Z": 0.9289218244511724,
            "ObjectType": "TRAFFIC_SIGN",
            "Occluded": {
                "F_MIDRANGECAM_C": 0.7007169127464294
            },
            "Truncated": 0,
            "ObjectMeta": {
                "SourceID": 607,
                "SubType": "us_yellow_ground_diamond_unknown",
                "Text": "OUTLET",
                "OcrVersion": 10006
            }
        },
        {
            "ActorName": "TRAFFIC_SIGN 608",
            "ObjectId": 608,
            "BoundingBox3D Origin X": 62.14945994535356,
            "BoundingBox3D Origin Y": -3.7968519045680296,
            "BoundingBox3D Origin Z": 2.6756724901497364,
            "BoundingBox3D Extent X": 0.1,
            "BoundingBox3D Extent Y": 0.3973643084709372,
            "BoundingBox3D Extent Z": 0.4863847471929617,
            "BoundingBox3D Orientation Quat W": 0.0866669570057787,
            "BoundingBox3D Orientation Quat X": -0.0018388538796328,
            "BoundingBox3D Orientation Quat Y": 0.0150547371327395,
            "BoundingBox3D Orientation Quat Z": 0.996121886151304,
            "ObjectType": "TRAFFIC_SIGN",
            "Occluded": {
                "F_MIDRANGECAM_C": 0.0465319119393825
            },
            "Truncated": 0,
            "ObjectMeta": {
                "SourceID": 608,
                "SubType": "us_yellow_ground_diamond_unknown",
                "Text": "11",
                "OcrVersion": 10006
            }
        },
        {
            "ActorName": "TRAFFIC_SIGN 609",
            "ObjectId": 609,
            "BoundingBox3D Origin X": 96.86639997057864,
            "BoundingBox3D Origin Y": -8.638851326948497,
            "BoundingBox3D Origin Z": 2.5778870210051537,
            "BoundingBox3D Extent X": 0.1,
            "BoundingBox3D Extent Y": 0.4327197226534073,
            "BoundingBox3D Extent Z": 0.5787043291211466,
            "BoundingBox3D Orientation Quat W": 0.2089159665064988,
            "BoundingBox3D Orientation Quat X": -0.0036800680861393,
            "BoundingBox3D Orientation Quat Y": 0.014713030577699,
            "BoundingBox3D Orientation Quat Z": 0.97781598614911,
            "ObjectType": "TRAFFIC_SIGN",
            "Occluded": {
                "F_MIDRANGECAM_C": 0.9996520280838012
            },
            "Truncated": 0,
            "ObjectMeta": {
                "SourceID": 609,
                "SubType": "unknown",
                "Text": "",
                "OcrVersion": 10006
            }
        },
        {
            "ActorName": "TRAFFIC_SIGN 610",
            "ObjectId": 610,
            "BoundingBox3D Origin X": 108.7725727775114,
            "BoundingBox3D Origin Y": 12.334548833663575,
            "BoundingBox3D Origin Z": 2.2749598203226924,
            "BoundingBox3D Extent X": 0.1,
            "BoundingBox3D Extent Y": 0.5673764564289475,
            "BoundingBox3D Extent Z": 0.8397778011530023,
            "BoundingBox3D Orientation Quat W": -0.1694776756979777,
            "BoundingBox3D Orientation Quat X": 0.0020518811066732,
            "BoundingBox3D Orientation Quat Y": 0.0150279204968141,
            "BoundingBox3D Orientation Quat Z": 0.9854173069463906,
            "ObjectType": "TRAFFIC_SIGN",
            "Occluded": {
                "F_MIDRANGECAM_C": 0.9997023940086364
            },
            "Truncated": 0,
            "ObjectMeta": {
                "SourceID": 610,
                "SubType": "us_yellow_ground_diamond_unknown",
                "Text": "",
                "OcrVersion": 10006
            }
        },
        {
            "ActorName": "TRAFFIC_SIGN 611",
            "ObjectId": 611,
            "BoundingBox3D Origin X": 118.42874936855968,
            "BoundingBox3D Origin Y": -2.717768320639152,
            "BoundingBox3D Origin Z": 2.380583913065493,
            "BoundingBox3D Extent X": 0.1,
            "BoundingBox3D Extent Y": 0.6647898721773063,
            "BoundingBox3D Extent Z": 0.4925958622564428,
            "BoundingBox3D Orientation Quat W": 0.0778649313237106,
            "BoundingBox3D Orientation Quat X": -0.0017013423851258,