{
    "CapturedObjects": [
        {
            "ActorName": "TRAFFIC_SIGN 605",
            "ObjectId": 605,
            "BoundingBox3D Origin X": 12.94743841966192,
            "BoundingBox3D Origin Y": -4.498887671863486,
            "BoundingBox3D Origin Z": 5.392467534169555,
            "BoundingBox3D Extent X": 0.1,
            "BoundingBox3D Extent Y": 1.675241656574072,
            "BoundingBox3D Extent Z": 0.7136703424772214,
            "BoundingBox3D Orientation Quat W": 0.0601503131817333,
            "BoundingBox3D Orientation Quat X": -0.0015723726716163,
            "BoundingBox3D Orientation Quat Y": 0.0043532183263341,
            "BoundingBox3D Orientation Quat Z": 0.99817859972979,
            "ObjectType": "TRAFFIC_SIGN",
            "Occluded": {
                "F_MIDRANGECAM_C": 5.947437330178218e-06
            },
            "Truncated": 0,
            "ObjectMeta": {
                "SourceID": 605,
                "SubType": "unknown",
                "Text": "Bryson",
                "OcrVersion": 10006
            }
        },
        {
            "ActorName": "TRAFFIC_SIGN 606",
            "ObjectId": 606,
            "BoundingBox3D Origin X": 13.024439290289592,
            "BoundingBox3D Origin Y": 1.5221806284680497,
            "BoundingBox3D Origin Z": 7.039440203458071,
            "BoundingBox3D Extent X": 0.1,
            "BoundingBox3D Extent Y": 0.6808865710446399,
            "BoundingBox3D Extent Z": 0.8102549796546726,
            "BoundingBox3D Orientation Quat W": -0.0085544629728077,
            "BoundingBox3D Orientation Quat X": -0.0012679476756453,
            "BoundingBox3D Orientation Quat Y": 0.0044510566973469,
            "BoundingBox3D Orientation Quat Z": 0.9999526996644468,
            "ObjectType": "TRAFFIC_SIGN",
            "Occluded": {
                "F_MIDRANGECAM_C": 0.0756244510412216
            },
            "Truncated": 0,
            "ObjectMeta": {
                "SourceID": 606,
                "SubType": "us_white_ground_rectangle_unknown",
                "Text": "",
                "OcrVersion": 10006
            }
        },
        {
            "ActorName": "TRAFFIC_SIGN 608",
            "ObjectId": 608,
            "BoundingBox3D Origin X": 27.53975199197157,
            "BoundingBox3D Origin Y": -4.808612748754968,
            "BoundingBox3D Origin Z": 2.5920470682904124,
            "BoundingBox3D Extent X": 0.1,
            "BoundingBox3D Extent Y": 0.3973643084709372,
            "BoundingBox3D Extent Z": 0.4863847471929617,
            "BoundingBox3D Orientation Quat W": 0.1009409084437365,
            "BoundingBox3D Orientation Quat X": -0.0017444567297898,
            "BoundingBox3D Orientation Quat Y": 0.0042851907091716,
            "BoundingBox3D Orientation Quat Z": 0.9948816648294694,
            "ObjectType": "TRAFFIC_SIGN",
            "Occluded": {
                "F_MIDRANGECAM_C": 4.625902420229977e-06
            },
            "Truncated": 0,
            "ObjectMeta": {
                "SourceID": 608,
                "SubType": "us_yellow_ground_diamond_unknown",
                "Text": "11",
                "OcrVersion": 10006
            }
        },
        {
            "ActorName": "TRAFFIC_SIGN 609",
            "ObjectId": 609,
            "BoundingBox3D Origin X": 62.1042522015232,
            "BoundingBox3D Origin Y": -10.6394850868528,
            "BoundingBox3D Origin Z": 2.452729359269142,
            "BoundingBox3D Extent X": 0.1,
            "BoundingBox3D Extent Y": 0.4327197226534073,
            "BoundingBox3D Extent Z": 0.5787043291211466,
            "BoundingBox3D Orientation Quat W": 0.2229281498904843,
            "BoundingBox3D Orientation Quat X": -0.0022580161424613,
            "BoundingBox3D Orientation Quat Y": 0.0040373344897651,
            "BoundingBox3D Orientation Quat Z": 0.9748239027022902,
            "ObjectType": "TRAFFIC_SIGN",
            "Occluded": {
                "F_MIDRANGECAM_C": 0.9894472360610962
            },
            "Truncated": 0,
            "ObjectMeta": {
                "SourceID": 609,
                "SubType": "unknown",
                "Text": "",
                "OcrVersion": 10006
            }
        },
        {
            "ActorName": "TRAFFIC_SIGN 610",
            "ObjectId": 610,
            "BoundingBox3D Origin X": 74.60589227192759,
            "BoundingBox3D Origin Y": 9.98615178863838,
            "BoundingBox3D Origin Z": 2.62240669131279,
            "BoundingBox3D Extent X": 0.1,
            "BoundingBox3D Extent Y": 0.5673764564289475,
            "BoundingBox3D Extent Z": 0.8397778011530023,
            "BoundingBox3D Orientation Quat W": -0.1553580824786528,
            "BoundingBox3D Orientation Quat X": -0.0005944731726694,
            "BoundingBox3D Orientation Quat Y": 0.004588804042082,
            "BoundingBox3D Orientation Quat Z": 0.9878473848159274,
            "ObjectType": "TRAFFIC_SIGN",
            "Occluded": {
                "F_MIDRANGECAM_C": 0.8252043128013611
            },
            "Truncated": 0,
            "ObjectMeta": {
                "SourceID": 610,
                "SubType": "us_yellow_ground_diamond_unknown",
                "Text": "",
                "OcrVersion": 10006
            }
        },
        {
            "ActorName": "TRAFFIC_SIGN 611",
            "ObjectId": 611,
            "BoundingBox3D Origin X": 83.82751213836309,
            "BoundingBox3D Origin Y": -5.3353352338963305,
            "BoundingBox3D Origin Z": 2.4216844849288464,
            "BoundingBox3D Extent X": 0.1,
            "BoundingBox3D Extent Y": 0.6647898721773063,
            "BoundingBox3D Extent Z": 0.4925958622564428,
            "BoundingBox3D Orientation Quat W": 0.0921492074983409,
            "BoundingBox3D Orientation Quat X": -0.0017020361551419,
            "BoundingBox3D Orientation Quat Y": 0.0043008050217837,
            "BoundingBox3D Orientation Quat Z": 0.9957344674693748,
            "ObjectType": "TRAFFIC_SIGN",
            "Occluded": {
                "F_MIDRANGECAM_C": 0.9852892756462096
            },
            "Truncated": 0,
            "ObjectMeta": {
                "SourceID": 611,
                "SubType": "unknown",
                "Text": "P",
                "OcrVersion": 10006
            }
        },
        {
            "ActorName": "TRAFFIC_SIGN 612",
            "ObjectId": 612,
            "BoundingBox3D Origin X": 120.35763084682549,
            "BoundingBox3D Origin Y": -5.534283155291632,
            "BoundingBox3D Origin Z": 5.292984024621546,
            "BoundingBox3D Extent X": 0.1,
            "BoundingBox3D Extent Y": 2.015689627696113,
            "BoundingBox3D Extent Z": 0.6071013615992222,
            "BoundingBox3D Orientation Quat W": 0.0535303311386617,
            "BoundingBox3D Orientation Quat X": -0.001532463497211,
            "BoundingBox3D Orientation Quat Y": 0.0043637445949682,
            "BoundingBox3D Orientation Quat Z": 0.9985555131974012,
            "ObjectType": "TRAFFIC_SIGN",
            "Occluded": {
                "F_MIDRANGECAM_C": 0.997789978981018
            },
            "Truncated": 0,
            "ObjectMeta": {
                "SourceID": 612,
                "SubType": "unknown",
                "Text": "",
                "OcrVersion": 10006
            }
        },
        {
            "ActorName": "TRAFFIC_SIGN 613",
            "ObjectId": 613,
            "BoundingBox3D Origin X": 125.92076675516364,
            "BoundingBox3D Origin Y": -5.954050583510252,
            "BoundingBox3D Origin Z": 2.794056611135602,
            "BoundingBox3D Extent X": 0.1,
            "BoundingBox3D Extent Y": 0.821519601845871,
            "BoundingBox3D Extent Z": 1.04655705856691,
            "BoundingBox3D Orientation Quat W": 0.0544501173954517,
            "BoundingBox3D Orientation Quat X": -0.0015336649903091,