{
    "CapturedObjects": [
        {
            "ActorName": "TRAFFIC_SIGN 605",
            "ObjectId": 605,
            "BoundingBox3D Origin X": 3.730840493026335,
            "BoundingBox3D Origin Y": -4.491141035599867,
            "BoundingBox3D Origin Z": 5.551182731054723,
            "BoundingBox3D Extent X": 0.1,
            "BoundingBox3D Extent Y": 1.675241656574072,
            "BoundingBox3D Extent Z": 0.7136703424772214,
            "BoundingBox3D Orientation Quat W": 0.061825793126739,
            "BoundingBox3D Orientation Quat X": -0.0032814785160226,
            "BoundingBox3D Orientation Quat Y": 0.0146180470072004,
            "BoundingBox3D Orientation Quat Z": 0.9979745066406724,
            "ObjectType": "TRAFFIC_SIGN",
            "Occluded": {
                "F_CTCAM_L": 0.0
            },
            "Truncated": 0,
            "ObjectMeta": {
                "SourceID": 605,
                "SubType": "unknown",
                "Text": "Bryson",
                "OcrVersion": 10006
            }
        },
        {
            "ActorName": "TRAFFIC_SIGN 606",
            "ObjectId": 606,
            "BoundingBox3D Origin X": 3.824807240689552,
            "BoundingBox3D Origin Y": 1.5624649963574484,
            "BoundingBox3D Origin Z": 7.07339090295136,
            "BoundingBox3D Extent X": 0.1,
            "BoundingBox3D Extent Y": 0.6808865710446399,
            "BoundingBox3D Extent Z": 0.8102549796546726,
            "BoundingBox3D Orientation Quat W": -0.0068694733838539,
            "BoundingBox3D Orientation Quat X": -0.0022679503118081,
            "BoundingBox3D Orientation Quat Y": 0.014809127210147,
            "BoundingBox3D Orientation Quat Z": 0.9998641690190152,
            "ObjectType": "TRAFFIC_SIGN",
            "Occluded": {
                "F_CTCAM_L": 0.0
            },
            "Truncated": 0,
            "ObjectMeta": {
                "SourceID": 606,
                "SubType": "us_white_ground_rectangle_unknown",
                "Text": "",
                "OcrVersion": 10006
            }
        },
        {
            "ActorName": "TRAFFIC_SIGN 608",
            "ObjectId": 608,
            "BoundingBox3D Origin X": 18.3279829094281,
            "BoundingBox3D Origin Y": -4.90783331025159,
            "BoundingBox3D Origin Z": 2.7902714125812054,
            "BoundingBox3D Extent X": 0.1,
            "BoundingBox3D Extent Y": 0.3973643084709372,
            "BoundingBox3D Extent Z": 0.4863847471929617,
            "BoundingBox3D Orientation Quat W": 0.1026070057698229,
            "BoundingBox3D Orientation Quat X": -0.0038721266347946,
            "BoundingBox3D Orientation Quat Y": 0.0144714303868692,
            "BoundingBox3D Orientation Quat Z": 0.9946091627895018,
            "ObjectType": "TRAFFIC_SIGN",
            "Occluded": {
                "F_MIDRANGECAM_C": 2.9359578093135497e-06
            },
            "Truncated": 0,
            "ObjectMeta": {
                "SourceID": 608,
                "SubType": "us_yellow_ground_diamond_unknown",
                "Text": "11",
                "OcrVersion": 10006
            }
        },
        {
            "ActorName": "TRAFFIC_SIGN 609",
            "ObjectId": 609,
            "BoundingBox3D Origin X": 52.872530895019736,
            "BoundingBox3D Origin Y": -10.856578629405703,
            "BoundingBox3D Origin Z": 2.848559589125216,
            "BoundingBox3D Extent X": 0.1,
            "BoundingBox3D Extent Y": 0.4327197226534073,
            "BoundingBox3D Extent Z": 0.5787043291211466,
            "BoundingBox3D Orientation Quat W": 0.2245487026907187,
            "BoundingBox3D Orientation Quat X": -0.00562635280845,
            "BoundingBox3D Orientation Quat Y": 0.0138830297786904,
            "BoundingBox3D Orientation Quat Z": 0.9743477232272644,
            "ObjectType": "TRAFFIC_SIGN",
            "Occluded": {
                "F_MIDRANGECAM_C": 0.9986722469329834
            },
            "Truncated": 0,
            "ObjectMeta": {
                "SourceID": 609,
                "SubType": "unknown",
                "Text": "",
                "OcrVersion": 10006
            }
        },
        {
            "ActorName": "TRAFFIC_SIGN 610",
            "ObjectId": 610,
            "BoundingBox3D Origin X": 65.44396615601363,
            "BoundingBox3D Origin Y": 9.72610642472864,
            "BoundingBox3D Origin Z": 2.619297813624144,
            "BoundingBox3D Extent X": 0.1,
            "BoundingBox3D Extent Y": 0.5673764564289475,
            "BoundingBox3D Extent Z": 0.8397778011530023,
            "BoundingBox3D Orientation Quat W": -0.1536794441932006,
            "BoundingBox3D Orientation Quat X": -6.205106907936268e-05,
            "BoundingBox3D Orientation Quat Y": 0.0149815733519629,
            "BoundingBox3D Orientation Quat Z": 0.9880071745903636,
            "ObjectType": "TRAFFIC_SIGN",
            "Occluded": {
                "F_MIDRANGECAM_C": 0.9991044402122498
            },
            "Truncated": 0,
            "ObjectMeta": {
                "SourceID": 610,
                "SubType": "us_yellow_ground_diamond_unknown",
                "Text": "",
                "OcrVersion": 10006
            }
        },
        {
            "ActorName": "TRAFFIC_SIGN 611",
            "ObjectId": 611,
            "BoundingBox3D Origin X": 74.61369756288332,
            "BoundingBox3D Origin Y": -5.627262877271278,
            "BoundingBox3D Origin Z": 2.756137262098491,
            "BoundingBox3D Extent X": 0.1,
            "BoundingBox3D Extent Y": 0.6647898721773063,
            "BoundingBox3D Extent Z": 0.4925958622564428,
            "BoundingBox3D Orientation Quat W": 0.0938176257923418,
            "BoundingBox3D Orientation Quat X": -0.0037396460966201,
            "BoundingBox3D Orientation Quat Y": 0.0145054455735207,
            "BoundingBox3D Orientation Quat Z": 0.9954766999716638,
            "ObjectType": "TRAFFIC_SIGN",
            "Occluded": {
                "F_MIDRANGECAM_C": 0.9837101697921752
            },
            "Truncated": 0,
            "ObjectMeta": {
                "SourceID": 611,
                "SubType": "unknown",
                "Text": "P",
                "OcrVersion": 10006
            }
        },
        {
            "ActorName": "TRAFFIC_SIGN 612",
            "ObjectId": 612,
            "BoundingBox3D Origin X": 111.1365394440545,
            "BoundingBox3D Origin Y": -5.889590752805816,
            "BoundingBox3D Origin Z": 5.712231570854783,
            "BoundingBox3D Extent X": 0.1,
            "BoundingBox3D Extent Y": 2.015689627696113,
            "BoundingBox3D Extent Z": 0.6071013615992222,
            "BoundingBox3D Orientation Quat W": 0.0552071877997819,
            "BoundingBox3D Orientation Quat X": -0.0031734683741906,
            "BoundingBox3D Orientation Quat Y": 0.0146396708997382,
            "BoundingBox3D Orientation Quat Z": 0.998362547148913,
            "ObjectType": "TRAFFIC_SIGN",
            "Occluded": {
                "F_MIDRANGECAM_C": 0.9940009713172911
            },
            "Truncated": 0,
            "ObjectMeta": {
                "SourceID": 612,
                "SubType": "unknown",
                "Text": "",
                "OcrVersion": 10006
            }
        },
        {
            "ActorName": "TRAFFIC_SIGN 613",
            "ObjectId": 613,
            "BoundingBox3D Origin X": 116.70357749687535,
            "BoundingBox3D Origin Y": -6.379696968157077,
            "BoundingBox3D Origin Z": 3.234924885444343,
            "BoundingBox3D Extent X": 0.1,
            "BoundingBox3D Extent Y": 0.821519601845871,
            "BoundingBox3D Extent Z": 1.04655705856691,
            "BoundingBox3D Orientation Quat W": 0.0561268321140764,
            "BoundingBox3D Orientation Quat X": -0.0031841351609349,
            "BoundingBox3D Orientation Quat Y": 0.0146365985003537,