{
    "CapturedObjects": [
        {
            "ActorName": "TRAFFIC_SIGN 612",
            "ObjectId": 612,
            "BoundingBox3D Origin X": 36.06743896270928,
            "BoundingBox3D Origin Y": -3.5288636227778625,
            "BoundingBox3D Origin Z": 5.157389659434557,
            "BoundingBox3D Extent X": 0.1,
            "BoundingBox3D Extent Y": 2.015689627696113,
            "BoundingBox3D Extent Z": 0.6071013615992222,
            "BoundingBox3D Orientation Quat W": 0.0380269417644626,
            "BoundingBox3D Orientation Quat X": 0.0003526842353419,
            "BoundingBox3D Orientation Quat Y": 0.0127116872706822,
            "BoundingBox3D Orientation Quat Z": 0.9991957967889,
            "ObjectType": "TRAFFIC_SIGN",
            "Occluded": {
                "F_MIDRANGECAM_C": 0.0004580674285534
            },
            "Truncated": 0,
            "ObjectMeta": {
                "SourceID": 612,
                "SubType": "unknown",
                "Text": "",
                "OcrVersion": 10006
            }
        },
        {
            "ActorName": "TRAFFIC_SIGN 613",
            "ObjectId": 613,
            "BoundingBox3D Origin X": 41.62954437753615,
            "BoundingBox3D Origin Y": -3.817670322227059,
            "BoundingBox3D Origin Z": 2.6376219606027007,
            "BoundingBox3D Extent X": 0.1,
            "BoundingBox3D Extent Y": 0.821519601845871,
            "BoundingBox3D Extent Z": 1.04655705856691,
            "BoundingBox3D Orientation Quat W": 0.0389473412649257,
            "BoundingBox3D Orientation Quat X": 0.0003437947795252,
            "BoundingBox3D Orientation Quat Y": 0.0127119127938444,
            "BoundingBox3D Orientation Quat Z": 0.9991603443325124,
            "ObjectType": "TRAFFIC_SIGN",
            "Occluded": {
                "F_MIDRANGECAM_C": 5.147800266058766e-07
            },
            "Truncated": 0,
            "ObjectMeta": {
                "SourceID": 613,
                "SubType": "unknown",
                "Text": "AHEAD",
                "OcrVersion": 10006
            }
        },
        {
            "ActorName": "TRAFFIC_SIGN 614",
            "ObjectId": 614,
            "BoundingBox3D Origin X": 22.5426005229474,
            "BoundingBox3D Origin Y": 15.708868219488068,
            "BoundingBox3D Origin Z": 1.9463852336630223,
            "BoundingBox3D Extent X": 0.1,
            "BoundingBox3D Extent Y": 0.7431382892211243,
            "BoundingBox3D Extent Z": 0.8068183363710659,
            "BoundingBox3D Orientation Quat W": -0.4002676837619903,
            "BoundingBox3D Orientation Quat X": 0.0058493670288128,
            "BoundingBox3D Orientation Quat Y": 0.0112973952627968,
            "BoundingBox3D Orientation Quat Z": 0.9163099558017744,
            "ObjectType": "TRAFFIC_SIGN",
            "Occluded": {
                "F_MIDRANGECAM_C": 0.0087208226323127
            },
            "Truncated": 0,
            "ObjectMeta": {
                "SourceID": 614,
                "SubType": "unknown",
                "Text": "",
                "OcrVersion": 10006
            }
        },
        {
            "ActorName": "TRAFFIC_SIGN 615",
            "ObjectId": 615,
            "BoundingBox3D Origin X": 30.80253033178633,
            "BoundingBox3D Origin Y": -10.937832018069455,
            "BoundingBox3D Origin Z": 2.699146873317659,
            "BoundingBox3D Extent X": 0.1,
            "BoundingBox3D Extent Y": 0.7208321150109754,
            "BoundingBox3D Extent Z": 0.6150844709069305,
            "BoundingBox3D Orientation Quat W": 0.1627268627743355,
            "BoundingBox3D Orientation Quat X": -0.001242380086669,
            "BoundingBox3D Orientation Quat Y": 0.0126555389668373,
            "BoundingBox3D Orientation Quat Z": 0.9865892062843592,
            "ObjectType": "TRAFFIC_SIGN",
            "Occluded": {
                "F_MIDRANGECAM_C": 0.0029288686346262
            },
            "Truncated": 0,
            "ObjectMeta": {
                "SourceID": 615,
                "SubType": "us_yellow_ground_diamond_unknown",
                "Text": "",
                "OcrVersion": 10006
            }
        },
        {
            "ActorName": "TRAFFIC_SIGN 616",
            "ObjectId": 616,
            "BoundingBox3D Origin X": 56.1291129648489,
            "BoundingBox3D Origin Y": -3.659158421389293,
            "BoundingBox3D Origin Z": 3.0790222454816103,
            "BoundingBox3D Extent X": 0.1,
            "BoundingBox3D Extent Y": 0.5572884027437033,
            "BoundingBox3D Extent Z": 0.5924573148805717,
            "BoundingBox3D Orientation Quat W": 0.0512721988255562,
            "BoundingBox3D Orientation Quat X": 0.0001859401618095,
            "BoundingBox3D Orientation Quat Y": 0.0127153007557329,
            "BoundingBox3D Orientation Quat Z": 0.9986037493323064,
            "ObjectType": "TRAFFIC_SIGN",
            "Occluded": {
                "F_MIDRANGECAM_C": 0.948775827884674
            },
            "Truncated": 0,
            "ObjectMeta": {
                "SourceID": 616,
                "SubType": "unknown",
                "Text": "",
                "OcrVersion": 10006
            }
        },
        {
            "ActorName": "TRAFFIC_SIGN 617",
            "ObjectId": 617,
            "BoundingBox3D Origin X": 35.532238618961856,
            "BoundingBox3D Origin Y": -4.202517174213426,
            "BoundingBox3D Origin Z": 3.051264490000904,
            "BoundingBox3D Extent X": 0.0999999999999999,
            "BoundingBox3D Extent Y": 0.7647942581555,
            "BoundingBox3D Extent Z": 0.185378029919662,
            "BoundingBox3D Orientation Quat W": 0.1757212609372482,
            "BoundingBox3D Orientation Quat X": -0.0014070054685239,
            "BoundingBox3D Orientation Quat Y": 0.0126383509899988,
            "BoundingBox3D Orientation Quat Z": 0.9843578266435884,
            "ObjectType": "TRAFFIC_SIGN",
            "Occluded": {
                "F_MIDRANGECAM_C": 0.965544581413269
            },
            "Truncated": 0,
            "ObjectMeta": {
                "SourceID": 617,
                "SubType": "us_white_ground_rectangle_unknown",
                "Text": "",
                "OcrVersion": 10006
            }
        },
        {
            "ActorName": "TRAFFIC_SIGN 618",
            "ObjectId": 618,
            "BoundingBox3D Origin X": 57.88474197287724,
            "BoundingBox3D Origin Y": -3.1284324317530263,
            "BoundingBox3D Origin Z": 2.475350159220397,
            "BoundingBox3D Extent X": 0.0999999999999999,
            "BoundingBox3D Extent Y": 0.3186681614729488,
            "BoundingBox3D Extent Z": 0.468749094353403,
            "BoundingBox3D Orientation Quat W": 0.2870280844974299,
            "BoundingBox3D Orientation Quat X": -0.0028397383393508,
            "BoundingBox3D Orientation Quat Y": 0.0123952849643621,
            "BoundingBox3D Orientation Quat Z": 0.9578377584468848,
            "ObjectType": "TRAFFIC_SIGN",
            "Occluded": {
                "F_MIDRANGECAM_C": 0.8964189887046814
            },
            "Truncated": 0,
            "ObjectMeta": {
                "SourceID": 618,
                "SubType": "us_white_ground_rectangle_unknown",
                "Text": "",
                "OcrVersion": 10006
            }
        },
        {
            "ActorName": "TRAFFIC_SIGN 619",
            "ObjectId": 619,
            "BoundingBox3D Origin X": 87.22253880581047,
            "BoundingBox3D Origin Y": -2.733299103070749,
            "BoundingBox3D Origin Z": 2.985347766429186,
            "BoundingBox3D Extent X": 0.1,
            "BoundingBox3D Extent Y": 0.6539907426792017,
            "BoundingBox3D Extent Z": 1.2534023493860695,
            "BoundingBox3D Orientation Quat W": 0.060520879451822,
            "BoundingBox3D Orientation Quat X": 6.998684772081976e-05,