{
    "CapturedObjects": [
        {
            "ActorName": "TRAFFIC_SIGN 611",
            "ObjectId": 611,
            "BoundingBox3D Origin X": 5.148376841867503,
            "BoundingBox3D Origin Y": -4.4790817365574185,
            "BoundingBox3D Origin Z": 2.4599312199279666,
            "BoundingBox3D Extent X": 0.1,
            "BoundingBox3D Extent Y": 0.6647898721773063,
            "BoundingBox3D Extent Z": 0.4925958622564428,
            "BoundingBox3D Orientation Quat W": 0.0790860458771849,
            "BoundingBox3D Orientation Quat X": -0.0019704593625322,
            "BoundingBox3D Orientation Quat Y": 0.0136418252050953,
            "BoundingBox3D Orientation Quat Z": 0.9967724992406676,
            "ObjectType": "TRAFFIC_SIGN",
            "Occluded": {
                "F_MIDRANGECAM_C": 6.10347478868789e-06
            },
            "Truncated": 0,
            "ObjectMeta": {
                "SourceID": 611,
                "SubType": "unknown",
                "Text": "P",
                "OcrVersion": 10006
            }
        },
        {
            "ActorName": "TRAFFIC_SIGN 612",
            "ObjectId": 612,
            "BoundingBox3D Origin X": 41.67425091352561,
            "BoundingBox3D Origin Y": -3.668565715313889,
            "BoundingBox3D Origin Z": 5.277864092029631,
            "BoundingBox3D Extent X": 0.1,
            "BoundingBox3D Extent Y": 2.015689627696113,
            "BoundingBox3D Extent Z": 0.6071013615992222,
            "BoundingBox3D Orientation Quat W": 0.0404368543214769,
            "BoundingBox3D Orientation Quat X": -0.0014389909385537,
            "BoundingBox3D Orientation Quat Y": 0.0137081978140233,
            "BoundingBox3D Orientation Quat Z": 0.9990870209498036,
            "ObjectType": "TRAFFIC_SIGN",
            "Occluded": {
                "F_MIDRANGECAM_C": 0.0013865537475794
            },
            "Truncated": 0,
            "ObjectMeta": {
                "SourceID": 612,
                "SubType": "unknown",
                "Text": "",
                "OcrVersion": 10006
            }
        },
        {
            "ActorName": "TRAFFIC_SIGN 613",
            "ObjectId": 613,
            "BoundingBox3D Origin X": 47.24383540635972,
            "BoundingBox3D Origin Y": -3.989314438367728,
            "BoundingBox3D Origin Z": 2.778609238564968,
            "BoundingBox3D Extent X": 0.1,
            "BoundingBox3D Extent Y": 0.821519601845871,
            "BoundingBox3D Extent Z": 1.04655705856691,
            "BoundingBox3D Orientation Quat W": 0.0413571609179553,
            "BoundingBox3D Orientation Quat X": -0.0014488000230185,
            "BoundingBox3D Orientation Quat Y": 0.0137067658221111,
            "BoundingBox3D Orientation Quat Z": 0.9990493535306438,
            "ObjectType": "TRAFFIC_SIGN",
            "Occluded": {
                "F_MIDRANGECAM_C": 1.4731593012129454e-07
            },
            "Truncated": 0,
            "ObjectMeta": {
                "SourceID": 613,
                "SubType": "unknown",
                "Text": "AHEAD",
                "OcrVersion": 10006
            }
        },
        {
            "ActorName": "TRAFFIC_SIGN 614",
            "ObjectId": 614,
            "BoundingBox3D Origin X": 28.25302437465507,
            "BoundingBox3D Origin Y": 15.626669646269876,
            "BoundingBox3D Origin Z": 1.9776700576767323,
            "BoundingBox3D Extent X": 0.1,
            "BoundingBox3D Extent Y": 0.7431382892211243,
            "BoundingBox3D Extent Z": 0.8068183363710659,
            "BoundingBox3D Orientation Quat W": -0.3980529884363394,
            "BoundingBox3D Orientation Quat X": 0.0046701827150706,
            "BoundingBox3D Orientation Quat Y": 0.0129742243083692,
            "BoundingBox3D Orientation Quat Z": 0.9172587842555135,
            "ObjectType": "TRAFFIC_SIGN",
            "Occluded": {
                "F_MIDRANGECAM_C": 0.0107567105442285
            },
            "Truncated": 0,
            "ObjectMeta": {
                "SourceID": 614,
                "SubType": "unknown",
                "Text": "",
                "OcrVersion": 10006
            }
        },
        {
            "ActorName": "TRAFFIC_SIGN 615",
            "ObjectId": 615,
            "BoundingBox3D Origin X": 36.38280801090696,
            "BoundingBox3D Origin Y": -11.057590883690864,
            "BoundingBox3D Origin Z": 2.816630158573389,
            "BoundingBox3D Extent X": 0.1,
            "BoundingBox3D Extent Y": 0.7208321150109754,
            "BoundingBox3D Extent Z": 0.6150844709069305,
            "BoundingBox3D Orientation Quat W": 0.1651047873251166,
            "BoundingBox3D Orientation Quat X": -0.003144934108824,
            "BoundingBox3D Orientation Quat Y": 0.0134201312480556,
            "BoundingBox3D Orientation Quat Z": 0.9861797091144516,
            "ObjectType": "TRAFFIC_SIGN",
            "Occluded": {
                "F_MIDRANGECAM_C": 0.0007465338567271
            },
            "Truncated": 0,
            "ObjectMeta": {
                "SourceID": 615,
                "SubType": "us_yellow_ground_diamond_unknown",
                "Text": "",
                "OcrVersion": 10006
            }
        },
        {
            "ActorName": "TRAFFIC_SIGN 616",
            "ObjectId": 616,
            "BoundingBox3D Origin X": 61.74229435693815,
            "BoundingBox3D Origin Y": -3.899075301305857,
            "BoundingBox3D Origin Z": 3.2714367397129536,
            "BoundingBox3D Extent X": 0.1,
            "BoundingBox3D Extent Y": 0.5572884027437033,
            "BoundingBox3D Extent Z": 0.5924573148805717,
            "BoundingBox3D Orientation Quat W": 0.0536805364390918,
            "BoundingBox3D Orientation Quat X": -0.0016188219670097,
            "BoundingBox3D Orientation Quat Y": 0.013687964206275,
            "BoundingBox3D Orientation Quat Z": 0.998463028388602,
            "ObjectType": "TRAFFIC_SIGN",
            "Occluded": {
                "F_MIDRANGECAM_C": 0.8788415193557739
            },
            "Truncated": 0,
            "ObjectMeta": {
                "SourceID": 616,
                "SubType": "unknown",
                "Text": "",
                "OcrVersion": 10006
            }
        },
        {
            "ActorName": "TRAFFIC_SIGN 617",
            "ObjectId": 617,
            "BoundingBox3D Origin X": 41.14334244563179,
            "BoundingBox3D Origin Y": -4.344165753369452,
            "BoundingBox3D Origin Z": 3.1712939217686653,
            "BoundingBox3D Extent X": 0.0999999999999999,
            "BoundingBox3D Extent Y": 0.7647942581555,
            "BoundingBox3D Extent Z": 0.185378029919662,
            "BoundingBox3D Orientation Quat W": 0.1780936161905788,
            "BoundingBox3D Orientation Quat X": -0.0033195030699245,
            "BoundingBox3D Orientation Quat Y": 0.0133777980752417,
            "BoundingBox3D Orientation Quat Z": 0.9839170083346404,
            "ObjectType": "TRAFFIC_SIGN",
            "Occluded": {
                "F_MIDRANGECAM_C": 0.8946790099143982
            },
            "Truncated": 0,
            "ObjectMeta": {
                "SourceID": 617,
                "SubType": "us_white_ground_rectangle_unknown",
                "Text": "",
                "OcrVersion": 10006
            }
        },
        {
            "ActorName": "TRAFFIC_SIGN 618",
            "ObjectId": 618,
            "BoundingBox3D Origin X": 63.50257249277092,
            "BoundingBox3D Origin Y": -3.3780273165612016,
            "BoundingBox3D Origin Z": 2.6729127475991845,
            "BoundingBox3D Extent X": 0.0999999999999999,
            "BoundingBox3D Extent Y": 0.3186681614729488,
            "BoundingBox3D Extent Z": 0.468749094353403,
            "BoundingBox3D Orientation Quat W": 0.2893346226455031,
            "BoundingBox3D Orientation Quat X": -0.0048244134693448,