{
    "CapturedObjects": [
        {
            "ActorName": "TRAFFIC_SIGN 611",
            "ObjectId": 611,
            "BoundingBox3D Origin X": 1.9395114938179177,
            "BoundingBox3D Origin Y": -4.490949098515557,
            "BoundingBox3D Origin Z": 2.464663039892912,
            "BoundingBox3D Extent X": 0.1,
            "BoundingBox3D Extent Y": 0.6647898721773063,
            "BoundingBox3D Extent Z": 0.4925958622564428,
            "BoundingBox3D Orientation Quat W": 0.0776440217160454,
            "BoundingBox3D Orientation Quat X": -0.0020339997307672,
            "BoundingBox3D Orientation Quat Y": 0.013078897178316,
            "BoundingBox3D Orientation Quat Z": 0.996893279737331,
            "ObjectType": "TRAFFIC_SIGN",
            "Occluded": {
                "F_CTCAM_L": 0.0
            },
            "Truncated": 0,
            "ObjectMeta": {
                "SourceID": 611,
                "SubType": "unknown",
                "Text": "P",
                "OcrVersion": 10006
            }
        },
        {
            "ActorName": "TRAFFIC_SIGN 612",
            "ObjectId": 612,
            "BoundingBox3D Origin X": 38.46218940554718,
            "BoundingBox3D Origin Y": -3.577718282816932,
            "BoundingBox3D Origin Z": 5.289959886111319,
            "BoundingBox3D Extent X": 0.1,
            "BoundingBox3D Extent Y": 2.015689627696113,
            "BoundingBox3D Extent Z": 0.6071013615992222,
            "BoundingBox3D Orientation Quat W": 0.0389911487897413,
            "BoundingBox3D Orientation Quat X": -0.0015243633190689,
            "BoundingBox3D Orientation Quat Y": 0.0131482211275135,
            "BoundingBox3D Orientation Quat Z": 0.9991518858080136,
            "ObjectType": "TRAFFIC_SIGN",
            "Occluded": {
                "F_MIDRANGECAM_C": 0.0048472103662788
            },
            "Truncated": 0,
            "ObjectMeta": {
                "SourceID": 612,
                "SubType": "unknown",
                "Text": "",
                "OcrVersion": 10006
            }
        },
        {
            "ActorName": "TRAFFIC_SIGN 613",
            "ObjectId": 613,
            "BoundingBox3D Origin X": 44.0330872165232,
            "BoundingBox3D Origin Y": -3.8795507273462135,
            "BoundingBox3D Origin Z": 2.7913217088207603,
            "BoundingBox3D Extent X": 0.1,
            "BoundingBox3D Extent Y": 0.821519601845871,
            "BoundingBox3D Extent Z": 1.04655705856691,
            "BoundingBox3D Orientation Quat W": 0.0399115157822995,
            "BoundingBox3D Orientation Quat X": -0.0015336542127388,
            "BoundingBox3D Orientation Quat Y": 0.0131467133853464,
            "BoundingBox3D Orientation Quat Z": 0.999115550244254,
            "ObjectType": "TRAFFIC_SIGN",
            "Occluded": {
                "F_MIDRANGECAM_C": 9.841075510053088e-09
            },
            "Truncated": 0,
            "ObjectMeta": {
                "SourceID": 613,
                "SubType": "unknown",
                "Text": "AHEAD",
                "OcrVersion": 10006
            }
        },
        {
            "ActorName": "TRAFFIC_SIGN 614",
            "ObjectId": 614,
            "BoundingBox3D Origin X": 24.98587644682084,
            "BoundingBox3D Origin Y": 15.682101726095423,
            "BoundingBox3D Origin Z": 2.0088899014517665,
            "BoundingBox3D Extent X": 0.1,
            "BoundingBox3D Extent Y": 0.7431382892211243,
            "BoundingBox3D Extent Z": 0.8068183363710659,
            "BoundingBox3D Orientation Quat W": -0.3993817082223351,
            "BoundingBox3D Orientation Quat X": 0.0043486706007742,
            "BoundingBox3D Orientation Quat Y": 0.0125072468994094,
            "BoundingBox3D Orientation Quat Z": 0.916689101591381,
            "ObjectType": "TRAFFIC_SIGN",
            "Occluded": {
                "F_MIDRANGECAM_C": 0.0005107822362333
            },
            "Truncated": 0,
            "ObjectMeta": {
                "SourceID": 614,
                "SubType": "unknown",
                "Text": "",
                "OcrVersion": 10006
            }
        },
        {
            "ActorName": "TRAFFIC_SIGN 615",
            "ObjectId": 615,
            "BoundingBox3D Origin X": 33.19259920751756,
            "BoundingBox3D Origin Y": -10.97927657904802,
            "BoundingBox3D Origin Z": 2.8195465579628944,
            "BoundingBox3D Extent X": 0.1,
            "BoundingBox3D Extent Y": 0.7208321150109754,
            "BoundingBox3D Extent Z": 0.6150844709069305,
            "BoundingBox3D Orientation Quat W": 0.1636789489015062,
            "BoundingBox3D Orientation Quat X": -0.0031593200982966,
            "BoundingBox3D Orientation Quat Y": 0.0128536423314228,
            "BoundingBox3D Orientation Quat Z": 0.9864248599167756,
            "ObjectType": "TRAFFIC_SIGN",
            "Occluded": {
                "F_MIDRANGECAM_C": 0.010292244143784
            },
            "Truncated": 0,
            "ObjectMeta": {
                "SourceID": 615,
                "SubType": "us_yellow_ground_diamond_unknown",
                "Text": "",
                "OcrVersion": 10006
            }
        },
        {
            "ActorName": "TRAFFIC_SIGN 616",
            "ObjectId": 616,
            "BoundingBox3D Origin X": 58.53105708179828,
            "BoundingBox3D Origin Y": -3.747843868943164,
            "BoundingBox3D Origin Z": 3.2868118910118937,
            "BoundingBox3D Extent X": 0.1,
            "BoundingBox3D Extent Y": 0.5572884027437033,
            "BoundingBox3D Extent Z": 0.5924573148805717,
            "BoundingBox3D Orientation Quat W": 0.0522358422514149,
            "BoundingBox3D Orientation Quat X": -0.0016967312337126,
            "BoundingBox3D Orientation Quat Y": 0.0131268864777903,
            "BoundingBox3D Orientation Quat Z": 0.9985470558460454,
            "ObjectType": "TRAFFIC_SIGN",
            "Occluded": {
                "F_MIDRANGECAM_C": 0.2866626679897308
            },
            "Truncated": 0,
            "ObjectMeta": {
                "SourceID": 616,
                "SubType": "unknown",
                "Text": "",
                "OcrVersion": 10006
            }
        },
        {
            "ActorName": "TRAFFIC_SIGN 617",
            "ObjectId": 617,
            "BoundingBox3D Origin X": 37.93361075499706,
            "BoundingBox3D Origin Y": -4.252513114217436,
            "BoundingBox3D Origin Z": 3.182535068131984,
            "BoundingBox3D Extent X": 0.0999999999999999,
            "BoundingBox3D Extent Y": 0.7647942581555,
            "BoundingBox3D Extent Z": 0.185378029919662,
            "BoundingBox3D Orientation Quat W": 0.1766711928229928,
            "BoundingBox3D Orientation Quat X": -0.003326398481721,
            "BoundingBox3D Orientation Quat Y": 0.0128111409132679,
            "BoundingBox3D Orientation Quat Z": 0.9841809281672462,
            "ObjectType": "TRAFFIC_SIGN",
            "Occluded": {
                "F_MIDRANGECAM_C": 0.9731533527374268
            },
            "Truncated": 0,
            "ObjectMeta": {
                "SourceID": 617,
                "SubType": "us_white_ground_rectangle_unknown",
                "Text": "",
                "OcrVersion": 10006
            }
        },
        {
            "ActorName": "TRAFFIC_SIGN 618",
            "ObjectId": 618,
            "BoundingBox3D Origin X": 60.289916667125,
            "BoundingBox3D Origin Y": -3.221035605383804,
            "BoundingBox3D Origin Z": 2.689177264459431,
            "BoundingBox3D Extent X": 0.0999999999999999,
            "BoundingBox3D Extent Y": 0.3186681614729488,
            "BoundingBox3D Extent Z": 0.468749094353403,
            "BoundingBox3D Orientation Quat W": 0.2879522703490008,
            "BoundingBox3D Orientation Quat X": -0.0047663918658111,
            "BoundingBox3D Orientation Quat Y": 0.0123475103779682,