{
    "CapturedObjects": [
        {
            "ActorName": "TRAFFIC_SIGN 604",
            "ObjectId": 604,
            "BoundingBox3D Origin X": 6.061282782757189,
            "BoundingBox3D Origin Y": 13.786965931154556,
            "BoundingBox3D Origin Z": 1.5674198772758243,
            "BoundingBox3D Extent X": 0.1,
            "BoundingBox3D Extent Y": 0.6542573677519435,
            "BoundingBox3D Extent Z": 0.6696639461456285,
            "BoundingBox3D Orientation Quat W": -0.412528521279173,
            "BoundingBox3D Orientation Quat X": 0.0087682527334366,
            "BoundingBox3D Orientation Quat Y": 0.0137062108575857,
            "BoundingBox3D Orientation Quat Z": 0.9107993613629454,
            "ObjectType": "TRAFFIC_SIGN",
            "Occluded": {
                "F_CTCAM_L": 0.0
            },
            "Truncated": 0,
            "ObjectMeta": {
                "SourceID": 604,
                "SubType": "us_stop",
                "Text": "",
                "OcrVersion": 10006
            }
        },
        {
            "ActorName": "TRAFFIC_SIGN 605",
            "ObjectId": 605,
            "BoundingBox3D Origin X": 22.914670844587818,
            "BoundingBox3D Origin Y": -3.696693568432238,
            "BoundingBox3D Origin Z": 5.372781364247203,
            "BoundingBox3D Extent X": 0.1,
            "BoundingBox3D Extent Y": 1.675241656574072,
            "BoundingBox3D Extent Z": 0.7136703424772214,
            "BoundingBox3D Orientation Quat W": 0.0429346144133031,
            "BoundingBox3D Orientation Quat X": 0.0016336230903323,
            "BoundingBox3D Orientation Quat Y": 0.016181722337385,
            "BoundingBox3D Orientation Quat Z": 0.998945495021112,
            "ObjectType": "TRAFFIC_SIGN",
            "Occluded": {
                "F_MIDRANGECAM_C": 0.0026932070031762
            },
            "Truncated": 0,
            "ObjectMeta": {
                "SourceID": 605,
                "SubType": "unknown",
                "Text": "Bryson",
                "OcrVersion": 10006
            }
        },
        {
            "ActorName": "TRAFFIC_SIGN 606",
            "ObjectId": 606,
            "BoundingBox3D Origin X": 22.796450647536403,
            "BoundingBox3D Origin Y": 2.3604070738656446,
            "BoundingBox3D Origin Z": 6.879286158829928,
            "BoundingBox3D Extent X": 0.1,
            "BoundingBox3D Extent Y": 0.6808865710446399,
            "BoundingBox3D Extent Z": 0.8102549796546726,
            "BoundingBox3D Orientation Quat W": -0.0257823746113824,
            "BoundingBox3D Orientation Quat X": 0.0027431396689794,
            "BoundingBox3D Orientation Quat Y": 0.0160315178472795,
            "BoundingBox3D Orientation Quat Z": 0.9995352593979198,
            "ObjectType": "TRAFFIC_SIGN",
            "Occluded": {
                "F_MIDRANGECAM_C": 0.0001283278979826
            },
            "Truncated": 0,
            "ObjectMeta": {
                "SourceID": 606,
                "SubType": "us_white_ground_rectangle_unknown",
                "Text": "",
                "OcrVersion": 10006
            }
        },
        {
            "ActorName": "TRAFFIC_SIGN 607",
            "ObjectId": 607,
            "BoundingBox3D Origin X": 3.263279078841151,
            "BoundingBox3D Origin Y": -10.670133280946176,
            "BoundingBox3D Origin Z": 2.801484857685864,
            "BoundingBox3D Extent X": 0.1,
            "BoundingBox3D Extent Y": 0.6534787456868417,
            "BoundingBox3D Extent Z": 0.6851783530544237,
            "BoundingBox3D Orientation Quat W": 0.36725868303095,
            "BoundingBox3D Orientation Quat X": -0.0037490845612541,
            "BoundingBox3D Orientation Quat Y": 0.0158264616570843,
            "BoundingBox3D Orientation Quat Z": 0.9299766272411052,
            "ObjectType": "TRAFFIC_SIGN",
            "Occluded": {
                "F_CTCAM_L": 0.0
            },
            "Truncated": 0,
            "ObjectMeta": {
                "SourceID": 607,
                "SubType": "us_yellow_ground_diamond_unknown",
                "Text": "OUTLET",
                "OcrVersion": 10006
            }
        },
        {
            "ActorName": "TRAFFIC_SIGN 608",
            "ObjectId": 608,
            "BoundingBox3D Origin X": 37.48739309561279,
            "BoundingBox3D Origin Y": -3.5712506599957123,
            "BoundingBox3D Origin Z": 2.4581584874540567,
            "BoundingBox3D Extent X": 0.1,
            "BoundingBox3D Extent Y": 0.3973643084709372,
            "BoundingBox3D Extent Z": 0.4863847471929617,
            "BoundingBox3D Orientation Quat W": 0.0837711378498639,
            "BoundingBox3D Orientation Quat X": 0.0009747671198694,
            "BoundingBox3D Orientation Quat Y": 0.0162350118671403,
            "BoundingBox3D Orientation Quat Z": 0.9963522824192632,
            "ObjectType": "TRAFFIC_SIGN",
            "Occluded": {
                "F_MIDRANGECAM_C": 3.977520827902481e-05
            },
            "Truncated": 0,
            "ObjectMeta": {
                "SourceID": 608,
                "SubType": "us_yellow_ground_diamond_unknown",
                "Text": "11",
                "OcrVersion": 10006
            }
        },
        {
            "ActorName": "TRAFFIC_SIGN 609",
            "ObjectId": 609,
            "BoundingBox3D Origin X": 72.23044853752799,
            "BoundingBox3D Origin Y": -8.21497284938232,
            "BoundingBox3D Origin Z": 2.164296389557421,
            "BoundingBox3D Extent X": 0.1,
            "BoundingBox3D Extent Y": 0.4327197226534073,
            "BoundingBox3D Extent Z": 0.5787043291211466,
            "BoundingBox3D Orientation Quat W": 0.2060710639752221,
            "BoundingBox3D Orientation Quat X": -0.0010344280496602,
            "BoundingBox3D Orientation Quat Y": 0.0162313672894633,
            "BoundingBox3D Orientation Quat Z": 0.9784018546929704,
            "ObjectType": "TRAFFIC_SIGN",
            "Occluded": {
                "F_MIDRANGECAM_C": 0.9996700286865234
            },
            "Truncated": 0,
            "ObjectMeta": {
                "SourceID": 609,
                "SubType": "unknown",
                "Text": "",
                "OcrVersion": 10006
            }
        },
        {
            "ActorName": "TRAFFIC_SIGN 610",
            "ObjectId": 610,
            "BoundingBox3D Origin X": 84.0143022305092,
            "BoundingBox3D Origin Y": 12.825711778976256,
            "BoundingBox3D Origin Z": 1.7519560270011425,
            "BoundingBox3D Extent X": 0.1,
            "BoundingBox3D Extent Y": 0.5673764564289475,
            "BoundingBox3D Extent Z": 0.8397778011530023,
            "BoundingBox3D Orientation Quat W": -0.1723384145236488,
            "BoundingBox3D Orientation Quat X": 0.0050746567109558,
            "BoundingBox3D Orientation Quat Y": 0.0154547523466006,
            "BoundingBox3D Orientation Quat Z": 0.984903482260392,
            "ObjectType": "TRAFFIC_SIGN",
            "Occluded": {
                "F_MIDRANGECAM_C": 0.9993897676467896
            },
            "Truncated": 0,
            "ObjectMeta": {
                "SourceID": 610,
                "SubType": "us_yellow_ground_diamond_unknown",
                "Text": "",
                "OcrVersion": 10006
            }
        },
        {
            "ActorName": "TRAFFIC_SIGN 611",
            "ObjectId": 611,
            "BoundingBox3D Origin X": 93.75705536329042,
            "BoundingBox3D Origin Y": -2.17108083612402,
            "BoundingBox3D Origin Z": 1.8285783100873232,
            "BoundingBox3D Extent X": 0.1,
            "BoundingBox3D Extent Y": 0.6647898721773063,
            "BoundingBox3D Extent Z": 0.4925958622564428,
            "BoundingBox3D Orientation Quat W": 0.0749671537802486,
            "BoundingBox3D Orientation Quat X": 0.0011226525812989,