{
    "CapturedObjects": [
        {
            "ActorName": "TRAFFIC_SIGN 611",
            "ObjectId": 611,
            "BoundingBox3D Origin X": 9.15387642386122,
            "BoundingBox3D Origin Y": -4.488380271272035,
            "BoundingBox3D Origin Z": 2.4231776101514697,
            "BoundingBox3D Extent X": 0.1,
            "BoundingBox3D Extent Y": 0.6647898721773063,
            "BoundingBox3D Extent Z": 0.4925958622564428,
            "BoundingBox3D Orientation Quat W": 0.0809945320827925,
            "BoundingBox3D Orientation Quat X": -0.0006133248423293,
            "BoundingBox3D Orientation Quat Y": 0.012363848056289,
            "BoundingBox3D Orientation Quat Z": 0.9966376698011008,
            "ObjectType": "TRAFFIC_SIGN",
            "Occluded": {
                "F_MIDRANGECAM_C": 3.4059747122228146e-05
            },
            "Truncated": 0,
            "ObjectMeta": {
                "SourceID": 611,
                "SubType": "unknown",
                "Text": "P",
                "OcrVersion": 10006
            }
        },
        {
            "ActorName": "TRAFFIC_SIGN 612",
            "ObjectId": 612,
            "BoundingBox3D Origin X": 45.68938813297245,
            "BoundingBox3D Origin Y": -3.826461105287308,
            "BoundingBox3D Origin Z": 5.153582714498043,
            "BoundingBox3D Extent X": 0.1,
            "BoundingBox3D Extent Y": 2.015689627696113,
            "BoundingBox3D Extent Z": 0.6071013615992222,
            "BoundingBox3D Orientation Quat W": 0.0423490614004957,
            "BoundingBox3D Orientation Quat X": -0.000132450909063,
            "BoundingBox3D Orientation Quat Y": 0.0123787229790337,
            "BoundingBox3D Orientation Quat Z": 0.999026179172829,
            "ObjectType": "TRAFFIC_SIGN",
            "Occluded": {
                "F_MIDRANGECAM_C": 0.0083788484334945
            },
            "Truncated": 0,
            "ObjectMeta": {
                "SourceID": 612,
                "SubType": "unknown",
                "Text": "",
                "OcrVersion": 10006
            }
        },
        {
            "ActorName": "TRAFFIC_SIGN 613",
            "ObjectId": 613,
            "BoundingBox3D Origin X": 51.25157087007392,
            "BoundingBox3D Origin Y": -4.16174956317991,
            "BoundingBox3D Origin Z": 2.639763932675123,
            "BoundingBox3D Extent X": 0.1,
            "BoundingBox3D Extent Y": 0.821519601845871,
            "BoundingBox3D Extent Z": 1.04655705856691,
            "BoundingBox3D Orientation Quat W": 0.0432693090501803,
            "BoundingBox3D Orientation Quat X": -0.0001410335168338,
            "BoundingBox3D Orientation Quat Y": 0.0123784877181847,
            "BoundingBox3D Orientation Quat Z": 0.9989867466816956,
            "ObjectType": "TRAFFIC_SIGN",
            "Occluded": {
                "F_MIDRANGECAM_C": 3.076817165492685e-07
            },
            "Truncated": 0,
            "ObjectMeta": {
                "SourceID": 613,
                "SubType": "unknown",
                "Text": "AHEAD",
                "OcrVersion": 10006
            }
        },
        {
            "ActorName": "TRAFFIC_SIGN 614",
            "ObjectId": 614,
            "BoundingBox3D Origin X": 32.334710468321646,
            "BoundingBox3D Origin Y": 15.52947491267696,
            "BoundingBox3D Origin Z": 1.9397779582068324,
            "BoundingBox3D Extent X": 0.1,
            "BoundingBox3D Extent Y": 0.7431382892211243,
            "BoundingBox3D Extent Z": 0.8068183363710659,
            "BoundingBox3D Orientation Quat W": -0.3963054754460589,
            "BoundingBox3D Orientation Quat X": 0.0052672527779878,
            "BoundingBox3D Orientation Quat Y": 0.0112091171771732,
            "BoundingBox3D Orientation Quat Z": 0.9180351746375268,
            "ObjectType": "TRAFFIC_SIGN",
            "Occluded": {
                "F_MIDRANGECAM_C": 0.3056603074073791
            },
            "Truncated": 0,
            "ObjectMeta": {
                "SourceID": 614,
                "SubType": "unknown",
                "Text": "",
                "OcrVersion": 10006
            }
        },
        {
            "ActorName": "TRAFFIC_SIGN 615",
            "ObjectId": 615,
            "BoundingBox3D Origin X": 40.36346655989291,
            "BoundingBox3D Origin Y": -11.188206327758962,
            "BoundingBox3D Origin Z": 2.6849151849746704,
            "BoundingBox3D Extent X": 0.1,
            "BoundingBox3D Extent Y": 0.7208321150109754,
            "BoundingBox3D Extent Z": 0.6150844709069305,
            "BoundingBox3D Orientation Quat W": 0.1669945316017161,
            "BoundingBox3D Orientation Quat X": -0.0016820313884159,
            "BoundingBox3D Orientation Quat Y": 0.0122642517552739,
            "BoundingBox3D Orientation Quat Z": 0.9858801069675844,
            "ObjectType": "TRAFFIC_SIGN",
            "Occluded": {
                "F_MIDRANGECAM_C": 0.0078580109402537
            },
            "Truncated": 0,
            "ObjectMeta": {
                "SourceID": 615,
                "SubType": "us_yellow_ground_diamond_unknown",
                "Text": "",
                "OcrVersion": 10006
            }
        },
        {
            "ActorName": "TRAFFIC_SIGN 616",
            "ObjectId": 616,
            "BoundingBox3D Origin X": 65.75143307695271,
            "BoundingBox3D Origin Y": -4.128758318373002,
            "BoundingBox3D Origin Z": 3.0972104854881763,
            "BoundingBox3D Extent X": 0.1,
            "BoundingBox3D Extent Y": 0.5572884027437033,
            "BoundingBox3D Extent Z": 0.5924573148805717,
            "BoundingBox3D Orientation Quat W": 0.0555917896695979,
            "BoundingBox3D Orientation Quat X": -0.0002947322703069,
            "BoundingBox3D Orientation Quat Y": 0.0123758984009529,
            "BoundingBox3D Orientation Quat Z": 0.9983768342629896,
            "ObjectType": "TRAFFIC_SIGN",
            "Occluded": {
                "F_MIDRANGECAM_C": 0.9571822881698608
            },
            "Truncated": 0,
            "ObjectMeta": {
                "SourceID": 616,
                "SubType": "unknown",
                "Text": "",
                "OcrVersion": 10006
            }
        },
        {
            "ActorName": "TRAFFIC_SIGN 617",
            "ObjectId": 617,
            "BoundingBox3D Origin X": 45.15073049996954,
            "BoundingBox3D Origin Y": -4.494172424310818,
            "BoundingBox3D Origin Z": 3.0464564254507422,
            "BoundingBox3D Extent X": 0.0999999999999999,
            "BoundingBox3D Extent Y": 0.7647942581555,
            "BoundingBox3D Extent Z": 0.185378029919662,
            "BoundingBox3D Orientation Quat W": 0.1799792523345965,
            "BoundingBox3D Orientation Quat X": -0.0018414626354247,
            "BoundingBox3D Orientation Quat Y": 0.0122412644216429,
            "BoundingBox3D Orientation Quat Z": 0.9835925117597232,
            "ObjectType": "TRAFFIC_SIGN",
            "Occluded": {
                "F_MIDRANGECAM_C": 0.9749723076820374
            },
            "Truncated": 0,
            "ObjectMeta": {
                "SourceID": 617,
                "SubType": "us_white_ground_rectangle_unknown",
                "Text": "",
                "OcrVersion": 10006
            }
        },
        {
            "ActorName": "TRAFFIC_SIGN 618",
            "ObjectId": 618,
            "BoundingBox3D Origin X": 67.51224182150781,
            "BoundingBox3D Origin Y": -3.61284141195938,
            "BoundingBox3D Origin Z": 2.4958051154389977,
            "BoundingBox3D Extent X": 0.0999999999999999,
            "BoundingBox3D Extent Y": 0.3186681614729488,
            "BoundingBox3D Extent Z": 0.468749094353403,
            "BoundingBox3D Orientation Quat W": 0.2911708541329289,
            "BoundingBox3D Orientation Quat X": -0.0032260526287366,