{
    "CapturedObjects": [
        {
            "ActorName": "TRAFFIC_SIGN 604",
            "ObjectId": 604,
            "BoundingBox3D Origin X": 11.202010505397991,
            "BoundingBox3D Origin Y": 13.868324260402003,
            "BoundingBox3D Origin Z": 1.5975215826183558,
            "BoundingBox3D Extent X": 0.1,
            "BoundingBox3D Extent Y": 0.6542573677519435,
            "BoundingBox3D Extent Z": 0.6696639461456285,
            "BoundingBox3D Orientation Quat W": -0.4158264906162034,
            "BoundingBox3D Orientation Quat X": 0.006775124214353,
            "BoundingBox3D Orientation Quat Y": 0.013728946838949,
            "BoundingBox3D Orientation Quat Z": 0.9093150957794478,
            "ObjectType": "TRAFFIC_SIGN",
            "Occluded": {
                "F_MIDRANGECAM_C": 0.0011787192197516
            },
            "Truncated": 0,
            "ObjectMeta": {
                "SourceID": 604,
                "SubType": "us_stop",
                "Text": "",
                "OcrVersion": 10006
            }
        },
        {
            "ActorName": "TRAFFIC_SIGN 605",
            "ObjectId": 605,
            "BoundingBox3D Origin X": 28.16890462560696,
            "BoundingBox3D Origin Y": -3.4980413939629216,
            "BoundingBox3D Origin Z": 5.434238324873149,
            "BoundingBox3D Extent X": 0.1,
            "BoundingBox3D Extent Y": 1.675241656574072,
            "BoundingBox3D Extent Z": 0.7136703424772214,
            "BoundingBox3D Orientation Quat W": 0.039318903825212,
            "BoundingBox3D Orientation Quat X": -0.0001540709686708,
            "BoundingBox3D Orientation Quat Y": 0.0153028240385328,
            "BoundingBox3D Orientation Quat Z": 0.999109515338817,
            "ObjectType": "TRAFFIC_SIGN",
            "Occluded": {
                "F_MIDRANGECAM_C": 0.0158561095595359
            },
            "Truncated": 0,
            "ObjectMeta": {
                "SourceID": 605,
                "SubType": "unknown",
                "Text": "Bryson",
                "OcrVersion": 10006
            }
        },
        {
            "ActorName": "TRAFFIC_SIGN 606",
            "ObjectId": 606,
            "BoundingBox3D Origin X": 28.00120143093409,
            "BoundingBox3D Origin Y": 2.555511244077934,
            "BoundingBox3D Origin Z": 6.950068401172757,
            "BoundingBox3D Extent X": 0.1,
            "BoundingBox3D Extent Y": 0.6808865710446399,
            "BoundingBox3D Extent Z": 0.8102549796546726,
            "BoundingBox3D Orientation Quat W": -0.0294002728977749,
            "BoundingBox3D Orientation Quat X": 0.0008991210997614,
            "BoundingBox3D Orientation Quat Y": 0.0152775977991602,
            "BoundingBox3D Orientation Quat Z": 0.9994505543248604,
            "ObjectType": "TRAFFIC_SIGN",
            "Occluded": {
                "F_MIDRANGECAM_C": 0.0001406362571287
            },
            "Truncated": 0,
            "ObjectMeta": {
                "SourceID": 606,
                "SubType": "us_white_ground_rectangle_unknown",
                "Text": "",
                "OcrVersion": 10006
            }
        },
        {
            "ActorName": "TRAFFIC_SIGN 607",
            "ObjectId": 607,
            "BoundingBox3D Origin X": 8.578118774464201,
            "BoundingBox3D Origin Y": -10.610265991592314,
            "BoundingBox3D Origin Z": 2.782260861247778,
            "BoundingBox3D Extent X": 0.1,
            "BoundingBox3D Extent Y": 0.6534787456868417,
            "BoundingBox3D Extent Z": 0.6851783530544237,
            "BoundingBox3D Orientation Quat W": 0.3638943076576986,
            "BoundingBox3D Orientation Quat X": -0.0051505215358045,
            "BoundingBox3D Orientation Quat Y": 0.014410544860461,
            "BoundingBox3D Orientation Quat Z": 0.9313145232299656,
            "ObjectType": "TRAFFIC_SIGN",
            "Occluded": {
                "F_MIDRANGECAM_C": 0.0085955895483493
            },
            "Truncated": 0,
            "ObjectMeta": {
                "SourceID": 607,
                "SubType": "us_yellow_ground_diamond_unknown",
                "Text": "OUTLET",
                "OcrVersion": 10006
            }
        },
        {
            "ActorName": "TRAFFIC_SIGN 608",
            "ObjectId": 608,
            "BoundingBox3D Origin X": 42.7504847657101,
            "BoundingBox3D Origin Y": -3.26162226634915,
            "BoundingBox3D Origin Z": 2.5713742235675454,
            "BoundingBox3D Extent X": 0.1,
            "BoundingBox3D Extent Y": 0.3973643084709372,
            "BoundingBox3D Extent Z": 0.4863847471929617,
            "BoundingBox3D Orientation Quat W": 0.0801648681783885,
            "BoundingBox3D Orientation Quat X": -0.0007753719142632,
            "BoundingBox3D Orientation Quat Y": 0.0152836505318425,
            "BoundingBox3D Orientation Quat Z": 0.9966641373776606,
            "ObjectType": "TRAFFIC_SIGN",
            "Occluded": {
                "F_MIDRANGECAM_C": 0.0051613762043416
            },
            "Truncated": 0,
            "ObjectMeta": {
                "SourceID": 608,
                "SubType": "us_yellow_ground_diamond_unknown",
                "Text": "11",
                "OcrVersion": 10006
            }
        },
        {
            "ActorName": "TRAFFIC_SIGN 609",
            "ObjectId": 609,
            "BoundingBox3D Origin X": 77.52723909402812,
            "BoundingBox3D Origin Y": -7.651440448651556,
            "BoundingBox3D Origin Z": 2.3928600177168846,
            "BoundingBox3D Extent X": 0.1,
            "BoundingBox3D Extent Y": 0.4327197226534073,
            "BoundingBox3D Extent Z": 0.5787043291211466,
            "BoundingBox3D Orientation Quat W": 0.202530161962859,
            "BoundingBox3D Orientation Quat X": -0.0026535658452563,
            "BoundingBox3D Orientation Quat Y": 0.0150710672109738,
            "BoundingBox3D Orientation Quat Z": 0.9791564507353896,
            "ObjectType": "TRAFFIC_SIGN",
            "Occluded": {
                "F_MIDRANGECAM_C": 0.999756395816803
            },
            "Truncated": 0,
            "ObjectMeta": {
                "SourceID": 609,
                "SubType": "unknown",
                "Text": "",
                "OcrVersion": 10006
            }
        },
        {
            "ActorName": "TRAFFIC_SIGN 610",
            "ObjectId": 610,
            "BoundingBox3D Origin X": 89.15868776213301,
            "BoundingBox3D Origin Y": 13.475022243655983,
            "BoundingBox3D Origin Z": 2.056096637621522,
            "BoundingBox3D Extent X": 0.1,
            "BoundingBox3D Extent Y": 0.5673764564289475,
            "BoundingBox3D Extent Z": 0.8397778011530023,
            "BoundingBox3D Orientation Quat W": -0.1759034680315912,
            "BoundingBox3D Orientation Quat X": 0.0031394700382851,
            "BoundingBox3D Orientation Quat Y": 0.0149800392114318,
            "BoundingBox3D Orientation Quat Z": 0.9842884293171188,
            "ObjectType": "TRAFFIC_SIGN",
            "Occluded": {
                "F_MIDRANGECAM_C": 0.9989882111549376
            },
            "Truncated": 0,
            "ObjectMeta": {
                "SourceID": 610,
                "SubType": "us_yellow_ground_diamond_unknown",
                "Text": "",
                "OcrVersion": 10006
            }
        },
        {
            "ActorName": "TRAFFIC_SIGN 611",
            "ObjectId": 611,
            "BoundingBox3D Origin X": 99.01020526516368,
            "BoundingBox3D Origin Y": -1.4503151399840135,
            "BoundingBox3D Origin Z": 2.1429912000894547,
            "BoundingBox3D Extent X": 0.1,
            "BoundingBox3D Extent Y": 0.6647898721773063,
            "BoundingBox3D Extent Z": 0.4925958622564428,
            "BoundingBox3D Orientation Quat W": 0.0713583286806287,
            "BoundingBox3D Orientation Quat X": -0.0006358429956503,