{
    "CapturedObjects": [
        {
            "ActorName": "TRAFFIC_SIGN 604",
            "ObjectId": 604,
            "BoundingBox3D Origin X": 3.925482922972151,
            "BoundingBox3D Origin Y": 13.736121699155774,
            "BoundingBox3D Origin Z": 1.56917136721313,
            "BoundingBox3D Extent X": 0.1,
            "BoundingBox3D Extent Y": 0.6542573677519435,
            "BoundingBox3D Extent Z": 0.6696639461456285,
            "BoundingBox3D Orientation Quat W": -0.408559028197805,
            "BoundingBox3D Orientation Quat X": 0.0075862855443138,
            "BoundingBox3D Orientation Quat Y": 0.0148296483001914,
            "BoundingBox3D Orientation Quat Z": 0.9125798870679748,
            "ObjectType": "TRAFFIC_SIGN",
            "Occluded": {
                "F_CTCAM_L": 0.0
            },
            "Truncated": 0,
            "ObjectMeta": {
                "SourceID": 604,
                "SubType": "us_stop",
                "Text": "",
                "OcrVersion": 10006
            }
        },
        {
            "ActorName": "TRAFFIC_SIGN 605",
            "ObjectId": 605,
            "BoundingBox3D Origin X": 20.614723580729333,
            "BoundingBox3D Origin Y": -3.888149129983504,
            "BoundingBox3D Origin Z": 5.447673764079809,
            "BoundingBox3D Extent X": 0.1,
            "BoundingBox3D Extent Y": 1.675241656574072,
            "BoundingBox3D Extent Z": 0.7136703424772214,
            "BoundingBox3D Orientation Quat W": 0.0472781496549835,
            "BoundingBox3D Orientation Quat X": 7.195673023038137e-05,
            "BoundingBox3D Orientation Quat Y": 0.0166520724003623,
            "BoundingBox3D Orientation Quat Z": 0.9987429498485602,
            "ObjectType": "TRAFFIC_SIGN",
            "Occluded": {
                "F_MIDRANGECAM_C": 0.0001058695124811
            },
            "Truncated": 0,
            "ObjectMeta": {
                "SourceID": 605,
                "SubType": "unknown",
                "Text": "Bryson",
                "OcrVersion": 10006
            }
        },
        {
            "ActorName": "TRAFFIC_SIGN 606",
            "ObjectId": 606,
            "BoundingBox3D Origin X": 20.54404035026164,
            "BoundingBox3D Origin Y": 2.171360506588826,
            "BoundingBox3D Origin Z": 6.947266783565283,
            "BoundingBox3D Extent X": 0.1,
            "BoundingBox3D Extent Y": 0.6808865710446399,
            "BoundingBox3D Extent Z": 0.8102549796546726,
            "BoundingBox3D Orientation Quat W": -0.0214347174094603,
            "BoundingBox3D Orientation Quat X": 0.0012172885906909,
            "BoundingBox3D Orientation Quat Y": 0.0166078913182166,
            "BoundingBox3D Orientation Quat Z": 0.9996315566467606,
            "ObjectType": "TRAFFIC_SIGN",
            "Occluded": {
                "F_MIDRANGECAM_C": 0.012960884720087
            },
            "Truncated": 0,
            "ObjectMeta": {
                "SourceID": 606,
                "SubType": "us_white_ground_rectangle_unknown",
                "Text": "",
                "OcrVersion": 10006
            }
        },
        {
            "ActorName": "TRAFFIC_SIGN 607",
            "ObjectId": 607,
            "BoundingBox3D Origin X": 0.912172273363467,
            "BoundingBox3D Origin Y": -10.69428908842383,
            "BoundingBox3D Origin Z": 2.820499644614756,
            "BoundingBox3D Extent X": 0.1,
            "BoundingBox3D Extent Y": 0.6534787456868417,
            "BoundingBox3D Extent Z": 0.6851783530544237,
            "BoundingBox3D Orientation Quat W": 0.3712960424705645,
            "BoundingBox3D Orientation Quat X": -0.005377736659608,
            "BoundingBox3D Orientation Quat Y": 0.0157604646735537,
            "BoundingBox3D Orientation Quat Z": 0.9283651956786138,
            "ObjectType": "TRAFFIC_SIGN",
            "Occluded": {
                "F_CTCAM_L": 0.0
            },
            "Truncated": 0,
            "ObjectMeta": {
                "SourceID": 607,
                "SubType": "us_yellow_ground_diamond_unknown",
                "Text": "OUTLET",
                "OcrVersion": 10006
            }
        },
        {
            "ActorName": "TRAFFIC_SIGN 608",
            "ObjectId": 608,
            "BoundingBox3D Origin X": 35.19724724307525,
            "BoundingBox3D Origin Y": -3.891878135822481,
            "BoundingBox3D Origin Z": 2.579965118318796,
            "BoundingBox3D Extent X": 0.1,
            "BoundingBox3D Extent Y": 0.3973643084709372,
            "BoundingBox3D Extent Z": 0.4863847471929617,
            "BoundingBox3D Orientation Quat W": 0.0881024909688765,
            "BoundingBox3D Orientation Quat X": -0.0006047206582267,
            "BoundingBox3D Orientation Quat Y": 0.0166411151202044,
            "BoundingBox3D Orientation Quat Z": 0.9959722178281684,
            "ObjectType": "TRAFFIC_SIGN",
            "Occluded": {
                "F_MIDRANGECAM_C": 0.0020742814522236
            },
            "Truncated": 0,
            "ObjectMeta": {
                "SourceID": 608,
                "SubType": "us_yellow_ground_diamond_unknown",
                "Text": "11",
                "OcrVersion": 10006
            }
        },
        {
            "ActorName": "TRAFFIC_SIGN 609",
            "ObjectId": 609,
            "BoundingBox3D Origin X": 69.8995501830268,
            "BoundingBox3D Origin Y": -8.83595414631418,
            "BoundingBox3D Origin Z": 2.4031980354338884,
            "BoundingBox3D Extent X": 0.1,
            "BoundingBox3D Extent Y": 0.4327197226534073,
            "BoundingBox3D Extent Z": 0.5787043291211466,
            "BoundingBox3D Orientation Quat W": 0.2103218027588018,
            "BoundingBox3D Orientation Quat X": -0.0026515790225381,
            "BoundingBox3D Orientation Quat Y": 0.0164395868400569,
            "BoundingBox3D Orientation Quat Z": 0.9774903827647118,
            "ObjectType": "TRAFFIC_SIGN",
            "Occluded": {
                "F_MIDRANGECAM_C": 0.9997043013572692
            },
            "Truncated": 0,
            "ObjectMeta": {
                "SourceID": 609,
                "SubType": "unknown",
                "Text": "",
                "OcrVersion": 10006
            }
        },
        {
            "ActorName": "TRAFFIC_SIGN 610",
            "ObjectId": 610,
            "BoundingBox3D Origin X": 81.86613119133835,
            "BoundingBox3D Origin Y": 12.101457732496783,
            "BoundingBox3D Origin Z": 2.006252740509808,
            "BoundingBox3D Extent X": 0.1,
            "BoundingBox3D Extent Y": 0.5673764564289475,
            "BoundingBox3D Extent Z": 0.8397778011530023,
            "BoundingBox3D Orientation Quat W": -0.1680511107149417,
            "BoundingBox3D Orientation Quat X": 0.003649737953426,
            "BoundingBox3D Orientation Quat Y": 0.0162486433727887,
            "BoundingBox3D Orientation Quat Z": 0.9856376033760532,
            "ObjectType": "TRAFFIC_SIGN",
            "Occluded": {
                "F_MIDRANGECAM_C": 0.9983469247817992
            },
            "Truncated": 0,
            "ObjectMeta": {
                "SourceID": 610,
                "SubType": "us_yellow_ground_diamond_unknown",
                "Text": "",
                "OcrVersion": 10006
            }
        },
        {
            "ActorName": "TRAFFIC_SIGN 611",
            "ObjectId": 611,
            "BoundingBox3D Origin X": 91.47853633176236,
            "BoundingBox3D Origin Y": -2.978746069886256,
            "BoundingBox3D Origin Z": 2.1304382141679525,
            "BoundingBox3D Extent X": 0.1,
            "BoundingBox3D Extent Y": 0.6647898721773063,
            "BoundingBox3D Extent Z": 0.4925958622564428,
            "BoundingBox3D Orientation Quat W": 0.079301752777533,
            "BoundingBox3D Orientation Quat X": -0.0004532104315429,