{
    "CapturedObjects": [
        {
            "ActorName": "TRAFFIC_SIGN 608",
            "ObjectId": 608,
            "BoundingBox3D Origin X": 5.080864555609878,
            "BoundingBox3D Origin Y": -4.81326043093577,
            "BoundingBox3D Origin Z": 2.8326151724904776,
            "BoundingBox3D Extent X": 0.1,
            "BoundingBox3D Extent Y": 0.3973643084709372,
            "BoundingBox3D Extent Z": 0.4863847471929617,
            "BoundingBox3D Orientation Quat W": 0.0965976979070418,
            "BoundingBox3D Orientation Quat X": -0.0008013368117166,
            "BoundingBox3D Orientation Quat Y": 0.0223402130662605,
            "BoundingBox3D Orientation Quat Z": 0.9950724383171952,
            "ObjectType": "TRAFFIC_SIGN",
            "Occluded": {
                "F_MIDRANGECAM_C": 0.9989895224571228
            },
            "Truncated": 0,
            "ObjectMeta": {
                "SourceID": 608,
                "SubType": "us_yellow_ground_diamond_unknown",
                "Text": "11",
                "OcrVersion": 10006
            }
        },
        {
            "ActorName": "TRAFFIC_SIGN 609",
            "ObjectId": 609,
            "BoundingBox3D Origin X": 39.69340082854978,
            "BoundingBox3D Origin Y": -10.351045901014004,
            "BoundingBox3D Origin Z": 2.704224098473788,
            "BoundingBox3D Extent X": 0.1,
            "BoundingBox3D Extent Y": 0.4327197226534073,
            "BoundingBox3D Extent Z": 0.5787043291211466,
            "BoundingBox3D Orientation Quat W": 0.2186423849662461,
            "BoundingBox3D Orientation Quat X": -0.0035503916427682,
            "BoundingBox3D Orientation Quat Y": 0.0220709463454377,
            "BoundingBox3D Orientation Quat Z": 0.9755489611202872,
            "ObjectType": "TRAFFIC_SIGN",
            "Occluded": {
                "F_MIDRANGECAM_C": 0.4363602995872497
            },
            "Truncated": 0,
            "ObjectMeta": {
                "SourceID": 609,
                "SubType": "unknown",
                "Text": "",
                "OcrVersion": 10006
            }
        },
        {
            "ActorName": "TRAFFIC_SIGN 610",
            "ObjectId": 610,
            "BoundingBox3D Origin X": 52.01569228855806,
            "BoundingBox3D Origin Y": 10.373102352546994,
            "BoundingBox3D Origin Z": 2.065487266518176,
            "BoundingBox3D Extent X": 0.1,
            "BoundingBox3D Extent Y": 0.5673764564289475,
            "BoundingBox3D Extent Z": 0.8397778011530023,
            "BoundingBox3D Orientation Quat W": -0.1596080845588986,
            "BoundingBox3D Orientation Quat X": 0.0049097387264949,
            "BoundingBox3D Orientation Quat Y": 0.0218105445850725,
            "BoundingBox3D Orientation Quat Z": 0.9869272789592856,
            "ObjectType": "TRAFFIC_SIGN",
            "Occluded": {
                "F_MIDRANGECAM_C": 0.9999431371688844
            },
            "Truncated": 0,
            "ObjectMeta": {
                "SourceID": 610,
                "SubType": "us_yellow_ground_diamond_unknown",
                "Text": "",
                "OcrVersion": 10006
            }
        },
        {
            "ActorName": "TRAFFIC_SIGN 611",
            "ObjectId": 611,
            "BoundingBox3D Origin X": 61.36908010074694,
            "BoundingBox3D Origin Y": -4.866736076364759,
            "BoundingBox3D Origin Z": 2.3595892433077097,
            "BoundingBox3D Extent X": 0.1,
            "BoundingBox3D Extent Y": 0.6647898721773063,
            "BoundingBox3D Extent Z": 0.4925958622564428,
            "BoundingBox3D Orientation Quat W": 0.0878045108557685,
            "BoundingBox3D Orientation Quat X": -0.0005994401086227,
            "BoundingBox3D Orientation Quat Y": 0.0223468031196774,
            "BoundingBox3D Orientation Quat Z": 0.9958868554887474,
            "ObjectType": "TRAFFIC_SIGN",
            "Occluded": {
                "F_MIDRANGECAM_C": 0.8778520226478577
            },
            "Truncated": 0,
            "ObjectMeta": {
                "SourceID": 611,
                "SubType": "unknown",
                "Text": "P",
                "OcrVersion": 10006
            }
        },
        {
            "ActorName": "TRAFFIC_SIGN 612",
            "ObjectId": 612,
            "BoundingBox3D Origin X": 97.91436805407284,
            "BoundingBox3D Origin Y": -4.651999866589904,
            "BoundingBox3D Origin Z": 5.027399882674217,
            "BoundingBox3D Extent X": 0.1,
            "BoundingBox3D Extent Y": 2.015689627696113,
            "BoundingBox3D Extent Z": 0.6071013615992222,
            "BoundingBox3D Orientation Quat W": 0.0491828090035832,
            "BoundingBox3D Orientation Quat X": 0.0002681124855971,
            "BoundingBox3D Orientation Quat Y": 0.0223535042671453,
            "BoundingBox3D Orientation Quat Z": 0.998539583722744,
            "ObjectType": "TRAFFIC_SIGN",
            "Occluded": {
                "F_MIDRANGECAM_C": 0.5895245671272278
            },
            "Truncated": 0,
            "ObjectMeta": {
                "SourceID": 612,
                "SubType": "unknown",
                "Text": "",
                "OcrVersion": 10006
            }
        },
        {
            "ActorName": "TRAFFIC_SIGN 613",
            "ObjectId": 613,
            "BoundingBox3D Origin X": 103.46733378960562,
            "BoundingBox3D Origin Y": -5.11352001625346,
            "BoundingBox3D Origin Z": 2.513326562009752,
            "BoundingBox3D Extent X": 0.1,
            "BoundingBox3D Extent Y": 0.821519601845871,
            "BoundingBox3D Extent Z": 1.04655705856691,
            "BoundingBox3D Orientation Quat W": 0.0501026381328813,
            "BoundingBox3D Orientation Quat X": 0.0002503354573831,
            "BoundingBox3D Orientation Quat Y": 0.0223536174247419,
            "BoundingBox3D Orientation Quat Z": 0.9984938551500016,
            "ObjectType": "TRAFFIC_SIGN",
            "Occluded": {
                "F_MIDRANGECAM_C": 0.000213124541915
            },
            "Truncated": 0,
            "ObjectMeta": {
                "SourceID": 613,
                "SubType": "unknown",
                "Text": "AHEAD",
                "OcrVersion": 10006
            }
        },
        {
            "ActorName": "TRAFFIC_SIGN 614",
            "ObjectId": 614,
            "BoundingBox3D Origin X": 84.82104575399353,
            "BoundingBox3D Origin Y": 14.817519936827011,
            "BoundingBox3D Origin Z": 1.4464108105748892,
            "BoundingBox3D Extent X": 0.1,
            "BoundingBox3D Extent Y": 0.7431382892211243,
            "BoundingBox3D Extent Z": 0.8068183363710659,
            "BoundingBox3D Orientation Quat W": -0.3899388183386899,
            "BoundingBox3D Orientation Quat X": 0.0099680323465798,
            "BoundingBox3D Orientation Quat Y": 0.0200169226888209,
            "BoundingBox3D Orientation Quat Z": 0.9205692147198026,
            "ObjectType": "TRAFFIC_SIGN",
            "Occluded": {
                "F_MIDRANGECAM_C": 0.9999780654907228
            },
            "Truncated": 0,
            "ObjectMeta": {
                "SourceID": 614,
                "SubType": "unknown",
                "Text": "",
                "OcrVersion": 10006
            }
        },
        {
            "ActorName": "TRAFFIC_SIGN 615",
            "ObjectId": 615,
            "BoundingBox3D Origin X": 92.4841374063326,
            "BoundingBox3D Origin Y": -11.98760529863648,
            "BoundingBox3D Origin Z": 2.713038607500493,
            "BoundingBox3D Extent X": 0.1,
            "BoundingBox3D Extent Y": 0.7208321150109754,
            "BoundingBox3D Extent Z": 0.6150844709069305,
            "BoundingBox3D Orientation Quat W": 0.1737145216100124,
            "BoundingBox3D Orientation Quat X": -0.0025330777771069,
            "BoundingBox3D Orientation Quat Y": 0.0222112727595873,