{
    "CapturedObjects": [
        {
            "ActorName": "TRAFFIC_SIGN 604",
            "ObjectId": 604,
            "BoundingBox3D Origin X": 5.348036841074645,
            "BoundingBox3D Origin Y": 13.77177024888806,
            "BoundingBox3D Origin Z": 1.533305429853499,
            "BoundingBox3D Extent X": 0.1,
            "BoundingBox3D Extent Y": 0.6542573677519435,
            "BoundingBox3D Extent Z": 0.6696639461456285,
            "BoundingBox3D Orientation Quat W": -0.4112291652789459,
            "BoundingBox3D Orientation Quat X": 0.0087030878380564,
            "BoundingBox3D Orientation Quat Y": 0.0154743237465471,
            "BoundingBox3D Orientation Quat Z": 0.9113590813673016,
            "ObjectType": "TRAFFIC_SIGN",
            "Occluded": {
                "F_CTCAM_L": 0.0
            },
            "Truncated": 0,
            "ObjectMeta": {
                "SourceID": 604,
                "SubType": "us_stop",
                "Text": "",
                "OcrVersion": 10006
            }
        },
        {
            "ActorName": "TRAFFIC_SIGN 605",
            "ObjectId": 605,
            "BoundingBox3D Origin X": 22.146050606086646,
            "BoundingBox3D Origin Y": -3.746620372548932,
            "BoundingBox3D Origin Z": 5.421300015412271,
            "BoundingBox3D Extent X": 0.1,
            "BoundingBox3D Extent Y": 1.675241656574072,
            "BoundingBox3D Extent Z": 0.7136703424772214,
            "BoundingBox3D Orientation Quat W": 0.0443452572203785,
            "BoundingBox3D Orientation Quat X": 0.0007793088249784,
            "BoundingBox3D Orientation Quat Y": 0.0177310273430342,
            "BoundingBox3D Orientation Quat Z": 0.998858599356873,
            "ObjectType": "TRAFFIC_SIGN",
            "Occluded": {
                "F_MIDRANGECAM_C": 0.0037310519255697
            },
            "Truncated": 0,
            "ObjectMeta": {
                "SourceID": 605,
                "SubType": "unknown",
                "Text": "Bryson",
                "OcrVersion": 10006
            }
        },
        {
            "ActorName": "TRAFFIC_SIGN 606",
            "ObjectId": 606,
            "BoundingBox3D Origin X": 22.042381334689708,
            "BoundingBox3D Origin Y": 2.315530406718608,
            "BoundingBox3D Origin Z": 6.908429655246437,
            "BoundingBox3D Extent X": 0.1,
            "BoundingBox3D Extent Y": 0.6808865710446399,
            "BoundingBox3D Extent Z": 0.8102549796546726,
            "BoundingBox3D Orientation Quat W": -0.0243693629799626,
            "BoundingBox3D Orientation Quat X": 0.0019969506897741,
            "BoundingBox3D Orientation Quat Y": 0.0176359752031368,
            "BoundingBox3D Orientation Quat Z": 0.9995454560521636,
            "ObjectType": "TRAFFIC_SIGN",
            "Occluded": {
                "F_MIDRANGECAM_C": 0.0007138187647797
            },
            "Truncated": 0,
            "ObjectMeta": {
                "SourceID": 606,
                "SubType": "us_white_ground_rectangle_unknown",
                "Text": "",
                "OcrVersion": 10006
            }
        },
        {
            "ActorName": "TRAFFIC_SIGN 607",
            "ObjectId": 607,
            "BoundingBox3D Origin X": 2.4794856477165013,
            "BoundingBox3D Origin Y": -10.67332441470353,
            "BoundingBox3D Origin Z": 2.840216612443328,
            "BoundingBox3D Extent X": 0.1,
            "BoundingBox3D Extent Y": 0.6534787456868417,
            "BoundingBox3D Extent Z": 0.6851783530544237,
            "BoundingBox3D Orientation Quat W": 0.3685659798366982,
            "BoundingBox3D Orientation Quat X": -0.0050620632822452,
            "BoundingBox3D Orientation Quat Y": 0.0170100656119657,
            "BoundingBox3D Orientation Quat Z": 0.9294321662661658,
            "ObjectType": "TRAFFIC_SIGN",
            "Occluded": {
                "F_CTCAM_L": 0.0
            },
            "Truncated": 0,
            "ObjectMeta": {
                "SourceID": 607,
                "SubType": "us_yellow_ground_diamond_unknown",
                "Text": "OUTLET",
                "OcrVersion": 10006
            }
        },
        {
            "ActorName": "TRAFFIC_SIGN 608",
            "ObjectId": 608,
            "BoundingBox3D Origin X": 36.72367138991467,
            "BoundingBox3D Origin Y": -3.671102965134196,
            "BoundingBox3D Origin Z": 2.529950452968478,
            "BoundingBox3D Extent X": 0.1,
            "BoundingBox3D Extent Y": 0.3973643084709372,
            "BoundingBox3D Extent Z": 0.4863847471929617,
            "BoundingBox3D Orientation Quat W": 0.0851772877687311,
            "BoundingBox3D Orientation Quat X": 5.795207776987966e-05,
            "BoundingBox3D Orientation Quat Y": 0.0177479584459134,
            "BoundingBox3D Orientation Quat Z": 0.9962077274649708,
            "ObjectType": "TRAFFIC_SIGN",
            "Occluded": {
                "F_MIDRANGECAM_C": 0.0005046206060796
            },
            "Truncated": 0,
            "ObjectMeta": {
                "SourceID": 608,
                "SubType": "us_yellow_ground_diamond_unknown",
                "Text": "11",
                "OcrVersion": 10006
            }
        },
        {
            "ActorName": "TRAFFIC_SIGN 609",
            "ObjectId": 609,
            "BoundingBox3D Origin X": 71.45378341629475,
            "BoundingBox3D Origin Y": -8.412644873023964,
            "BoundingBox3D Origin Z": 2.307150943204761,
            "BoundingBox3D Extent X": 0.1,
            "BoundingBox3D Extent Y": 0.4327197226534073,
            "BoundingBox3D Extent Z": 0.5787043291211466,
            "BoundingBox3D Orientation Quat W": 0.2074495963530812,
            "BoundingBox3D Orientation Quat X": -0.0021304736402975,
            "BoundingBox3D Orientation Quat Y": 0.0176192201367615,
            "BoundingBox3D Orientation Quat Z": 0.978084704479517,
            "ObjectType": "TRAFFIC_SIGN",
            "Occluded": {
                "F_MIDRANGECAM_C": 0.9997240900993348
            },
            "Truncated": 0,
            "ObjectMeta": {
                "SourceID": 609,
                "SubType": "unknown",
                "Text": "",
                "OcrVersion": 10006
            }
        },
        {
            "ActorName": "TRAFFIC_SIGN 610",
            "ObjectId": 610,
            "BoundingBox3D Origin X": 83.29717282218189,
            "BoundingBox3D Origin Y": 12.59361375431763,
            "BoundingBox3D Origin Z": 1.8473457787185907,
            "BoundingBox3D Extent X": 0.1,
            "BoundingBox3D Extent Y": 0.5673764564289475,
            "BoundingBox3D Extent Z": 0.8397778011530023,
            "BoundingBox3D Orientation Quat W": -0.1709422028671663,
            "BoundingBox3D Orientation Quat X": 0.0045715412929853,
            "BoundingBox3D Orientation Quat Y": 0.017151495493056,
            "BoundingBox3D Orientation Quat Z": 0.9851211552349683,
            "ObjectType": "TRAFFIC_SIGN",
            "Occluded": {
                "F_MIDRANGECAM_C": 0.9988271594047546
            },
            "Truncated": 0,
            "ObjectMeta": {
                "SourceID": 610,
                "SubType": "us_yellow_ground_diamond_unknown",
                "Text": "",
                "OcrVersion": 10006
            }
        },
        {
            "ActorName": "TRAFFIC_SIGN 611",
            "ObjectId": 611,
            "BoundingBox3D Origin X": 92.99763608617286,
            "BoundingBox3D Origin Y": -2.429950174177065,
            "BoundingBox3D Origin Z": 1.987232354469597,
            "BoundingBox3D Extent X": 0.1,
            "BoundingBox3D Extent Y": 0.6647898721773063,
            "BoundingBox3D Extent Z": 0.4925958622564428,
            "BoundingBox3D Orientation Quat W": 0.0763744777772693,
            "BoundingBox3D Orientation Quat X": 0.0002192017344249,