{
    "CapturedObjects": [
        {
            "ActorName": "TRAFFIC_SIGN 609",
            "ObjectId": 609,
            "BoundingBox3D Origin X": 14.975400219693256,
            "BoundingBox3D Origin Y": -10.01462419971358,
            "BoundingBox3D Origin Z": 2.584548419341445,
            "BoundingBox3D Extent X": 0.1,
            "BoundingBox3D Extent Y": 0.4327197226534073,
            "BoundingBox3D Extent Z": 0.5787043291211466,
            "BoundingBox3D Orientation Quat W": 0.2107017422882897,
            "BoundingBox3D Orientation Quat X": -0.0004725827682527,
            "BoundingBox3D Orientation Quat Y": 0.016741092571848,
            "BoundingBox3D Orientation Quat Z": 0.9774069205206738,
            "ObjectType": "TRAFFIC_SIGN",
            "Occluded": {
                "F_MIDRANGECAM_C": 0.0017433969769626
            },
            "Truncated": 0,
            "ObjectMeta": {
                "SourceID": 609,
                "SubType": "unknown",
                "Text": "",
                "OcrVersion": 10006
            }
        },
        {
            "ActorName": "TRAFFIC_SIGN 610",
            "ObjectId": 610,
            "BoundingBox3D Origin X": 26.95798553025816,
            "BoundingBox3D Origin Y": 10.91281463066116,
            "BoundingBox3D Origin Z": 2.142073883675039,
            "BoundingBox3D Extent X": 0.1,
            "BoundingBox3D Extent Y": 0.5673764564289475,
            "BoundingBox3D Extent Z": 0.8397778011530023,
            "BoundingBox3D Orientation Quat W": -0.1676680483192821,
            "BoundingBox3D Orientation Quat X": 0.00578429612272,
            "BoundingBox3D Orientation Quat Y": 0.015720040905848,
            "BoundingBox3D Orientation Quat Z": 0.9857011960046952,
            "ObjectType": "TRAFFIC_SIGN",
            "Occluded": {
                "F_MIDRANGECAM_C": 0.0187502112239599
            },
            "Truncated": 0,
            "ObjectMeta": {
                "SourceID": 610,
                "SubType": "us_yellow_ground_diamond_unknown",
                "Text": "",
                "OcrVersion": 10006
            }
        },
        {
            "ActorName": "TRAFFIC_SIGN 611",
            "ObjectId": 611,
            "BoundingBox3D Origin X": 36.5580024485098,
            "BoundingBox3D Origin Y": -4.17564273631433,
            "BoundingBox3D Origin Z": 2.219250038266182,
            "BoundingBox3D Extent X": 0.1,
            "BoundingBox3D Extent Y": 0.6647898721773063,
            "BoundingBox3D Extent Z": 0.4925958622564428,
            "BoundingBox3D Orientation Quat W": 0.0796890934890506,
            "BoundingBox3D Orientation Quat X": 0.0017464990654596,
            "BoundingBox3D Orientation Quat Y": 0.0166576788559147,
            "BoundingBox3D Orientation Quat Z": 0.9966790455583188,
            "ObjectType": "TRAFFIC_SIGN",
            "Occluded": {
                "F_MIDRANGECAM_C": 0.0001661282440181
            },
            "Truncated": 0,
            "ObjectMeta": {
                "SourceID": 611,
                "SubType": "unknown",
                "Text": "P",
                "OcrVersion": 10006
            }
        },
        {
            "ActorName": "TRAFFIC_SIGN 612",
            "ObjectId": 612,
            "BoundingBox3D Origin X": 73.10595915062004,
            "BoundingBox3D Origin Y": -3.399243650288554,
            "BoundingBox3D Origin Z": 4.745264590717852,
            "BoundingBox3D Extent X": 0.1,
            "BoundingBox3D Extent Y": 2.015689627696113,
            "BoundingBox3D Extent Z": 0.6071013615992222,
            "BoundingBox3D Orientation Quat W": 0.0410430949811694,
            "BoundingBox3D Orientation Quat X": 0.0023918266058112,
            "BoundingBox3D Orientation Quat Y": 0.0165779892743717,
            "BoundingBox3D Orientation Quat Z": 0.9990169737254084,
            "ObjectType": "TRAFFIC_SIGN",
            "Occluded": {
                "F_MIDRANGECAM_C": 0.0241949316114187
            },
            "Truncated": 0,
            "ObjectMeta": {
                "SourceID": 612,
                "SubType": "unknown",
                "Text": "",
                "OcrVersion": 10006
            }
        },
        {
            "ActorName": "TRAFFIC_SIGN 613",
            "ObjectId": 613,
            "BoundingBox3D Origin X": 78.65527441368613,
            "BoundingBox3D Origin Y": -3.741060739703244,
            "BoundingBox3D Origin Z": 2.20405169390142,
            "BoundingBox3D Extent X": 0.1,
            "BoundingBox3D Extent Y": 0.821519601845871,
            "BoundingBox3D Extent Z": 1.04655705856691,
            "BoundingBox3D Orientation Quat W": 0.0419633441420359,
            "BoundingBox3D Orientation Quat X": 0.0023793751235964,
            "BoundingBox3D Orientation Quat Y": 0.0165800808148275,
            "BoundingBox3D Orientation Quat Z": 0.9989787371323836,
            "ObjectType": "TRAFFIC_SIGN",
            "Occluded": {
                "F_MIDRANGECAM_C": 1.552518710923323e-06
            },
            "Truncated": 0,
            "ObjectMeta": {
                "SourceID": 613,
                "SubType": "unknown",
                "Text": "AHEAD",
                "OcrVersion": 10006
            }
        },
        {
            "ActorName": "TRAFFIC_SIGN 614",
            "ObjectId": 614,
            "BoundingBox3D Origin X": 59.684476458875,
            "BoundingBox3D Origin Y": 15.89593227172736,
            "BoundingBox3D Origin Z": 1.4461851129308343,
            "BoundingBox3D Extent X": 0.1,
            "BoundingBox3D Extent Y": 0.7431382892211243,
            "BoundingBox3D Extent Z": 0.8068183363710659,
            "BoundingBox3D Orientation Quat W": -0.3974758886781201,
            "BoundingBox3D Orientation Quat X": 0.0093662786247847,
            "BoundingBox3D Orientation Quat Y": 0.0138928990879888,
            "BoundingBox3D Orientation Quat Z": 0.9174596329535116,
            "ObjectType": "TRAFFIC_SIGN",
            "Occluded": {
                "F_MIDRANGECAM_C": 0.999810755252838
            },
            "Truncated": 0,
            "ObjectMeta": {
                "SourceID": 614,
                "SubType": "unknown",
                "Text": "",
                "OcrVersion": 10006
            }
        },
        {
            "ActorName": "TRAFFIC_SIGN 615",
            "ObjectId": 615,
            "BoundingBox3D Origin X": 67.78562557763507,
            "BoundingBox3D Origin Y": -10.794333235680824,
            "BoundingBox3D Origin Z": 2.365858758799732,
            "BoundingBox3D Extent X": 0.1,
            "BoundingBox3D Extent Y": 0.7208321150109754,
            "BoundingBox3D Extent Z": 0.6150844709069305,
            "BoundingBox3D Orientation Quat W": 0.1656974686422736,
            "BoundingBox3D Orientation Quat X": 0.0002971236554944,
            "BoundingBox3D Orientation Quat Y": 0.0167462717178371,
            "BoundingBox3D Orientation Quat Z": 0.986034392395432,
            "ObjectType": "TRAFFIC_SIGN",
            "Occluded": {
                "F_MIDRANGECAM_C": 0.996841549873352
            },
            "Truncated": 0,
            "ObjectMeta": {
                "SourceID": 615,
                "SubType": "us_yellow_ground_diamond_unknown",
                "Text": "",
                "OcrVersion": 10006
            }
        },
        {
            "ActorName": "TRAFFIC_SIGN 616",
            "ObjectId": 616,
            "BoundingBox3D Origin X": 93.15727027213144,
            "BoundingBox3D Origin Y": -3.6677511175512336,
            "BoundingBox3D Origin Z": 2.582292472012341,
            "BoundingBox3D Extent X": 0.1,
            "BoundingBox3D Extent Y": 0.5572884027437033,
            "BoundingBox3D Extent Z": 0.5924573148805717,
            "BoundingBox3D Orientation Quat W": 0.0542857903674866,
            "BoundingBox3D Orientation Quat X": 0.0021736481180694,
            "BoundingBox3D Orientation Quat Y": 0.0166082640572278,