{
    "CapturedObjects": [
        {
            "ActorName": "TRAFFIC_SIGN 609",
            "ObjectId": 609,
            "BoundingBox3D Origin X": 4.438835213863058,
            "BoundingBox3D Origin Y": -10.120065489201806,
            "BoundingBox3D Origin Z": 2.5959490099921823,
            "BoundingBox3D Extent X": 0.1,
            "BoundingBox3D Extent Y": 0.4327197226534073,
            "BoundingBox3D Extent Z": 0.5787043291211466,
            "BoundingBox3D Orientation Quat W": 0.2122605049240419,
            "BoundingBox3D Orientation Quat X": 0.0004721261068688,
            "BoundingBox3D Orientation Quat Y": 0.0141439517759297,
            "BoundingBox3D Orientation Quat Z": 0.97711064049804,
            "ObjectType": "TRAFFIC_SIGN",
            "Occluded": {
                "F_CTCAM_L": 0.0
            },
            "Truncated": 0,
            "ObjectMeta": {
                "SourceID": 609,
                "SubType": "unknown",
                "Text": "",
                "OcrVersion": 10006
            }
        },
        {
            "ActorName": "TRAFFIC_SIGN 610",
            "ObjectId": 610,
            "BoundingBox3D Origin X": 16.487846588832326,
            "BoundingBox3D Origin Y": 10.77109525728156,
            "BoundingBox3D Origin Z": 2.2593842120841146,
            "BoundingBox3D Extent X": 0.1,
            "BoundingBox3D Extent Y": 0.5673764564289475,
            "BoundingBox3D Extent Z": 0.8397778011530023,
            "BoundingBox3D Orientation Quat W": -0.1661122250086691,
            "BoundingBox3D Orientation Quat X": 0.0056960138862881,
            "BoundingBox3D Orientation Quat Y": 0.0129575337748738,
            "BoundingBox3D Orientation Quat Z": 0.9860052669468602,
            "ObjectType": "TRAFFIC_SIGN",
            "Occluded": {
                "F_MIDRANGECAM_C": 0.0042645656503736
            },
            "Truncated": 0,
            "ObjectMeta": {
                "SourceID": 610,
                "SubType": "us_yellow_ground_diamond_unknown",
                "Text": "",
                "OcrVersion": 10006
            }
        },
        {
            "ActorName": "TRAFFIC_SIGN 611",
            "ObjectId": 611,
            "BoundingBox3D Origin X": 26.03966210939689,
            "BoundingBox3D Origin Y": -4.348230057250476,
            "BoundingBox3D Origin Z": 2.247297883965075,
            "BoundingBox3D Extent X": 0.1,
            "BoundingBox3D Extent Y": 0.6647898721773063,
            "BoundingBox3D Extent Z": 0.4925958622564428,
            "BoundingBox3D Orientation Quat W": 0.0812734858902109,
            "BoundingBox3D Orientation Quat X": 0.002339663573449,
            "BoundingBox3D Orientation Quat Y": 0.0139583686742382,
            "BoundingBox3D Orientation Quat Z": 0.9965913457428632,
            "ObjectType": "TRAFFIC_SIGN",
            "Occluded": {
                "F_MIDRANGECAM_C": 0.0003241087542846
            },
            "Truncated": 0,
            "ObjectMeta": {
                "SourceID": 611,
                "SubType": "unknown",
                "Text": "P",
                "OcrVersion": 10006
            }
        },
        {
            "ActorName": "TRAFFIC_SIGN 612",
            "ObjectId": 612,
            "BoundingBox3D Origin X": 62.59156271356187,
            "BoundingBox3D Origin Y": -3.702571518282639,
            "BoundingBox3D Origin Z": 4.751660164445639,
            "BoundingBox3D Extent X": 0.1,
            "BoundingBox3D Extent Y": 2.015689627696113,
            "BoundingBox3D Extent Z": 0.6071013615992222,
            "BoundingBox3D Orientation Quat W": 0.0426295932964552,
            "BoundingBox3D Orientation Quat X": 0.0028800411903947,
            "BoundingBox3D Orientation Quat Y": 0.0138577033810729,
            "BoundingBox3D Orientation Quat Z": 0.9989906842384084,
            "ObjectType": "TRAFFIC_SIGN",
            "Occluded": {
                "F_MIDRANGECAM_C": 0.0183449685573577
            },
            "Truncated": 0,
            "ObjectMeta": {
                "SourceID": 612,
                "SubType": "unknown",
                "Text": "",
                "OcrVersion": 10006
            }
        },
        {
            "ActorName": "TRAFFIC_SIGN 613",
            "ObjectId": 613,
            "BoundingBox3D Origin X": 68.13798458576639,
            "BoundingBox3D Origin Y": -4.048239059804473,
            "BoundingBox3D Origin Z": 2.2046872787177563,
            "BoundingBox3D Extent X": 0.1,
            "BoundingBox3D Extent Y": 0.821519601845871,
            "BoundingBox3D Extent Z": 1.04655705856691,
            "BoundingBox3D Orientation Quat W": 0.043549812912272,
            "BoundingBox3D Orientation Quat X": 0.0028700951679019,
            "BoundingBox3D Orientation Quat Y": 0.0138602420819358,
            "BoundingBox3D Orientation Quat Z": 0.9989509848027897,
            "ObjectType": "TRAFFIC_SIGN",
            "Occluded": {
                "F_MIDRANGECAM_C": 1.0739363460743334e-06
            },
            "Truncated": 0,
            "ObjectMeta": {
                "SourceID": 613,
                "SubType": "unknown",
                "Text": "AHEAD",
                "OcrVersion": 10006
            }
        },
        {
            "ActorName": "TRAFFIC_SIGN 614",
            "ObjectId": 614,
            "BoundingBox3D Origin X": 49.22951396139251,
            "BoundingBox3D Origin Y": 15.653240927087609,
            "BoundingBox3D Origin Z": 1.5675840293988583,
            "BoundingBox3D Extent X": 0.1,
            "BoundingBox3D Extent Y": 0.7431382892211243,
            "BoundingBox3D Extent Z": 0.8068183363710659,
            "BoundingBox3D Orientation Quat W": -0.3960394743879726,
            "BoundingBox3D Orientation Quat X": 0.0086231451910987,
            "BoundingBox3D Orientation Quat Y": 0.0112306442313946,
            "BoundingBox3D Orientation Quat Z": 0.9181243100602768,
            "ObjectType": "TRAFFIC_SIGN",
            "Occluded": {
                "F_MIDRANGECAM_C": 0.8844146728515625
            },
            "Truncated": 0,
            "ObjectMeta": {
                "SourceID": 614,
                "SubType": "unknown",
                "Text": "",
                "OcrVersion": 10006
            }
        },
        {
            "ActorName": "TRAFFIC_SIGN 615",
            "ObjectId": 615,
            "BoundingBox3D Origin X": 57.246009646434686,
            "BoundingBox3D Origin Y": -11.067501643818105,
            "BoundingBox3D Origin Z": 2.335632557980716,
            "BoundingBox3D Extent X": 0.1,
            "BoundingBox3D Extent Y": 0.7208321150109754,
            "BoundingBox3D Extent Z": 0.6150844709069305,
            "BoundingBox3D Orientation Quat W": 0.1672682993927853,
            "BoundingBox3D Orientation Quat X": 0.0011218252425701,
            "BoundingBox3D Orientation Quat Y": 0.0141085369978629,
            "BoundingBox3D Orientation Quat Z": 0.9858098227904564,
            "ObjectType": "TRAFFIC_SIGN",
            "Occluded": {
                "F_MIDRANGECAM_C": 0.9993027448654176
            },
            "Truncated": 0,
            "ObjectMeta": {
                "SourceID": 615,
                "SubType": "us_yellow_ground_diamond_unknown",
                "Text": "",
                "OcrVersion": 10006
            }
        },
        {
            "ActorName": "TRAFFIC_SIGN 616",
            "ObjectId": 616,
            "BoundingBox3D Origin X": 82.64036379126628,
            "BoundingBox3D Origin Y": -4.023389923997456,
            "BoundingBox3D Origin Z": 2.573062027804553,
            "BoundingBox3D Extent X": 0.1,
            "BoundingBox3D Extent Y": 0.5572884027437033,
            "BoundingBox3D Extent Z": 0.5924573148805717,
            "BoundingBox3D Orientation Quat W": 0.0558718357302023,
            "BoundingBox3D Orientation Quat X": 0.0026978890576046,
            "BoundingBox3D Orientation Quat Y": 0.0138946989314659,