{
    "CapturedObjects": [
        {
            "ActorName": "TRAFFIC_SIGN 605",
            "ObjectId": 605,
            "BoundingBox3D Origin X": 15.289814012459829,
            "BoundingBox3D Origin Y": -4.38891503267223,
            "BoundingBox3D Origin Z": 5.271984172053635,
            "BoundingBox3D Extent X": 0.1,
            "BoundingBox3D Extent Y": 1.675241656574072,
            "BoundingBox3D Extent Z": 0.7136703424772214,
            "BoundingBox3D Orientation Quat W": 0.0569058264856609,
            "BoundingBox3D Orientation Quat X": 0.0030145120530199,
            "BoundingBox3D Orientation Quat Y": 0.0051306442697084,
            "BoundingBox3D Orientation Quat Z": 0.9983618162361996,
            "ObjectType": "TRAFFIC_SIGN",
            "Occluded": {
                "F_MIDRANGECAM_C": 0.0006096357828937
            },
            "Truncated": 0,
            "ObjectMeta": {
                "SourceID": 605,
                "SubType": "unknown",
                "Text": "Bryson",
                "OcrVersion": 10006
            }
        },
        {
            "ActorName": "TRAFFIC_SIGN 606",
            "ObjectId": 606,
            "BoundingBox3D Origin X": 15.343161734766907,
            "BoundingBox3D Origin Y": 1.6342261628233246,
            "BoundingBox3D Origin Z": 6.912287814542651,
            "BoundingBox3D Extent X": 0.1,
            "BoundingBox3D Extent Y": 0.6808865710446399,
            "BoundingBox3D Extent Z": 0.8102549796546726,
            "BoundingBox3D Orientation Quat W": -0.0118040315204169,
            "BoundingBox3D Orientation Quat X": 0.0033613761570574,
            "BoundingBox3D Orientation Quat Y": 0.0049115363253008,
            "BoundingBox3D Orientation Quat Z": 0.9999126175827168,
            "ObjectType": "TRAFFIC_SIGN",
            "Occluded": {
                "F_MIDRANGECAM_C": 0.9952988028526306
            },
            "Truncated": 0,
            "ObjectMeta": {
                "SourceID": 606,
                "SubType": "us_white_ground_rectangle_unknown",
                "Text": "",
                "OcrVersion": 10006
            }
        },
        {
            "ActorName": "TRAFFIC_SIGN 608",
            "ObjectId": 608,
            "BoundingBox3D Origin X": 29.857164944558463,
            "BoundingBox3D Origin Y": -4.607387923992064,
            "BoundingBox3D Origin Z": 2.3365701995790005,
            "BoundingBox3D Extent X": 0.1,
            "BoundingBox3D Extent Y": 0.3973643084709372,
            "BoundingBox3D Extent Z": 0.4863847471929617,
            "BoundingBox3D Orientation Quat W": 0.0977066980257189,
            "BoundingBox3D Orientation Quat X": 0.0028068571219945,
            "BoundingBox3D Orientation Quat Y": 0.005249678176037,
            "BoundingBox3D Orientation Quat Z": 0.9951974495511204,
            "ObjectType": "TRAFFIC_SIGN",
            "Occluded": {
                "F_MIDRANGECAM_C": 1.7264486814383417e-05
            },
            "Truncated": 0,
            "ObjectMeta": {
                "SourceID": 608,
                "SubType": "us_yellow_ground_diamond_unknown",
                "Text": "11",
                "OcrVersion": 10006
            }
        },
        {
            "ActorName": "TRAFFIC_SIGN 609",
            "ObjectId": 609,
            "BoundingBox3D Origin X": 64.45573328368482,
            "BoundingBox3D Origin Y": -10.215254465510952,
            "BoundingBox3D Origin Z": 1.8821425950154664,
            "BoundingBox3D Extent X": 0.1,
            "BoundingBox3D Extent Y": 0.4327197226534073,
            "BoundingBox3D Extent Z": 0.5787043291211466,
            "BoundingBox3D Orientation Quat W": 0.2197576296746534,
            "BoundingBox3D Orientation Quat X": 0.0021397545862527,
            "BoundingBox3D Orientation Quat Y": 0.0055560625917857,
            "BoundingBox3D Orientation Quat Z": 0.9755363323928862,
            "ObjectType": "TRAFFIC_SIGN",
            "Occluded": {
                "F_MIDRANGECAM_C": 0.9995787739753724
            },
            "Truncated": 0,
            "ObjectMeta": {
                "SourceID": 609,
                "SubType": "unknown",
                "Text": "",
                "OcrVersion": 10006
            }
        },
        {
            "ActorName": "TRAFFIC_SIGN 610",
            "ObjectId": 610,
            "BoundingBox3D Origin X": 76.8247568490624,
            "BoundingBox3D Origin Y": 10.490762035609803,
            "BoundingBox3D Origin Z": 1.9156650006771088,
            "BoundingBox3D Extent X": 0.1,
            "BoundingBox3D Extent Y": 0.5673764564289475,
            "BoundingBox3D Extent Z": 0.8397778011530023,
            "BoundingBox3D Orientation Quat W": -0.158567028783122,
            "BoundingBox3D Orientation Quat X": 0.0040520465964567,
            "BoundingBox3D Orientation Quat Y": 0.0043640593056586,
            "BoundingBox3D Orientation Quat Z": 0.987330255430091,
            "ObjectType": "TRAFFIC_SIGN",
            "Occluded": {
                "F_MIDRANGECAM_C": 0.9989401698112488
            },
            "Truncated": 0,
            "ObjectMeta": {
                "SourceID": 610,
                "SubType": "us_yellow_ground_diamond_unknown",
                "Text": "",
                "OcrVersion": 10006
            }
        },
        {
            "ActorName": "TRAFFIC_SIGN 611",
            "ObjectId": 611,
            "BoundingBox3D Origin X": 86.14294537695969,
            "BoundingBox3D Origin Y": -4.771090565736813,
            "BoundingBox3D Origin Z": 1.644306417554617,
            "BoundingBox3D Extent X": 0.1,
            "BoundingBox3D Extent Y": 0.6647898721773063,
            "BoundingBox3D Extent Z": 0.4925958622564428,
            "BoundingBox3D Orientation Quat W": 0.0889123237214124,
            "BoundingBox3D Orientation Quat X": 0.0028576008409941,
            "BoundingBox3D Orientation Quat Y": 0.005225064127973,
            "BoundingBox3D Orientation Quat Z": 0.99602165213049,
            "ObjectType": "TRAFFIC_SIGN",
            "Occluded": {
                "F_MIDRANGECAM_C": 0.9988277554512024
            },
            "Truncated": 0,
            "ObjectMeta": {
                "SourceID": 611,
                "SubType": "unknown",
                "Text": "P",
                "OcrVersion": 10006
            }
        },
        {
            "ActorName": "TRAFFIC_SIGN 612",
            "ObjectId": 612,
            "BoundingBox3D Origin X": 122.69851738535364,
            "BoundingBox3D Origin Y": -4.731348872133822,
            "BoundingBox3D Origin Z": 4.176609539426863,
            "BoundingBox3D Extent X": 0.1,
            "BoundingBox3D Extent Y": 2.015689627696113,
            "BoundingBox3D Extent Z": 0.6071013615992222,
            "BoundingBox3D Orientation Quat W": 0.0502846931411693,
            "BoundingBox3D Orientation Quat X": 0.0030594619737747,
            "BoundingBox3D Orientation Quat Y": 0.0051107702800123,
            "BoundingBox3D Orientation Quat Z": 0.998717161840766,
            "ObjectType": "TRAFFIC_SIGN",
            "Occluded": {
                "F_MIDRANGECAM_C": 0.9987218976020812
            },
            "Truncated": 0,
            "ObjectMeta": {
                "SourceID": 612,
                "SubType": "unknown",
                "Text": "",
                "OcrVersion": 10006
            }
        },
        {
            "ActorName": "TRAFFIC_SIGN 613",
            "ObjectId": 613,
            "BoundingBox3D Origin X": 128.2408092449914,
            "BoundingBox3D Origin Y": -5.117807401511527,
            "BoundingBox3D Origin Z": 1.626583338715136,
            "BoundingBox3D Extent X": 0.1,
            "BoundingBox3D Extent Y": 0.821519601845871,
            "BoundingBox3D Extent Z": 1.04655705856691,
            "BoundingBox3D Orientation Quat W": 0.0512046334746656,
            "BoundingBox3D Orientation Quat X": 0.0030575725699196,