{
    "CapturedObjects": [
        {
            "ActorName": "TRAFFIC_SIGN 613",
            "ObjectId": 613,
            "BoundingBox3D Origin X": 3.734128562726255,
            "BoundingBox3D Origin Y": -4.394766341603827,
            "BoundingBox3D Origin Z": 2.6859479090198874,
            "BoundingBox3D Extent X": 0.1,
            "BoundingBox3D Extent Y": 0.821519601845871,
            "BoundingBox3D Extent Z": 1.04655705856691,
            "BoundingBox3D Orientation Quat W": 0.050214146212106,
            "BoundingBox3D Orientation Quat X": 0.004241325187259,
            "BoundingBox3D Orientation Quat Y": 0.0143771553422386,
            "BoundingBox3D Orientation Quat Z": 0.998625980077181,
            "ObjectType": "TRAFFIC_SIGN",
            "Occluded": {
                "F_CTCAM_L": 0.0
            },
            "Truncated": 0,
            "ObjectMeta": {
                "SourceID": 613,
                "SubType": "unknown",
                "Text": "AHEAD",
                "OcrVersion": 10006
            }
        },
        {
            "ActorName": "TRAFFIC_SIGN 616",
            "ObjectId": 616,
            "BoundingBox3D Origin X": 18.236479135368427,
            "BoundingBox3D Origin Y": -4.563601205329178,
            "BoundingBox3D Origin Z": 3.016671931371093,
            "BoundingBox3D Extent X": 0.1,
            "BoundingBox3D Extent Y": 0.5572884027437033,
            "BoundingBox3D Extent Z": 0.5924573148805717,
            "BoundingBox3D Orientation Quat W": 0.0625316549172681,
            "BoundingBox3D Orientation Quat X": 0.0040626154339767,
            "BoundingBox3D Orientation Quat Y": 0.0144285132719763,
            "BoundingBox3D Orientation Quat Z": 0.997930411047736,
            "ObjectType": "TRAFFIC_SIGN",
            "Occluded": {
                "F_MIDRANGECAM_C": 4.555353370960802e-06
            },
            "Truncated": 0,
            "ObjectMeta": {
                "SourceID": 616,
                "SubType": "unknown",
                "Text": "",
                "OcrVersion": 10006
            }
        },
        {
            "ActorName": "TRAFFIC_SIGN 618",
            "ObjectId": 618,
            "BoundingBox3D Origin X": 19.99899245122652,
            "BoundingBox3D Origin Y": -4.074586578353774,
            "BoundingBox3D Origin Z": 2.3980225175619125,
            "BoundingBox3D Extent X": 0.0999999999999999,
            "BoundingBox3D Extent Y": 0.3186681614729488,
            "BoundingBox3D Extent Z": 0.468749094353403,
            "BoundingBox3D Orientation Quat W": 0.2978074317459421,
            "BoundingBox3D Orientation Quat X": 0.0005187070012115,
            "BoundingBox3D Orientation Quat Y": 0.014980378652633,
            "BoundingBox3D Orientation Quat Z": 0.9545082780130072,
            "ObjectType": "TRAFFIC_SIGN",
            "Occluded": {
                "F_MIDRANGECAM_C": 0.0062146568670868
            },
            "Truncated": 0,
            "ObjectMeta": {
                "SourceID": 618,
                "SubType": "us_white_ground_rectangle_unknown",
                "Text": "",
                "OcrVersion": 10006
            }
        },
        {
            "ActorName": "TRAFFIC_SIGN 619",
            "ObjectId": 619,
            "BoundingBox3D Origin X": 49.34116655410617,
            "BoundingBox3D Origin Y": -4.342945051001152,
            "BoundingBox3D Origin Z": 2.683864918537438,
            "BoundingBox3D Extent X": 0.1,
            "BoundingBox3D Extent Y": 0.6539907426792017,
            "BoundingBox3D Extent Z": 1.2534023493860695,
            "BoundingBox3D Orientation Quat W": 0.0717736963578381,
            "BoundingBox3D Orientation Quat X": 0.003930617093032,
            "BoundingBox3D Orientation Quat Y": 0.0144657529952541,
            "BoundingBox3D Orientation Quat Z": 0.9973082917286314,
            "ObjectType": "TRAFFIC_SIGN",
            "Occluded": {
                "F_MIDRANGECAM_C": 1.978930868062889e-06
            },
            "Truncated": 0,
            "ObjectMeta": {
                "SourceID": 619,
                "SubType": "us_speedlimit_20",
                "Text": "SCHOOL CED UMIT 20",
                "OcrVersion": 10006
            }
        },
        {
            "ActorName": "TRAFFIC_SIGN 620",
            "ObjectId": 620,
            "BoundingBox3D Origin X": 65.7631658932587,
            "BoundingBox3D Origin Y": -7.6806606053432915,
            "BoundingBox3D Origin Z": 2.006243148818612,
            "BoundingBox3D Extent X": 0.0999999999999999,
            "BoundingBox3D Extent Y": 0.4680118431516936,
            "BoundingBox3D Extent Z": 0.6304466963182337,
            "BoundingBox3D Orientation Quat W": 0.3601195448983352,
            "BoundingBox3D Orientation Quat X": -0.0004689035984449,
            "BoundingBox3D Orientation Quat Y": 0.0149836189884196,
            "BoundingBox3D Orientation Quat Z": 0.9327857120869943,
            "ObjectType": "TRAFFIC_SIGN",
            "Occluded": {
                "F_MIDRANGECAM_C": 0.9985254406929016
            },
            "Truncated": 0,
            "ObjectMeta": {
                "SourceID": 620,
                "SubType": "us_white_ground_rectangle_unknown",
                "Text": "",
                "OcrVersion": 10006
            }
        },
        {
            "ActorName": "TRAFFIC_SIGN 621",
            "ObjectId": 621,
            "BoundingBox3D Origin X": 121.07361565667816,
            "BoundingBox3D Origin Y": 11.1270153344376,
            "BoundingBox3D Origin Z": 0.7557029984891415,
            "BoundingBox3D Extent X": 0.1,
            "BoundingBox3D Extent Y": 0.7125868482925369,
            "BoundingBox3D Extent Z": 0.551406407640237,
            "BoundingBox3D Orientation Quat W": -0.3439640822968903,
            "BoundingBox3D Orientation Quat X": 0.0095377219590635,
            "BoundingBox3D Orientation Quat Y": 0.0115797812139428,
            "BoundingBox3D Orientation Quat Z": 0.9388629562489548,
            "ObjectType": "TRAFFIC_SIGN",
            "Occluded": {
                "F_MIDRANGECAM_C": 0.9995972514152528
            },
            "Truncated": 0,
            "ObjectMeta": {
                "SourceID": 621,
                "SubType": "unknown",
                "Text": "",
                "OcrVersion": 10006
            }
        },
        {
            "ActorName": "TRAFFIC_SIGN 622",
            "ObjectId": 622,
            "BoundingBox3D Origin X": 121.18944690406352,
            "BoundingBox3D Origin Y": 11.113909916486593,
            "BoundingBox3D Origin Z": 1.4591634618118403,
            "BoundingBox3D Extent X": 0.1,
            "BoundingBox3D Extent Y": 0.7699283456301522,
            "BoundingBox3D Extent Z": 0.7326051227842014,
            "BoundingBox3D Orientation Quat W": -0.4210628465145866,
            "BoundingBox3D Orientation Quat X": 0.0104536749298398,
            "BoundingBox3D Orientation Quat Y": 0.0107382172280627,
            "BoundingBox3D Orientation Quat Z": 0.9069076527719112,
            "ObjectType": "TRAFFIC_SIGN",
            "Occluded": {
                "F_MIDRANGECAM_C": 0.9994712471961976
            },
            "Truncated": 0,
            "ObjectMeta": {
                "SourceID": 622,
                "SubType": "us_yellow_ground_diamond_unknown",
                "Text": "",
                "OcrVersion": 10006
            }
        },
        {
            "ActorName": "TRAFFIC_SIGN 623",
            "ObjectId": 623,
            "BoundingBox3D Origin X": 106.07319651334548,
            "BoundingBox3D Origin Y": 15.09968266900978,
            "BoundingBox3D Origin Z": 1.4690993251278996,
            "BoundingBox3D Extent X": 0.0999999999999999,
            "BoundingBox3D Extent Y": 0.517312703930747,
            "BoundingBox3D Extent Z": 0.6851651853833185,
            "BoundingBox3D Orientation Quat W": -0.4121005818259055,
            "BoundingBox3D Orientation Quat X": 0.0103433444880798,