{
    "CapturedObjects": [
        {
            "ActorName": "TRAFFIC_SIGN 605",
            "ObjectId": 605,
            "BoundingBox3D Origin X": 11.40982284552956,
            "BoundingBox3D Origin Y": -4.520052603460499,
            "BoundingBox3D Origin Z": 5.432626382447779,
            "BoundingBox3D Extent X": 0.1,
            "BoundingBox3D Extent Y": 1.675241656574072,
            "BoundingBox3D Extent Z": 0.7136703424772214,
            "BoundingBox3D Orientation Quat W": 0.0614624551658597,
            "BoundingBox3D Orientation Quat X": -0.0024098705788355,
            "BoundingBox3D Orientation Quat Y": 0.0062789100416426,
            "BoundingBox3D Orientation Quat Z": 0.9980867369209282,
            "ObjectType": "TRAFFIC_SIGN",
            "Occluded": {
                "F_MIDRANGECAM_C": 1.3115132787788752e-05
            },
            "Truncated": 0,
            "ObjectMeta": {
                "SourceID": 605,
                "SubType": "unknown",
                "Text": "Bryson",
                "OcrVersion": 10006
            }
        },
        {
            "ActorName": "TRAFFIC_SIGN 606",
            "ObjectId": 606,
            "BoundingBox3D Origin X": 11.500265702969044,
            "BoundingBox3D Origin Y": 1.5072573370707687,
            "BoundingBox3D Origin Z": 7.055963165126741,
            "BoundingBox3D Extent X": 0.1,
            "BoundingBox3D Extent Y": 0.6808865710446399,
            "BoundingBox3D Extent Z": 0.8102549796546726,
            "BoundingBox3D Orientation Quat W": -0.0072393254712783,
            "BoundingBox3D Orientation Quat X": -0.001971148535018,
            "BoundingBox3D Orientation Quat Y": 0.0064297494715963,
            "BoundingBox3D Orientation Quat Z": 0.9999511813393224,
            "ObjectType": "TRAFFIC_SIGN",
            "Occluded": {
                "F_MIDRANGECAM_C": 0.9991569519042968
            },
            "Truncated": 0,
            "ObjectMeta": {
                "SourceID": 606,
                "SubType": "us_white_ground_rectangle_unknown",
                "Text": "",
                "OcrVersion": 10006
            }
        },
        {
            "ActorName": "TRAFFIC_SIGN 608",
            "ObjectId": 608,
            "BoundingBox3D Origin X": 26.00529667105002,
            "BoundingBox3D Origin Y": -4.879139576165471,
            "BoundingBox3D Origin Z": 2.6547124851495028,
            "BoundingBox3D Extent X": 0.1,
            "BoundingBox3D Extent Y": 0.3973643084709372,
            "BoundingBox3D Extent Z": 0.4863847471929617,
            "BoundingBox3D Orientation Quat W": 0.1022482957888872,
            "BoundingBox3D Orientation Quat X": -0.0026600734823487,
            "BoundingBox3D Orientation Quat Y": 0.0061749849552799,
            "BoundingBox3D Orientation Quat Z": 0.9947361859197336,
            "ObjectType": "TRAFFIC_SIGN",
            "Occluded": {
                "F_MIDRANGECAM_C": 0.0030355947092175
            },
            "Truncated": 0,
            "ObjectMeta": {
                "SourceID": 608,
                "SubType": "us_yellow_ground_diamond_unknown",
                "Text": "11",
                "OcrVersion": 10006
            }
        },
        {
            "ActorName": "TRAFFIC_SIGN 609",
            "ObjectId": 609,
            "BoundingBox3D Origin X": 60.55448731243814,
            "BoundingBox3D Origin Y": -10.801280736166518,
            "BoundingBox3D Origin Z": 2.5887254932895303,
            "BoundingBox3D Extent X": 0.1,
            "BoundingBox3D Extent Y": 0.4327197226534073,
            "BoundingBox3D Extent Z": 0.5787043291211466,
            "BoundingBox3D Orientation Quat W": 0.2242076908538356,
            "BoundingBox3D Orientation Quat X": -0.0033999102500431,
            "BoundingBox3D Orientation Quat Y": 0.0057996894207138,
            "BoundingBox3D Orientation Quat Z": 0.9745181966361148,
            "ObjectType": "TRAFFIC_SIGN",
            "Occluded": {
                "F_MIDRANGECAM_C": 0.9993467926979064
            },
            "Truncated": 0,
            "ObjectMeta": {
                "SourceID": 609,
                "SubType": "unknown",
                "Text": "",
                "OcrVersion": 10006
            }
        },
        {
            "ActorName": "TRAFFIC_SIGN 610",
            "ObjectId": 610,
            "BoundingBox3D Origin X": 73.11002725379876,
            "BoundingBox3D Origin Y": 9.792019297732622,
            "BoundingBox3D Origin Z": 2.695321114733815,
            "BoundingBox3D Extent X": 0.1,
            "BoundingBox3D Extent Y": 0.5673764564289475,
            "BoundingBox3D Extent Z": 0.8397778011530023,
            "BoundingBox3D Orientation Quat W": -0.1540576207824831,
            "BoundingBox3D Orientation Quat X": -0.0009992857079909,
            "BoundingBox3D Orientation Quat Y": 0.0066494035727223,
            "BoundingBox3D Orientation Quat Z": 0.9880389852323852,
            "ObjectType": "TRAFFIC_SIGN",
            "Occluded": {
                "F_MIDRANGECAM_C": 0.9528203010559082
            },
            "Truncated": 0,
            "ObjectMeta": {
                "SourceID": 610,
                "SubType": "us_yellow_ground_diamond_unknown",
                "Text": "",
                "OcrVersion": 10006
            }
        },
        {
            "ActorName": "TRAFFIC_SIGN 611",
            "ObjectId": 611,
            "BoundingBox3D Origin X": 82.29161714295333,
            "BoundingBox3D Origin Y": -5.554345475189621,
            "BoundingBox3D Origin Z": 2.568419271148741,
            "BoundingBox3D Extent X": 0.1,
            "BoundingBox3D Extent Y": 0.6647898721773063,
            "BoundingBox3D Extent Z": 0.4925958622564428,
            "BoundingBox3D Orientation Quat W": 0.0934578202892619,
            "BoundingBox3D Orientation Quat X": -0.0026009176976817,
            "BoundingBox3D Orientation Quat Y": 0.0061986094031637,
            "BoundingBox3D Orientation Quat Z": 0.9956005465523694,
            "ObjectType": "TRAFFIC_SIGN",
            "Occluded": {
                "F_MIDRANGECAM_C": 0.99947851896286
            },
            "Truncated": 0,
            "ObjectMeta": {
                "SourceID": 611,
                "SubType": "unknown",
                "Text": "P",
                "OcrVersion": 10006
            }
        },
        {
            "ActorName": "TRAFFIC_SIGN 612",
            "ObjectId": 612,
            "BoundingBox3D Origin X": 118.81686194995928,
            "BoundingBox3D Origin Y": -5.8378991323988885,
            "BoundingBox3D Origin Z": 5.493683811277151,
            "BoundingBox3D Extent X": 0.1,
            "BoundingBox3D Extent Y": 2.015689627696113,
            "BoundingBox3D Extent Z": 0.6071013615992222,
            "BoundingBox3D Orientation Quat W": 0.0548430573649617,
            "BoundingBox3D Orientation Quat X": -0.00235716933242,
            "BoundingBox3D Orientation Quat Y": 0.0062949349512763,
            "BoundingBox3D Orientation Quat Z": 0.9984723614630306,
            "ObjectType": "TRAFFIC_SIGN",
            "Occluded": {
                "F_MIDRANGECAM_C": 0.9949387311935424
            },
            "Truncated": 0,
            "ObjectMeta": {
                "SourceID": 612,
                "SubType": "unknown",
                "Text": "",
                "OcrVersion": 10006
            }
        },
        {
            "ActorName": "TRAFFIC_SIGN 613",
            "ObjectId": 613,
            "BoundingBox3D Origin X": 124.382480984601,
            "BoundingBox3D Origin Y": -6.282127201659023,
            "BoundingBox3D Origin Z": 3.004541085101664,
            "BoundingBox3D Extent X": 0.1,
            "BoundingBox3D Extent Y": 0.821519601845871,
            "BoundingBox3D Extent Z": 1.04655705856691,
            "BoundingBox3D Orientation Quat W": 0.0557627744590126,
            "BoundingBox3D Orientation Quat X": -0.0023601502165586,