{
    "CapturedObjects": [
        {
            "ActorName": "TRAFFIC_SIGN 604",
            "ObjectId": 604,
            "BoundingBox3D Origin X": 19.54017718444265,
            "BoundingBox3D Origin Y": 13.80474922322901,
            "BoundingBox3D Origin Z": 1.5766141265630722,
            "BoundingBox3D Extent X": 0.1,
            "BoundingBox3D Extent Y": 0.6542573677519435,
            "BoundingBox3D Extent Z": 0.6696639461456285,
            "BoundingBox3D Orientation Quat W": -0.4126698724616467,
            "BoundingBox3D Orientation Quat X": 0.0073228847043569,
            "BoundingBox3D Orientation Quat Y": 0.0131031912664302,
            "BoundingBox3D Orientation Quat Z": 0.910756969833737,
            "ObjectType": "TRAFFIC_SIGN",
            "Occluded": {
                "F_MIDRANGECAM_C": 2.3130030967877246e-05
            },
            "Truncated": 0,
            "ObjectMeta": {
                "SourceID": 604,
                "SubType": "us_stop",
                "Text": "",
                "OcrVersion": 10006
            }
        },
        {
            "ActorName": "TRAFFIC_SIGN 605",
            "ObjectId": 605,
            "BoundingBox3D Origin X": 36.39100668313768,
            "BoundingBox3D Origin Y": -3.682071781076957,
            "BoundingBox3D Origin Z": 5.377720979042351,
            "BoundingBox3D Extent X": 0.1,
            "BoundingBox3D Extent Y": 1.675241656574072,
            "BoundingBox3D Extent Z": 0.7136703424772214,
            "BoundingBox3D Orientation Quat W": 0.0427885816875101,
            "BoundingBox3D Orientation Quat X": 0.0006166895747946,
            "BoundingBox3D Orientation Quat Y": 0.014993718038636,
            "BoundingBox3D Orientation Quat Z": 0.9989714437312596,
            "ObjectType": "TRAFFIC_SIGN",
            "Occluded": {
                "F_MIDRANGECAM_C": 0.0009425446041859
            },
            "Truncated": 0,
            "ObjectMeta": {
                "SourceID": 605,
                "SubType": "unknown",
                "Text": "Bryson",
                "OcrVersion": 10006
            }
        },
        {
            "ActorName": "TRAFFIC_SIGN 606",
            "ObjectId": 606,
            "BoundingBox3D Origin X": 36.26762519763906,
            "BoundingBox3D Origin Y": 2.371495569648687,
            "BoundingBox3D Origin Z": 6.8978923400864005,
            "BoundingBox3D Extent X": 0.1,
            "BoundingBox3D Extent Y": 0.6808865710446399,
            "BoundingBox3D Extent Z": 0.8102549796546726,
            "BoundingBox3D Orientation Quat W": -0.0259297995732813,
            "BoundingBox3D Orientation Quat X": 0.0016466137365395,
            "BoundingBox3D Orientation Quat Y": 0.0149159936951428,
            "BoundingBox3D Orientation Quat Z": 0.9995511228993637,
            "ObjectType": "TRAFFIC_SIGN",
            "Occluded": {
                "F_MIDRANGECAM_C": 0.0002283285284647
            },
            "Truncated": 0,
            "ObjectMeta": {
                "SourceID": 606,
                "SubType": "us_white_ground_rectangle_unknown",
                "Text": "",
                "OcrVersion": 10006
            }
        },
        {
            "ActorName": "TRAFFIC_SIGN 607",
            "ObjectId": 607,
            "BoundingBox3D Origin X": 16.74747877300979,
            "BoundingBox3D Origin Y": -10.655873380834237,
            "BoundingBox3D Origin Z": 2.748488157056272,
            "BoundingBox3D Extent X": 0.1,
            "BoundingBox3D Extent Y": 0.6534787456868417,
            "BoundingBox3D Extent Z": 0.6851783530544237,
            "BoundingBox3D Orientation Quat W": 0.3671294403168494,
            "BoundingBox3D Orientation Quat X": -0.004319653398952,
            "BoundingBox3D Orientation Quat Y": 0.0143712566714014,
            "BoundingBox3D Orientation Quat Z": 0.930048806046669,
            "ObjectType": "TRAFFIC_SIGN",
            "Occluded": {
                "F_MIDRANGECAM_C": 0.098998911678791
            },
            "Truncated": 0,
            "ObjectMeta": {
                "SourceID": 607,
                "SubType": "us_yellow_ground_diamond_unknown",
                "Text": "OUTLET",
                "OcrVersion": 10006
            }
        },
        {
            "ActorName": "TRAFFIC_SIGN 608",
            "ObjectId": 608,
            "BoundingBox3D Origin X": 50.96978104713344,
            "BoundingBox3D Origin Y": -3.5452894299232867,
            "BoundingBox3D Origin Z": 2.494477700442076,
            "BoundingBox3D Extent X": 0.1,
            "BoundingBox3D Extent Y": 0.3973643084709372,
            "BoundingBox3D Extent Z": 0.4863847471929617,
            "BoundingBox3D Orientation Quat W": 0.0836262738033924,
            "BoundingBox3D Orientation Quat X": 7.537229080722522e-06,
            "BoundingBox3D Orientation Quat Y": 0.0150064741957784,
            "BoundingBox3D Orientation Quat Z": 0.9963841889578344,
            "ObjectType": "TRAFFIC_SIGN",
            "Occluded": {
                "F_MIDRANGECAM_C": 0.0118703190237283
            },
            "Truncated": 0,
            "ObjectMeta": {
                "SourceID": 608,
                "SubType": "us_yellow_ground_diamond_unknown",
                "Text": "11",
                "OcrVersion": 10006
            }
        },
        {
            "ActorName": "TRAFFIC_SIGN 609",
            "ObjectId": 609,
            "BoundingBox3D Origin X": 85.7147132911814,
            "BoundingBox3D Origin Y": -8.177162475825753,
            "BoundingBox3D Origin Z": 2.264045624993741,
            "BoundingBox3D Extent X": 0.1,
            "BoundingBox3D Extent Y": 0.4327197226534073,
            "BoundingBox3D Extent Z": 0.5787043291211466,
            "BoundingBox3D Orientation Quat W": 0.2059312949331572,
            "BoundingBox3D Orientation Quat X": -0.0018419140548639,
            "BoundingBox3D Orientation Quat Y": 0.0148929553687844,
            "BoundingBox3D Orientation Quat Z": 0.9784513830539312,
            "ObjectType": "TRAFFIC_SIGN",
            "Occluded": {
                "F_MIDRANGECAM_C": 0.9997242093086244
            },
            "Truncated": 0,
            "ObjectMeta": {
                "SourceID": 609,
                "SubType": "unknown",
                "Text": "",
                "OcrVersion": 10006
            }
        },
        {
            "ActorName": "TRAFFIC_SIGN 610",
            "ObjectId": 610,
            "BoundingBox3D Origin X": 97.4925546680006,
            "BoundingBox3D Origin Y": 12.86807419086108,
            "BoundingBox3D Origin Z": 1.9252063436433675,
            "BoundingBox3D Extent X": 0.1,
            "BoundingBox3D Extent Y": 0.5673764564289475,
            "BoundingBox3D Extent Z": 0.8397778011530023,
            "BoundingBox3D Orientation Quat W": -0.1724863716215418,
            "BoundingBox3D Orientation Quat X": 0.003825457509044,
            "BoundingBox3D Orientation Quat Y": 0.0145118225675477,
            "BoundingBox3D Orientation Quat Z": 0.9848975705551568,
            "ObjectType": "TRAFFIC_SIGN",
            "Occluded": {
                "F_MIDRANGECAM_C": 0.999325156211853
            },
            "Truncated": 0,
            "ObjectMeta": {
                "SourceID": 610,
                "SubType": "us_yellow_ground_diamond_unknown",
                "Text": "",
                "OcrVersion": 10006
            }
        },
        {
            "ActorName": "TRAFFIC_SIGN 611",
            "ObjectId": 611,
            "BoundingBox3D Origin X": 107.23992465911216,
            "BoundingBox3D Origin Y": -2.1256491581443697,
            "BoundingBox3D Origin Z": 1.9881357867270708,
            "BoundingBox3D Extent X": 0.1,
            "BoundingBox3D Extent Y": 0.6647898721773063,
            "BoundingBox3D Extent Z": 0.4925958622564428,
            "BoundingBox3D Orientation Quat W": 0.0748220098683715,
            "BoundingBox3D Orientation Quat X": 0.0001445549309817,