{
    "CapturedObjects": [
        {
            "ActorName": "TRAFFIC_SIGN 612",
            "ObjectId": 612,
            "BoundingBox3D Origin X": 3.711152339354157,
            "BoundingBox3D Origin Y": -3.8459849844803102,
            "BoundingBox3D Origin Z": 5.346146270632744,
            "BoundingBox3D Extent X": 0.1,
            "BoundingBox3D Extent Y": 2.015689627696113,
            "BoundingBox3D Extent Z": 0.6071013615992222,
            "BoundingBox3D Orientation Quat W": 0.0461237833822933,
            "BoundingBox3D Orientation Quat X": -0.0100760716889641,
            "BoundingBox3D Orientation Quat Y": 0.0229893451661515,
            "BoundingBox3D Orientation Quat Z": 0.9986203279498438,
            "ObjectType": "TRAFFIC_SIGN",
            "Occluded": {
                "F_CTCAM_L": 0.0
            },
            "Truncated": 0,
            "ObjectMeta": {
                "SourceID": 612,
                "SubType": "unknown",
                "Text": "",
                "OcrVersion": 10006
            }
        },
        {
            "ActorName": "TRAFFIC_SIGN 613",
            "ObjectId": 613,
            "BoundingBox3D Origin X": 9.317368556425208,
            "BoundingBox3D Origin Y": -4.27640267345123,
            "BoundingBox3D Origin Z": 2.9472411405295134,
            "BoundingBox3D Extent X": 0.1,
            "BoundingBox3D Extent Y": 0.821519601845871,
            "BoundingBox3D Extent Z": 1.04655705856691,
            "BoundingBox3D Orientation Quat W": 0.047043679069712,
            "BoundingBox3D Orientation Quat X": -0.010094428780882,
            "BoundingBox3D Orientation Quat Y": 0.022979936068997,
            "BoundingBox3D Orientation Quat Z": 0.99857744682395,
            "ObjectType": "TRAFFIC_SIGN",
            "Occluded": {
                "F_MIDRANGECAM_C": 9.34434538635287e-08
            },
            "Truncated": 0,
            "ObjectMeta": {
                "SourceID": 613,
                "SubType": "unknown",
                "Text": "AHEAD",
                "OcrVersion": 10006
            }
        },
        {
            "ActorName": "TRAFFIC_SIGN 616",
            "ObjectId": 616,
            "BoundingBox3D Origin X": 23.80580925651884,
            "BoundingBox3D Origin Y": -4.33658120041946,
            "BoundingBox3D Origin Z": 3.681311756372452,
            "BoundingBox3D Extent X": 0.1,
            "BoundingBox3D Extent Y": 0.5572884027437033,
            "BoundingBox3D Extent Z": 0.5924573148805717,
            "BoundingBox3D Orientation Quat W": 0.0593607264816229,
            "BoundingBox3D Orientation Quat X": -0.0103782245339361,
            "BoundingBox3D Orientation Quat Y": 0.0228537452867387,
            "BoundingBox3D Orientation Quat Z": 0.9979209903261208,
            "ObjectType": "TRAFFIC_SIGN",
            "Occluded": {
                "F_MIDRANGECAM_C": 3.9184892557386775e-06
            },
            "Truncated": 0,
            "ObjectMeta": {
                "SourceID": 616,
                "SubType": "unknown",
                "Text": "",
                "OcrVersion": 10006
            }
        },
        {
            "ActorName": "TRAFFIC_SIGN 617",
            "ObjectId": 617,
            "BoundingBox3D Origin X": 3.207557604531757,
            "BoundingBox3D Origin Y": -4.556283241545316,
            "BoundingBox3D Origin Z": 3.244291584938765,
            "BoundingBox3D Extent X": 0.0999999999999999,
            "BoundingBox3D Extent Y": 0.7647942581555,
            "BoundingBox3D Extent Z": 0.185378029919662,
            "BoundingBox3D Orientation Quat W": 0.183660996279847,
            "BoundingBox3D Orientation Quat X": -0.0131563511193716,
            "BoundingBox3D Orientation Quat Y": 0.0213763730924528,
            "BoundingBox3D Orientation Quat Z": 0.9826691200725352,
            "ObjectType": "TRAFFIC_SIGN",
            "Occluded": {
                "F_CTCAM_L": 0.0
            },
            "Truncated": 0,
            "ObjectMeta": {
                "SourceID": 617,
                "SubType": "us_white_ground_rectangle_unknown",
                "Text": "",
                "OcrVersion": 10006
            }
        },
        {
            "ActorName": "TRAFFIC_SIGN 618",
            "ObjectId": 618,
            "BoundingBox3D Origin X": 25.58156367453921,
            "BoundingBox3D Origin Y": -3.846651134372223,
            "BoundingBox3D Origin Z": 3.102523528970778,
            "BoundingBox3D Extent X": 0.0999999999999999,
            "BoundingBox3D Extent Y": 0.3186681614729488,
            "BoundingBox3D Extent Z": 0.468749094353403,
            "BoundingBox3D Orientation Quat W": 0.2947229583609646,
            "BoundingBox3D Orientation Quat X": -0.0155108807347026,
            "BoundingBox3D Orientation Quat Y": 0.019733871108195,
            "BoundingBox3D Orientation Quat Z": 0.9552530370142138,
            "ObjectType": "TRAFFIC_SIGN",
            "Occluded": {
                "F_MIDRANGECAM_C": 0.3188145458698272
            },
            "Truncated": 0,
            "ObjectMeta": {
                "SourceID": 618,
                "SubType": "us_white_ground_rectangle_unknown",
                "Text": "",
                "OcrVersion": 10006
            }
        },
        {
            "ActorName": "TRAFFIC_SIGN 619",
            "ObjectId": 619,
            "BoundingBox3D Origin X": 54.90574549761368,
            "BoundingBox3D Origin Y": -3.902273941668682,
            "BoundingBox3D Origin Z": 4.203288972377777,
            "BoundingBox3D Extent X": 0.1,
            "BoundingBox3D Extent Y": 0.6539907426792017,
            "BoundingBox3D Extent Z": 1.2534023493860695,
            "BoundingBox3D Orientation Quat W": 0.0686027626996104,
            "BoundingBox3D Orientation Quat X": -0.0105876799090767,
            "BoundingBox3D Orientation Quat Y": 0.0227568431904244,
            "BoundingBox3D Orientation Quat Z": 0.9973282749787707,
            "ObjectType": "TRAFFIC_SIGN",
            "Occluded": {
                "F_MIDRANGECAM_C": 1.1546575478860175e-05
            },
            "Truncated": 0,
            "ObjectMeta": {
                "SourceID": 619,
                "SubType": "us_speedlimit_20",
                "Text": "SCHOOL CED UMIT 20",
                "OcrVersion": 10006
            }
        },
        {
            "ActorName": "TRAFFIC_SIGN 620",
            "ObjectId": 620,
            "BoundingBox3D Origin X": 71.36181876687624,
            "BoundingBox3D Origin Y": -7.135786241909955,
            "BoundingBox3D Origin Z": 4.041807230561972,
            "BoundingBox3D Extent X": 0.0999999999999999,
            "BoundingBox3D Extent Y": 0.4680118431516936,
            "BoundingBox3D Extent Z": 0.6304466963182337,
            "BoundingBox3D Orientation Quat W": 0.3570904466354799,
            "BoundingBox3D Orientation Quat X": -0.0167773046192594,
            "BoundingBox3D Orientation Quat Y": 0.018669529711913,
            "BoundingBox3D Orientation Quat Z": 0.9337325011113844,
            "ObjectType": "TRAFFIC_SIGN",
            "Occluded": {
                "F_MIDRANGECAM_C": 0.9970282912254332
            },
            "Truncated": 0,
            "ObjectMeta": {
                "SourceID": 620,
                "SubType": "us_white_ground_rectangle_unknown",
                "Text": "",
                "OcrVersion": 10006
            }
        },
        {
            "ActorName": "TRAFFIC_SIGN 621",
            "ObjectId": 621,
            "BoundingBox3D Origin X": 126.56128088697731,
            "BoundingBox3D Origin Y": 12.035943442839198,
            "BoundingBox3D Origin Z": 3.96737293433398,
            "BoundingBox3D Extent X": 0.1,
            "BoundingBox3D Extent Y": 0.7125868482925369,
            "BoundingBox3D Extent Z": 0.551406407640237,
            "BoundingBox3D Orientation Quat W": -0.3468629019399508,
            "BoundingBox3D Orientation Quat X": -0.0002963694105189,