{
    "CapturedObjects": [
        {
            "ActorName": "TRAFFIC_SIGN 605",
            "ObjectId": 605,
            "BoundingBox3D Origin X": 14.506975304408115,
            "BoundingBox3D Origin Y": -4.432315909769386,
            "BoundingBox3D Origin Z": 5.319005664438009,
            "BoundingBox3D Extent X": 0.1,
            "BoundingBox3D Extent Y": 1.675241656574072,
            "BoundingBox3D Extent Z": 0.7136703424772214,
            "BoundingBox3D Orientation Quat W": 0.0579906130483172,
            "BoundingBox3D Orientation Quat X": 0.0011681069047994,
            "BoundingBox3D Orientation Quat Y": 0.0043979900429089,
            "BoundingBox3D Orientation Quat Z": 0.9983067574689266,
            "ObjectType": "TRAFFIC_SIGN",
            "Occluded": {
                "F_MIDRANGECAM_C": 9.837537800194696e-05
            },
            "Truncated": 0,
            "ObjectMeta": {
                "SourceID": 605,
                "SubType": "unknown",
                "Text": "Bryson",
                "OcrVersion": 10006
            }
        },
        {
            "ActorName": "TRAFFIC_SIGN 606",
            "ObjectId": 606,
            "BoundingBox3D Origin X": 14.567106256305124,
            "BoundingBox3D Origin Y": 1.5886482294881716,
            "BoundingBox3D Origin Z": 6.967036820948124,
            "BoundingBox3D Extent X": 0.1,
            "BoundingBox3D Extent Y": 0.6808865710446399,
            "BoundingBox3D Extent Z": 0.8102549796546726,
            "BoundingBox3D Orientation Quat W": -0.0107181676744167,
            "BoundingBox3D Orientation Quat X": 0.0014689472540834,
            "BoundingBox3D Orientation Quat Y": 0.0043074179713225,
            "BoundingBox3D Orientation Quat Z": 0.999932202314781,
            "ObjectType": "TRAFFIC_SIGN",
            "Occluded": {
                "F_MIDRANGECAM_C": 0.9988178610801696
            },
            "Truncated": 0,
            "ObjectMeta": {
                "SourceID": 606,
                "SubType": "us_white_ground_rectangle_unknown",
                "Text": "",
                "OcrVersion": 10006
            }
        },
        {
            "ActorName": "TRAFFIC_SIGN 608",
            "ObjectId": 608,
            "BoundingBox3D Origin X": 29.08477416750611,
            "BoundingBox3D Origin Y": -4.678606700414093,
            "BoundingBox3D Origin Z": 2.4384052939713,
            "BoundingBox3D Extent X": 0.1,
            "BoundingBox3D Extent Y": 0.3973643084709372,
            "BoundingBox3D Extent Z": 0.4863847471929617,
            "BoundingBox3D Orientation Quat W": 0.0987884107431156,
            "BoundingBox3D Orientation Quat X": 0.0009920119440962,
            "BoundingBox3D Orientation Quat Y": 0.0044420926867948,
            "BoundingBox3D Orientation Quat Z": 0.9950980522680736,
            "ObjectType": "TRAFFIC_SIGN",
            "Occluded": {
                "F_MIDRANGECAM_C": 0.0001968703436432
            },
            "Truncated": 0,
            "ObjectMeta": {
                "SourceID": 608,
                "SubType": "us_yellow_ground_diamond_unknown",
                "Text": "11",
                "OcrVersion": 10006
            }
        },
        {
            "ActorName": "TRAFFIC_SIGN 609",
            "ObjectId": 609,
            "BoundingBox3D Origin X": 63.67253504144537,
            "BoundingBox3D Origin Y": -10.360613513621502,
            "BoundingBox3D Origin Z": 2.107747580856085,
            "BoundingBox3D Extent X": 0.1,
            "BoundingBox3D Extent Y": 0.4327197226534073,
            "BoundingBox3D Extent Z": 0.5787043291211466,
            "BoundingBox3D Orientation Quat W": 0.2208190791347141,
            "BoundingBox3D Orientation Quat X": 0.0004385385331743,
            "BoundingBox3D Orientation Quat Y": 0.004530709961749,
            "BoundingBox3D Orientation Quat Z": 0.9753041651922204,
            "ObjectType": "TRAFFIC_SIGN",
            "Occluded": {
                "F_MIDRANGECAM_C": 0.9996684789657592
            },
            "Truncated": 0,
            "ObjectMeta": {
                "SourceID": 609,
                "SubType": "unknown",
                "Text": "",
                "OcrVersion": 10006
            }
        },
        {
            "ActorName": "TRAFFIC_SIGN 610",
            "ObjectId": 610,
            "BoundingBox3D Origin X": 76.08592449602656,
            "BoundingBox3D Origin Y": 10.318559257342711,
            "BoundingBox3D Origin Z": 2.21393873821944,
            "BoundingBox3D Extent X": 0.1,
            "BoundingBox3D Extent Y": 0.5673764564289475,
            "BoundingBox3D Extent Z": 0.8397778011530023,
            "BoundingBox3D Orientation Quat W": -0.1574960406391536,
            "BoundingBox3D Orientation Quat X": 0.0020912895638039,
            "BoundingBox3D Orientation Quat Y": 0.0040444200833931,
            "BoundingBox3D Orientation Quat Z": 0.9875091221640128,
            "ObjectType": "TRAFFIC_SIGN",
            "Occluded": {
                "F_MIDRANGECAM_C": 0.9991263747215272
            },
            "Truncated": 0,
            "ObjectMeta": {
                "SourceID": 610,
                "SubType": "us_yellow_ground_diamond_unknown",
                "Text": "",
                "OcrVersion": 10006
            }
        },
        {
            "ActorName": "TRAFFIC_SIGN 611",
            "ObjectId": 611,
            "BoundingBox3D Origin X": 85.37211368483986,
            "BoundingBox3D Origin Y": -4.963018428687064,
            "BoundingBox3D Origin Z": 1.9587054578587413,
            "BoundingBox3D Extent X": 0.1,
            "BoundingBox3D Extent Y": 0.6647898721773063,
            "BoundingBox3D Extent Z": 0.4925958622564428,
            "BoundingBox3D Orientation Quat W": 0.0899948503815699,
            "BoundingBox3D Orientation Quat X": 0.0010356854577993,
            "BoundingBox3D Orientation Quat Y": 0.0044335348749517,
            "BoundingBox3D Orientation Quat Z": 0.9959318239864332,
            "ObjectType": "TRAFFIC_SIGN",
            "Occluded": {
                "F_MIDRANGECAM_C": 0.9996089339256288
            },
            "Truncated": 0,
            "ObjectMeta": {
                "SourceID": 611,
                "SubType": "unknown",
                "Text": "P",
                "OcrVersion": 10006
            }
        },
        {
            "ActorName": "TRAFFIC_SIGN 612",
            "ObjectId": 612,
            "BoundingBox3D Origin X": 121.91773562812888,
            "BoundingBox3D Origin Y": -5.005375830740377,
            "BoundingBox3D Origin Z": 4.629222072660923,
            "BoundingBox3D Extent X": 0.1,
            "BoundingBox3D Extent Y": 2.015689627696113,
            "BoundingBox3D Extent Z": 0.6071013615992222,
            "BoundingBox3D Orientation Quat W": 0.051369800131805,
            "BoundingBox3D Orientation Quat X": 0.0012082337492087,
            "BoundingBox3D Orientation Quat Y": 0.0043903619218049,
            "BoundingBox3D Orientation Quat Z": 0.998669318907826,
            "ObjectType": "TRAFFIC_SIGN",
            "Occluded": {
                "F_MIDRANGECAM_C": 0.996167004108429
            },
            "Truncated": 0,
            "ObjectMeta": {
                "SourceID": 612,
                "SubType": "unknown",
                "Text": "",
                "OcrVersion": 10006
            }
        },
        {
            "ActorName": "TRAFFIC_SIGN 613",
            "ObjectId": 613,
            "BoundingBox3D Origin X": 127.4687688704762,
            "BoundingBox3D Origin Y": -5.400637206425017,
            "BoundingBox3D Origin Z": 2.0996811324730515,
            "BoundingBox3D Extent X": 0.1,
            "BoundingBox3D Extent Y": 0.821519601845871,
            "BoundingBox3D Extent Z": 1.04655705856691,
            "BoundingBox3D Orientation Quat W": 0.0522896959154625,
            "BoundingBox3D Orientation Quat X": 0.0012070094290923,