{
    "CapturedObjects": [
        {
            "ActorName": "TRAFFIC_SIGN 612",
            "ObjectId": 612,
            "BoundingBox3D Origin X": 24.81547780740948,
            "BoundingBox3D Origin Y": -3.690361693501473,
            "BoundingBox3D Origin Z": 4.799928001128137,
            "BoundingBox3D Extent X": 0.1,
            "BoundingBox3D Extent Y": 2.015689627696113,
            "BoundingBox3D Extent Z": 0.6071013615992222,
            "BoundingBox3D Orientation Quat W": 0.0383823973775067,
            "BoundingBox3D Orientation Quat X": 0.0064042645431016,
            "BoundingBox3D Orientation Quat Y": 0.0050939785632372,
            "BoundingBox3D Orientation Quat Z": 0.9992296174301554,
            "ObjectType": "TRAFFIC_SIGN",
            "Occluded": {
                "F_MIDRANGECAM_C": 0.0016324205789715
            },
            "Truncated": 0,
            "ObjectMeta": {
                "SourceID": 612,
                "SubType": "unknown",
                "Text": "",
                "OcrVersion": 10006
            }
        },
        {
            "ActorName": "TRAFFIC_SIGN 613",
            "ObjectId": 613,
            "BoundingBox3D Origin X": 30.34792255255161,
            "BoundingBox3D Origin Y": -3.943916886870284,
            "BoundingBox3D Origin Z": 2.212096781469881,
            "BoundingBox3D Extent X": 0.1,
            "BoundingBox3D Extent Y": 0.821519601845871,
            "BoundingBox3D Extent Z": 1.04655705856691,
            "BoundingBox3D Orientation Quat W": 0.039302822786371,
            "BoundingBox3D Orientation Quat X": 0.0064023870945065,
            "BoundingBox3D Orientation Quat Y": 0.0050997793938932,
            "BoundingBox3D Orientation Quat Z": 0.9991938199421816,
            "ObjectType": "TRAFFIC_SIGN",
            "Occluded": {
                "F_MIDRANGECAM_C": 1.0265482615068322e-06
            },
            "Truncated": 0,
            "ObjectMeta": {
                "SourceID": 613,
                "SubType": "unknown",
                "Text": "AHEAD",
                "OcrVersion": 10006
            }
        },
        {
            "ActorName": "TRAFFIC_SIGN 614",
            "ObjectId": 614,
            "BoundingBox3D Origin X": 11.27314420354378,
            "BoundingBox3D Origin Y": 15.60604324254382,
            "BoundingBox3D Origin Z": 2.04679024964571,
            "BoundingBox3D Extent X": 0.1,
            "BoundingBox3D Extent Y": 0.7431382892211243,
            "BoundingBox3D Extent Z": 0.8068183363710659,
            "BoundingBox3D Orientation Quat W": -0.3999668401775721,
            "BoundingBox3D Orientation Quat X": 0.0079868041010849,
            "BoundingBox3D Orientation Quat Y": 0.0018069344276685,
            "BoundingBox3D Orientation Quat Z": 0.9164930292733238,
            "ObjectType": "TRAFFIC_SIGN",
            "Occluded": {
                "F_MIDRANGECAM_C": 0.0123154111206531
            },
            "Truncated": 0,
            "ObjectMeta": {
                "SourceID": 614,
                "SubType": "unknown",
                "Text": "",
                "OcrVersion": 10006
            }
        },
        {
            "ActorName": "TRAFFIC_SIGN 615",
            "ObjectId": 615,
            "BoundingBox3D Origin X": 19.5156151499541,
            "BoundingBox3D Origin Y": -11.05583847809612,
            "BoundingBox3D Origin Z": 2.286664703860879,
            "BoundingBox3D Extent X": 0.1,
            "BoundingBox3D Extent Y": 0.7208321150109754,
            "BoundingBox3D Extent Z": 0.6150844709069305,
            "BoundingBox3D Orientation Quat W": 0.1630858473304755,
            "BoundingBox3D Orientation Quat X": 0.0057142934767904,
            "BoundingBox3D Orientation Quat Y": 0.0058546034425069,
            "BoundingBox3D Orientation Quat Z": 0.9865779628945158,
            "ObjectType": "TRAFFIC_SIGN",
            "Occluded": {
                "F_MIDRANGECAM_C": 0.0472781993448734
            },
            "Truncated": 0,
            "ObjectMeta": {
                "SourceID": 615,
                "SubType": "us_yellow_ground_diamond_unknown",
                "Text": "",
                "OcrVersion": 10006
            }
        },
        {
            "ActorName": "TRAFFIC_SIGN 616",
            "ObjectId": 616,
            "BoundingBox3D Origin X": 44.85163053490396,
            "BoundingBox3D Origin Y": -3.8035905005963286,
            "BoundingBox3D Origin Z": 2.488960273563862,
            "BoundingBox3D Extent X": 0.1,
            "BoundingBox3D Extent Y": 0.5572884027437033,
            "BoundingBox3D Extent Z": 0.5924573148805717,
            "BoundingBox3D Orientation Quat W": 0.0516282933518497,
            "BoundingBox3D Orientation Quat X": 0.0063379595399073,
            "BoundingBox3D Orientation Quat Y": 0.0051784841443265,
            "BoundingBox3D Orientation Quat Z": 0.998632831873864,
            "ObjectType": "TRAFFIC_SIGN",
            "Occluded": {
                "F_MIDRANGECAM_C": 0.0080383606255054
            },
            "Truncated": 0,
            "ObjectMeta": {
                "SourceID": 616,
                "SubType": "unknown",
                "Text": "",
                "OcrVersion": 10006
            }
        },
        {
            "ActorName": "TRAFFIC_SIGN 617",
            "ObjectId": 617,
            "BoundingBox3D Origin X": 24.255460829605,
            "BoundingBox3D Origin Y": -4.33048167850211,
            "BoundingBox3D Origin Z": 2.6898238249123096,
            "BoundingBox3D Extent X": 0.0999999999999999,
            "BoundingBox3D Extent Y": 0.7647942581555,
            "BoundingBox3D Extent Z": 0.185378029919662,
            "BoundingBox3D Orientation Quat W": 0.1760802370245663,
            "BoundingBox3D Orientation Quat X": 0.0056386981947295,
            "BoundingBox3D Orientation Quat Y": 0.005929728723545,
            "BoundingBox3D Orientation Quat Z": 0.9843418072647864,
            "ObjectType": "TRAFFIC_SIGN",
            "Occluded": {
                "F_MIDRANGECAM_C": 0.0615758933126926
            },
            "Truncated": 0,
            "ObjectMeta": {
                "SourceID": 617,
                "SubType": "us_white_ground_rectangle_unknown",
                "Text": "",
                "OcrVersion": 10006
            }
        },
        {
            "ActorName": "TRAFFIC_SIGN 618",
            "ObjectId": 618,
            "BoundingBox3D Origin X": 46.60069585230667,
            "BoundingBox3D Origin Y": -3.2648154802664067,
            "BoundingBox3D Origin Z": 1.8735135234892368,
            "BoundingBox3D Extent X": 0.0999999999999999,
            "BoundingBox3D Extent Y": 0.3186681614729488,
            "BoundingBox3D Extent Z": 0.468749094353403,
            "BoundingBox3D Orientation Quat W": 0.2873841088782897,
            "BoundingBox3D Orientation Quat X": 0.0049259289695124,
            "BoundingBox3D Orientation Quat Y": 0.0065355304707263,
            "BoundingBox3D Orientation Quat Z": 0.957780452937668,
            "ObjectType": "TRAFFIC_SIGN",
            "Occluded": {
                "F_MIDRANGECAM_C": 0.9687073826789856
            },
            "Truncated": 0,
            "ObjectMeta": {
                "SourceID": 618,
                "SubType": "us_white_ground_rectangle_unknown",
                "Text": "",
                "OcrVersion": 10006
            }
        },
        {
            "ActorName": "TRAFFIC_SIGN 619",
            "ObjectId": 619,
            "BoundingBox3D Origin X": 75.94253504215158,
            "BoundingBox3D Origin Y": -2.900475944195932,
            "BoundingBox3D Origin Z": 2.051836704835296,
            "BoundingBox3D Extent X": 0.1,
            "BoundingBox3D Extent Y": 0.6539907426792017,
            "BoundingBox3D Extent Z": 1.2534023493860695,
            "BoundingBox3D Orientation Quat W": 0.0608773762275393,
            "BoundingBox3D Orientation Quat X": 0.0062915376738482,