{
    "CapturedObjects": [
        {
            "ActorName": "TRAFFIC_SIGN 612",
            "ObjectId": 612,
            "BoundingBox3D Origin X": 26.430897699290654,
            "BoundingBox3D Origin Y": -3.648872415360529,
            "BoundingBox3D Origin Z": 4.8069347171112895,
            "BoundingBox3D Extent X": 0.1,
            "BoundingBox3D Extent Y": 2.015689627696113,
            "BoundingBox3D Extent Z": 0.6071013615992222,
            "BoundingBox3D Orientation Quat W": 0.0379155575773999,
            "BoundingBox3D Orientation Quat X": 0.0062671921774137,
            "BoundingBox3D Orientation Quat Y": 0.0058396623183221,
            "BoundingBox3D Orientation Quat Z": 0.9992442299757426,
            "ObjectType": "TRAFFIC_SIGN",
            "Occluded": {
                "F_MIDRANGECAM_C": 0.0104596558958292
            },
            "Truncated": 0,
            "ObjectMeta": {
                "SourceID": 612,
                "SubType": "unknown",
                "Text": "",
                "OcrVersion": 10006
            }
        },
        {
            "ActorName": "TRAFFIC_SIGN 613",
            "ObjectId": 613,
            "BoundingBox3D Origin X": 31.96419139497448,
            "BoundingBox3D Origin Y": -3.9010704739630455,
            "BoundingBox3D Origin Z": 2.220631335861981,
            "BoundingBox3D Extent X": 0.1,
            "BoundingBox3D Extent Y": 0.821519601845871,
            "BoundingBox3D Extent Z": 1.04655705856691,
            "BoundingBox3D Orientation Quat W": 0.0388359886298143,
            "BoundingBox3D Orientation Quat X": 0.0062646293748088,
            "BoundingBox3D Orientation Quat Y": 0.0058453374586547,
            "BoundingBox3D Orientation Quat Z": 0.9992088632693044,
            "ObjectType": "TRAFFIC_SIGN",
            "Occluded": {
                "F_MIDRANGECAM_C": 1.1392761933848305e-07
            },
            "Truncated": 0,
            "ObjectMeta": {
                "SourceID": 613,
                "SubType": "unknown",
                "Text": "AHEAD",
                "OcrVersion": 10006
            }
        },
        {
            "ActorName": "TRAFFIC_SIGN 614",
            "ObjectId": 614,
            "BoundingBox3D Origin X": 12.870674523190246,
            "BoundingBox3D Origin Y": 15.630608922758256,
            "BoundingBox3D Origin Z": 2.0221337992697954,
            "BoundingBox3D Extent X": 0.1,
            "BoundingBox3D Extent Y": 0.7431382892211243,
            "BoundingBox3D Extent Z": 0.8068183363710659,
            "BoundingBox3D Orientation Quat W": -0.4003924479877656,
            "BoundingBox3D Orientation Quat X": 0.008187043469597,
            "BoundingBox3D Orientation Quat Y": 0.0025379242716598,
            "BoundingBox3D Orientation Quat Z": 0.9163036717453348,
            "ObjectType": "TRAFFIC_SIGN",
            "Occluded": {
                "F_MIDRANGECAM_C": 0.013882827013731
            },
            "Truncated": 0,
            "ObjectMeta": {
                "SourceID": 614,
                "SubType": "unknown",
                "Text": "",
                "OcrVersion": 10006
            }
        },
        {
            "ActorName": "TRAFFIC_SIGN 615",
            "ObjectId": 615,
            "BoundingBox3D Origin X": 21.138516439910745,
            "BoundingBox3D Origin Y": -11.023103290848669,
            "BoundingBox3D Origin Z": 2.3035186482593417,
            "BoundingBox3D Extent X": 0.1,
            "BoundingBox3D Extent Y": 0.7208321150109754,
            "BoundingBox3D Extent Z": 0.6150844709069305,
            "BoundingBox3D Orientation Quat W": 0.1626230554026393,
            "BoundingBox3D Orientation Quat X": 0.0054851996682744,
            "BoundingBox3D Orientation Quat Y": 0.0065772002204556,
            "BoundingBox3D Orientation Quat Z": 0.9866511008828648,
            "ObjectType": "TRAFFIC_SIGN",
            "Occluded": {
                "F_MIDRANGECAM_C": 0.0028182945679873
            },
            "Truncated": 0,
            "ObjectMeta": {
                "SourceID": 615,
                "SubType": "us_yellow_ground_diamond_unknown",
                "Text": "",
                "OcrVersion": 10006
            }
        },
        {
            "ActorName": "TRAFFIC_SIGN 616",
            "ObjectId": 616,
            "BoundingBox3D Origin X": 46.46785489998001,
            "BoundingBox3D Origin Y": -3.746633347021998,
            "BoundingBox3D Origin Z": 2.5003521600738168,
            "BoundingBox3D Extent X": 0.1,
            "BoundingBox3D Extent Y": 0.5572884027437033,
            "BoundingBox3D Extent Z": 0.5924573148805717,
            "BoundingBox3D Orientation Quat W": 0.0511615426599049,
            "BoundingBox3D Orientation Quat X": 0.0061910324338807,
            "BoundingBox3D Orientation Quat Y": 0.0059222792759551,
            "BoundingBox3D Orientation Quat Z": 0.9986536407975686,
            "ObjectType": "TRAFFIC_SIGN",
            "Occluded": {
                "F_MIDRANGECAM_C": 0.8820028901100159
            },
            "Truncated": 0,
            "ObjectMeta": {
                "SourceID": 616,
                "SubType": "unknown",
                "Text": "",
                "OcrVersion": 10006
            }
        },
        {
            "ActorName": "TRAFFIC_SIGN 617",
            "ObjectId": 617,
            "BoundingBox3D Origin X": 25.87193309626309,
            "BoundingBox3D Origin Y": -4.292674469586927,
            "BoundingBox3D Origin Z": 2.697651212103665,
            "BoundingBox3D Extent X": 0.0999999999999999,
            "BoundingBox3D Extent Y": 0.7647942581555,
            "BoundingBox3D Extent Z": 0.185378029919662,
            "BoundingBox3D Orientation Quat W": 0.1756182974576362,
            "BoundingBox3D Orientation Quat X": 0.0054001136172157,
            "BoundingBox3D Orientation Quat Y": 0.0066492298030434,
            "BoundingBox3D Orientation Quat Z": 0.984421068503732,
            "ObjectType": "TRAFFIC_SIGN",
            "Occluded": {
                "F_MIDRANGECAM_C": 0.8904880881309509
            },
            "Truncated": 0,
            "ObjectMeta": {
                "SourceID": 617,
                "SubType": "us_white_ground_rectangle_unknown",
                "Text": "",
                "OcrVersion": 10006
            }
        },
        {
            "ActorName": "TRAFFIC_SIGN 618",
            "ObjectId": 618,
            "BoundingBox3D Origin X": 48.21655720569834,
            "BoundingBox3D Origin Y": -3.207126951310784,
            "BoundingBox3D Origin Z": 1.88446678314358,
            "BoundingBox3D Extent X": 0.0999999999999999,
            "BoundingBox3D Extent Y": 0.3186681614729488,
            "BoundingBox3D Extent Z": 0.468749094353403,
            "BoundingBox3D Orientation Quat W": 0.2869330442518596,
            "BoundingBox3D Orientation Quat X": 0.0046068391998377,
            "BoundingBox3D Orientation Quat Y": 0.007222933953438,
            "BoundingBox3D Orientation Quat Z": 0.9579123312569118,
            "ObjectType": "TRAFFIC_SIGN",
            "Occluded": {
                "F_MIDRANGECAM_C": 0.9623055458068848
            },
            "Truncated": 0,
            "ObjectMeta": {
                "SourceID": 618,
                "SubType": "us_white_ground_rectangle_unknown",
                "Text": "",
                "OcrVersion": 10006
            }
        },
        {
            "ActorName": "TRAFFIC_SIGN 619",
            "ObjectId": 619,
            "BoundingBox3D Origin X": 77.5583113329194,
            "BoundingBox3D Origin Y": -2.814811286792974,
            "BoundingBox3D Origin Z": 2.068447664380073,
            "BoundingBox3D Extent X": 0.1,
            "BoundingBox3D Extent Y": 0.6539907426792017,
            "BoundingBox3D Extent Z": 1.2534023493860695,
            "BoundingBox3D Orientation Quat W": 0.0604107353175955,
            "BoundingBox3D Orientation Quat X": 0.006137740542323,