{
    "CapturedObjects": [
        {
            "ActorName": "TRAFFIC_SIGN 604",
            "ObjectId": 604,
            "BoundingBox3D Origin X": 1.800956368286279,
            "BoundingBox3D Origin Y": 13.680620170533077,
            "BoundingBox3D Origin Z": 1.7397434515878558,
            "BoundingBox3D Extent X": 0.1,
            "BoundingBox3D Extent Y": 0.6542573677519435,
            "BoundingBox3D Extent Z": 0.6696639461456285,
            "BoundingBox3D Orientation Quat W": -0.4045865161071457,
            "BoundingBox3D Orientation Quat X": 0.0081431993998781,
            "BoundingBox3D Orientation Quat Y": 0.0075429341459469,
            "BoundingBox3D Orientation Quat Z": 0.9144323613216484,
            "ObjectType": "TRAFFIC_SIGN",
            "Occluded": {
                "F_CTCAM_L": 0.0
            },
            "Truncated": 0,
            "ObjectMeta": {
                "SourceID": 604,
                "SubType": "us_stop",
                "Text": "",
                "OcrVersion": 10006
            }
        },
        {
            "ActorName": "TRAFFIC_SIGN 605",
            "ObjectId": 605,
            "BoundingBox3D Origin X": 18.35789108872996,
            "BoundingBox3D Origin Y": -4.139146673478535,
            "BoundingBox3D Origin Z": 5.277244393713772,
            "BoundingBox3D Extent X": 0.1,
            "BoundingBox3D Extent Y": 1.675241656574072,
            "BoundingBox3D Extent Z": 0.7136703424772214,
            "BoundingBox3D Orientation Quat W": 0.0516597000838547,
            "BoundingBox3D Orientation Quat X": 0.0038577028688063,
            "BoundingBox3D Orientation Quat Y": 0.0104014203048429,
            "BoundingBox3D Orientation Quat Z": 0.9986031263577456,
            "ObjectType": "TRAFFIC_SIGN",
            "Occluded": {
                "F_MIDRANGECAM_C": 0.0028921456541866
            },
            "Truncated": 0,
            "ObjectMeta": {
                "SourceID": 605,
                "SubType": "unknown",
                "Text": "Bryson",
                "OcrVersion": 10006
            }
        },
        {
            "ActorName": "TRAFFIC_SIGN 606",
            "ObjectId": 606,
            "BoundingBox3D Origin X": 18.35151781312743,
            "BoundingBox3D Origin Y": 1.900977309313021,
            "BoundingBox3D Origin Z": 6.854789956472814,
            "BoundingBox3D Extent X": 0.1,
            "BoundingBox3D Extent Y": 0.6808865710446399,
            "BoundingBox3D Extent Z": 0.8102549796546726,
            "BoundingBox3D Orientation Quat W": -0.0170541743984194,
            "BoundingBox3D Orientation Quat X": 0.0045646831554432,
            "BoundingBox3D Orientation Quat Y": 0.0101119426025756,
            "BoundingBox3D Orientation Quat Z": 0.999793012288084,
            "ObjectType": "TRAFFIC_SIGN",
            "Occluded": {
                "F_MIDRANGECAM_C": 0.0818311423063278
            },
            "Truncated": 0,
            "ObjectMeta": {
                "SourceID": 606,
                "SubType": "us_white_ground_rectangle_unknown",
                "Text": "",
                "OcrVersion": 10006
            }
        },
        {
            "ActorName": "TRAFFIC_SIGN 608",
            "ObjectId": 608,
            "BoundingBox3D Origin X": 32.92006468701584,
            "BoundingBox3D Origin Y": -4.2349960803258,
            "BoundingBox3D Origin Z": 2.309432408772409,
            "BoundingBox3D Extent X": 0.1,
            "BoundingBox3D Extent Y": 0.3973643084709372,
            "BoundingBox3D Extent Z": 0.4863847471929617,
            "BoundingBox3D Orientation Quat W": 0.0924747828214601,
            "BoundingBox3D Orientation Quat X": 0.0034336448183493,
            "BoundingBox3D Orientation Quat Y": 0.0105505773752837,
            "BoundingBox3D Orientation Quat Z": 0.995653207669434,
            "ObjectType": "TRAFFIC_SIGN",
            "Occluded": {
                "F_MIDRANGECAM_C": 0.0117578962817788
            },
            "Truncated": 0,
            "ObjectMeta": {
                "SourceID": 608,
                "SubType": "us_yellow_ground_diamond_unknown",
                "Text": "11",
                "OcrVersion": 10006
            }
        },
        {
            "ActorName": "TRAFFIC_SIGN 609",
            "ObjectId": 609,
            "BoundingBox3D Origin X": 67.57482232406619,
            "BoundingBox3D Origin Y": -9.483253804777632,
            "BoundingBox3D Origin Z": 1.830550075508654,
            "BoundingBox3D Extent X": 0.1,
            "BoundingBox3D Extent Y": 0.4327197226534073,
            "BoundingBox3D Extent Z": 0.5787043291211466,
            "BoundingBox3D Orientation Quat W": 0.2146217930878235,
            "BoundingBox3D Orientation Quat X": 0.0021075615146598,
            "BoundingBox3D Orientation Quat Y": 0.0108938651267287,
            "BoundingBox3D Orientation Quat Z": 0.9766342036908344,
            "ObjectType": "TRAFFIC_SIGN",
            "Occluded": {
                "F_MIDRANGECAM_C": 0.9994006156921388
            },
            "Truncated": 0,
            "ObjectMeta": {
                "SourceID": 609,
                "SubType": "unknown",
                "Text": "",
                "OcrVersion": 10006
            }
        },
        {
            "ActorName": "TRAFFIC_SIGN 610",
            "ObjectId": 610,
            "BoundingBox3D Origin X": 79.72509810483461,
            "BoundingBox3D Origin Y": 11.350921367891717,
            "BoundingBox3D Origin Z": 1.6194965010508895,
            "BoundingBox3D Extent X": 0.1,
            "BoundingBox3D Extent Y": 0.5673764564289475,
            "BoundingBox3D Extent Z": 0.8397778011530023,
            "BoundingBox3D Orientation Quat W": -0.1637422209275324,
            "BoundingBox3D Orientation Quat X": 0.0060064084837904,
            "BoundingBox3D Orientation Quat Y": 0.0093313220287439,
            "BoundingBox3D Orientation Quat Z": 0.9864407405272968,
            "ObjectType": "TRAFFIC_SIGN",
            "Occluded": {
                "F_MIDRANGECAM_C": 0.99903666973114
            },
            "Truncated": 0,
            "ObjectMeta": {
                "SourceID": 610,
                "SubType": "us_yellow_ground_diamond_unknown",
                "Text": "",
                "OcrVersion": 10006
            }
        },
        {
            "ActorName": "TRAFFIC_SIGN 611",
            "ObjectId": 611,
            "BoundingBox3D Origin X": 89.20296668472292,
            "BoundingBox3D Origin Y": -3.814152349645156,
            "BoundingBox3D Origin Z": 1.4843516368418932,
            "BoundingBox3D Extent X": 0.1,
            "BoundingBox3D Extent Y": 0.6647898721773063,
            "BoundingBox3D Extent Z": 0.4925958622564428,
            "BoundingBox3D Orientation Quat W": 0.0836766260748264,
            "BoundingBox3D Orientation Quat X": 0.0035311931644532,
            "BoundingBox3D Orientation Quat Y": 0.0105202403730571,
            "BoundingBox3D Orientation Quat Z": 0.9964311704608914,
            "ObjectType": "TRAFFIC_SIGN",
            "Occluded": {
                "F_MIDRANGECAM_C": 0.9998223185539246
            },
            "Truncated": 0,
            "ObjectMeta": {
                "SourceID": 611,
                "SubType": "unknown",
                "Text": "P",
                "OcrVersion": 10006
            }
        },
        {
            "ActorName": "TRAFFIC_SIGN 612",
            "ObjectId": 612,
            "BoundingBox3D Origin X": 125.76193295231496,
            "BoundingBox3D Origin Y": -3.363754299236461,
            "BoundingBox3D Origin Z": 3.9287183964625,
            "BoundingBox3D Extent X": 0.1,
            "BoundingBox3D Extent Y": 2.015689627696113,
            "BoundingBox3D Extent Z": 0.6071013615992222,
            "BoundingBox3D Orientation Quat W": 0.0450371532582756,
            "BoundingBox3D Orientation Quat X": 0.0039375884799188,
            "BoundingBox3D Orientation Quat Y": 0.0103758955120056,