{
    "CapturedObjects": [
        {
            "ActorName": "TRAFFIC_SIGN 604",
            "ObjectId": 604,
            "BoundingBox3D Origin X": 18.00954407469908,
            "BoundingBox3D Origin Y": 13.837977251212578,
            "BoundingBox3D Origin Z": 1.5605021566152573,
            "BoundingBox3D Extent X": 0.1,
            "BoundingBox3D Extent Y": 0.6542573677519435,
            "BoundingBox3D Extent Z": 0.6696639461456285,
            "BoundingBox3D Orientation Quat W": -0.413747654028369,
            "BoundingBox3D Orientation Quat X": 0.0078141476978316,
            "BoundingBox3D Orientation Quat Y": 0.0128344658877713,
            "BoundingBox3D Orientation Quat Z": 0.9102675949231376,
            "ObjectType": "TRAFFIC_SIGN",
            "Occluded": {
                "F_MIDRANGECAM_C": 7.87545504863374e-05
            },
            "Truncated": 0,
            "ObjectMeta": {
                "SourceID": 604,
                "SubType": "us_stop",
                "Text": "",
                "OcrVersion": 10006
            }
        },
        {
            "ActorName": "TRAFFIC_SIGN 605",
            "ObjectId": 605,
            "BoundingBox3D Origin X": 34.90577834119904,
            "BoundingBox3D Origin Y": -3.609614043380134,
            "BoundingBox3D Origin Z": 5.340644859708846,
            "BoundingBox3D Extent X": 0.1,
            "BoundingBox3D Extent Y": 1.675241656574072,
            "BoundingBox3D Extent Z": 0.7136703424772214,
            "BoundingBox3D Orientation Quat W": 0.0416067044070327,
            "BoundingBox3D Orientation Quat X": 0.0011763781519964,
            "BoundingBox3D Orientation Quat Y": 0.0149729918182232,
            "BoundingBox3D Orientation Quat Z": 0.9990211748500832,
            "ObjectType": "TRAFFIC_SIGN",
            "Occluded": {
                "F_MIDRANGECAM_C": 0.0008970671333372
            },
            "Truncated": 0,
            "ObjectMeta": {
                "SourceID": 605,
                "SubType": "unknown",
                "Text": "Bryson",
                "OcrVersion": 10006
            }
        },
        {
            "ActorName": "TRAFFIC_SIGN 606",
            "ObjectId": 606,
            "BoundingBox3D Origin X": 34.76992016865552,
            "BoundingBox3D Origin Y": 2.4435276879521552,
            "BoundingBox3D Origin Z": 6.861462665721774,
            "BoundingBox3D Extent X": 0.1,
            "BoundingBox3D Extent Y": 0.6808865710446399,
            "BoundingBox3D Extent Z": 0.8102549796546726,
            "BoundingBox3D Orientation Quat W": -0.0271124569769705,
            "BoundingBox3D Orientation Quat X": 0.0022038981190058,
            "BoundingBox3D Orientation Quat Y": 0.0148571678408674,
            "BoundingBox3D Orientation Quat Z": 0.9995195456185442,
            "ObjectType": "TRAFFIC_SIGN",
            "Occluded": {
                "F_MIDRANGECAM_C": 0.0004036040918435
            },
            "Truncated": 0,
            "ObjectMeta": {
                "SourceID": 606,
                "SubType": "us_white_ground_rectangle_unknown",
                "Text": "",
                "OcrVersion": 10006
            }
        },
        {
            "ActorName": "TRAFFIC_SIGN 607",
            "ObjectId": 607,
            "BoundingBox3D Origin X": 15.275663634645753,
            "BoundingBox3D Origin Y": -10.629319701140048,
            "BoundingBox3D Origin Z": 2.7335559856146574,
            "BoundingBox3D Extent X": 0.1,
            "BoundingBox3D Extent Y": 0.6534787456868417,
            "BoundingBox3D Extent Z": 0.6851783530544237,
            "BoundingBox3D Orientation Quat W": 0.3660291827868009,
            "BoundingBox3D Orientation Quat X": -0.0037858939044288,
            "BoundingBox3D Orientation Quat Y": 0.0145340828337744,
            "BoundingBox3D Orientation Quat Z": 0.9304821679064847,
            "ObjectType": "TRAFFIC_SIGN",
            "Occluded": {
                "F_MIDRANGECAM_C": 5.136515483172843e-06
            },
            "Truncated": 0,
            "ObjectMeta": {
                "SourceID": 607,
                "SubType": "us_yellow_ground_diamond_unknown",
                "Text": "OUTLET",
                "OcrVersion": 10006
            }
        },
        {
            "ActorName": "TRAFFIC_SIGN 608",
            "ObjectId": 608,
            "BoundingBox3D Origin X": 49.48088686272968,
            "BoundingBox3D Origin Y": -3.438326444127597,
            "BoundingBox3D Origin Z": 2.4405552074313164,
            "BoundingBox3D Extent X": 0.1,
            "BoundingBox3D Extent Y": 0.3973643084709372,
            "BoundingBox3D Extent Z": 0.4863847471929617,
            "BoundingBox3D Orientation Quat W": 0.0824475076481868,
            "BoundingBox3D Orientation Quat X": 0.0005673834679397,
            "BoundingBox3D Orientation Quat Y": 0.0150085189291985,
            "BoundingBox3D Orientation Quat Z": 0.9964822280995052,
            "ObjectType": "TRAFFIC_SIGN",
            "Occluded": {
                "F_MIDRANGECAM_C": 0.0105281025171279
            },
            "Truncated": 0,
            "ObjectMeta": {
                "SourceID": 608,
                "SubType": "us_yellow_ground_diamond_unknown",
                "Text": "11",
                "OcrVersion": 10006
            }
        },
        {
            "ActorName": "TRAFFIC_SIGN 609",
            "ObjectId": 609,
            "BoundingBox3D Origin X": 84.23635281548559,
            "BoundingBox3D Origin Y": -7.988568746310193,
            "BoundingBox3D Origin Z": 2.169544974341989,
            "BoundingBox3D Extent X": 0.1,
            "BoundingBox3D Extent Y": 0.4327197226534073,
            "BoundingBox3D Extent Z": 0.5787043291211466,
            "BoundingBox3D Orientation Quat W": 0.2047738410703475,
            "BoundingBox3D Orientation Quat X": -0.0012873406633661,
            "BoundingBox3D Orientation Quat Y": 0.0149637549493959,
            "BoundingBox3D Orientation Quat Z": 0.9786940802953324,
            "ObjectType": "TRAFFIC_SIGN",
            "Occluded": {
                "F_MIDRANGECAM_C": 0.9999008178710938
            },
            "Truncated": 0,
            "ObjectMeta": {
                "SourceID": 609,
                "SubType": "unknown",
                "Text": "",
                "OcrVersion": 10006
            }
        },
        {
            "ActorName": "TRAFFIC_SIGN 610",
            "ObjectId": 610,
            "BoundingBox3D Origin X": 95.9643346437988,
            "BoundingBox3D Origin Y": 13.084370501339436,
            "BoundingBox3D Origin Z": 1.818844717927277,
            "BoundingBox3D Extent X": 0.1,
            "BoundingBox3D Extent Y": 0.5673764564289475,
            "BoundingBox3D Extent Z": 0.8397778011530023,
            "BoundingBox3D Orientation Quat W": -0.1736518764523968,
            "BoundingBox3D Orientation Quat X": 0.0043685740054118,
            "BoundingBox3D Orientation Quat Y": 0.0143725728593842,
            "BoundingBox3D Orientation Quat Z": 0.9846925258755256,
            "ObjectType": "TRAFFIC_SIGN",
            "Occluded": {
                "F_MIDRANGECAM_C": 0.9995736479759216
            },
            "Truncated": 0,
            "ObjectMeta": {
                "SourceID": 610,
                "SubType": "us_yellow_ground_diamond_unknown",
                "Text": "",
                "OcrVersion": 10006
            }
        },
        {
            "ActorName": "TRAFFIC_SIGN 611",
            "ObjectId": 611,
            "BoundingBox3D Origin X": 105.74697866749555,
            "BoundingBox3D Origin Y": -1.886468350072392,
            "BoundingBox3D Origin Z": 1.8692433908581727,
            "BoundingBox3D Extent X": 0.1,
            "BoundingBox3D Extent Y": 0.6647898721773063,
            "BoundingBox3D Extent Z": 0.4925958622564428,
            "BoundingBox3D Orientation Quat W": 0.0736424050268398,
            "BoundingBox3D Orientation Quat X": 0.0007044469984108,