{
    "CapturedObjects": [
        {
            "ActorName": "TRAFFIC_SIGN 605",
            "ObjectId": 605,
            "BoundingBox3D Origin X": 0.6515618748144334,
            "BoundingBox3D Origin Y": -4.514950296405004,
            "BoundingBox3D Origin Z": 5.554361426271498,
            "BoundingBox3D Extent X": 0.1,
            "BoundingBox3D Extent Y": 1.675241656574072,
            "BoundingBox3D Extent Z": 0.7136703424772214,
            "BoundingBox3D Orientation Quat W": 0.0606612294733451,
            "BoundingBox3D Orientation Quat X": -0.0017096499281925,
            "BoundingBox3D Orientation Quat Y": 0.0139318071561643,
            "BoundingBox3D Orientation Quat Z": 0.9980597161920064,
            "ObjectType": "TRAFFIC_SIGN",
            "Occluded": {
                "F_CTCAM_L": 0.0
            },
            "Truncated": 0,
            "ObjectMeta": {
                "SourceID": 605,
                "SubType": "unknown",
                "Text": "Bryson",
                "OcrVersion": 10006
            }
        },
        {
            "ActorName": "TRAFFIC_SIGN 606",
            "ObjectId": 606,
            "BoundingBox3D Origin X": 0.7363460606666195,
            "BoundingBox3D Origin Y": 1.5364756664494053,
            "BoundingBox3D Origin Z": 7.085752295330167,
            "BoundingBox3D Extent X": 0.1,
            "BoundingBox3D Extent Y": 0.6808865710446399,
            "BoundingBox3D Extent Z": 0.8102549796546726,
            "BoundingBox3D Orientation Quat W": -0.0080369589890528,
            "BoundingBox3D Orientation Quat X": -0.0007470659298466,
            "BoundingBox3D Orientation Quat Y": 0.0140166079182116,
            "BoundingBox3D Orientation Quat Z": 0.9998691833860928,
            "ObjectType": "TRAFFIC_SIGN",
            "Occluded": {
                "F_CTCAM_L": 0.0
            },
            "Truncated": 0,
            "ObjectMeta": {
                "SourceID": 606,
                "SubType": "us_white_ground_rectangle_unknown",
                "Text": "",
                "OcrVersion": 10006
            }
        },
        {
            "ActorName": "TRAFFIC_SIGN 608",
            "ObjectId": 608,
            "BoundingBox3D Origin X": 15.241047854840872,
            "BoundingBox3D Origin Y": -4.8938386214431375,
            "BoundingBox3D Origin Z": 2.7477591410279274,
            "BoundingBox3D Extent X": 0.1,
            "BoundingBox3D Extent Y": 0.3973643084709372,
            "BoundingBox3D Extent Z": 0.4863847471929617,
            "BoundingBox3D Orientation Quat W": 0.1014467752240639,
            "BoundingBox3D Orientation Quat X": -0.0022734837697753,
            "BoundingBox3D Orientation Quat Y": 0.0138500394206868,
            "BoundingBox3D Orientation Quat Z": 0.9947419562259512,
            "ObjectType": "TRAFFIC_SIGN",
            "Occluded": {
                "F_MIDRANGECAM_C": 5.955616870778613e-07
            },
            "Truncated": 0,
            "ObjectMeta": {
                "SourceID": 608,
                "SubType": "us_yellow_ground_diamond_unknown",
                "Text": "11",
                "OcrVersion": 10006
            }
        },
        {
            "ActorName": "TRAFFIC_SIGN 609",
            "ObjectId": 609,
            "BoundingBox3D Origin X": 49.799213200027225,
            "BoundingBox3D Origin Y": -10.763347838714251,
            "BoundingBox3D Origin Z": 2.690135484561324,
            "BoundingBox3D Extent X": 0.1,
            "BoundingBox3D Extent Y": 0.4327197226534073,
            "BoundingBox3D Extent Z": 0.5787043291211466,
            "BoundingBox3D Orientation Quat W": 0.223413314749513,
            "BoundingBox3D Orientation Quat X": -0.003963125650402,
            "BoundingBox3D Orientation Quat Y": 0.0134634888581276,
            "BoundingBox3D Orientation Quat Z": 0.9746227572222398,
            "ObjectType": "TRAFFIC_SIGN",
            "Occluded": {
                "F_MIDRANGECAM_C": 0.9995806813240052
            },
            "Truncated": 0,
            "ObjectMeta": {
                "SourceID": 609,
                "SubType": "unknown",
                "Text": "",
                "OcrVersion": 10006
            }
        },
        {
            "ActorName": "TRAFFIC_SIGN 610",
            "ObjectId": 610,
            "BoundingBox3D Origin X": 62.32266456300931,
            "BoundingBox3D Origin Y": 9.848454960942036,
            "BoundingBox3D Origin Z": 2.454299658536911,
            "BoundingBox3D Extent X": 0.1,
            "BoundingBox3D Extent Y": 0.5673764564289475,
            "BoundingBox3D Extent Z": 0.8397778011530023,
            "BoundingBox3D Orientation Quat W": -0.1548347911704763,
            "BoundingBox3D Orientation Quat X": 0.0013256789698023,
            "BoundingBox3D Orientation Quat Y": 0.0139743104511923,
            "BoundingBox3D Orientation Quat Z": 0.9878406494297944,
            "ObjectType": "TRAFFIC_SIGN",
            "Occluded": {
                "F_MIDRANGECAM_C": 0.9999489784240724
            },
            "Truncated": 0,
            "ObjectMeta": {
                "SourceID": 610,
                "SubType": "us_yellow_ground_diamond_unknown",
                "Text": "",
                "OcrVersion": 10006
            }
        },
        {
            "ActorName": "TRAFFIC_SIGN 611",
            "ObjectId": 611,
            "BoundingBox3D Origin X": 71.52797348169224,
            "BoundingBox3D Origin Y": -5.484005136240739,
            "BoundingBox3D Origin Z": 2.5388087881729007,
            "BoundingBox3D Extent X": 0.1,
            "BoundingBox3D Extent Y": 0.6647898721773063,
            "BoundingBox3D Extent Z": 0.4925958622564428,
            "BoundingBox3D Orientation Quat W": 0.0926562913071222,
            "BoundingBox3D Orientation Quat X": -0.0021465653486123,
            "BoundingBox3D Orientation Quat Y": 0.0138699734507126,
            "BoundingBox3D Orientation Quat Z": 0.9955992305013552,
            "ObjectType": "TRAFFIC_SIGN",
            "Occluded": {
                "F_MIDRANGECAM_C": 0.9775492548942566
            },
            "Truncated": 0,
            "ObjectMeta": {
                "SourceID": 611,
                "SubType": "unknown",
                "Text": "P",
                "OcrVersion": 10006
            }
        },
        {
            "ActorName": "TRAFFIC_SIGN 612",
            "ObjectId": 612,
            "BoundingBox3D Origin X": 108.06032882604812,
            "BoundingBox3D Origin Y": -5.667088898044312,
            "BoundingBox3D Origin Z": 5.3817813554778695,
            "BoundingBox3D Extent X": 0.1,
            "BoundingBox3D Extent Y": 2.015689627696113,
            "BoundingBox3D Extent Z": 0.6071013615992222,
            "BoundingBox3D Orientation Quat W": 0.0540420951098413,
            "BoundingBox3D Orientation Quat X": -0.0016062335565124,
            "BoundingBox3D Orientation Quat Y": 0.013943043178642,
            "BoundingBox3D Orientation Quat Z": 0.9984400149817813,
            "ObjectType": "TRAFFIC_SIGN",
            "Occluded": {
                "F_MIDRANGECAM_C": 0.7318981289863586
            },
            "Truncated": 0,
            "ObjectMeta": {
                "SourceID": 612,
                "SubType": "unknown",
                "Text": "",
                "OcrVersion": 10006
            }
        },
        {
            "ActorName": "TRAFFIC_SIGN 613",
            "ObjectId": 613,
            "BoundingBox3D Origin X": 113.62080805394362,
            "BoundingBox3D Origin Y": -6.14056089631049,
            "BoundingBox3D Origin Z": 2.886533838696778,
            "BoundingBox3D Extent X": 0.1,
            "BoundingBox3D Extent Y": 0.821519601845871,
            "BoundingBox3D Extent Z": 1.04655705856691,
            "BoundingBox3D Orientation Quat W": 0.0549618066349107,
            "BoundingBox3D Orientation Quat X": -0.0016162578779508,
            "BoundingBox3D Orientation Quat Y": 0.0139414170754079,