{
    "CapturedObjects": [
        {
            "ActorName": "TRAFFIC_SIGN 604",
            "ObjectId": 604,
            "BoundingBox3D Origin X": 35.22532162016796,
            "BoundingBox3D Origin Y": 13.893404716422085,
            "BoundingBox3D Origin Z": 1.482916234061122,
            "BoundingBox3D Extent X": 0.1,
            "BoundingBox3D Extent Y": 0.6542573677519435,
            "BoundingBox3D Extent Z": 0.6696639461456285,
            "BoundingBox3D Orientation Quat W": -0.4116376513686937,
            "BoundingBox3D Orientation Quat X": 0.0076409712937556,
            "BoundingBox3D Orientation Quat Y": 0.0133656857442467,
            "BoundingBox3D Orientation Quat Z": 0.9112175470094608,
            "ObjectType": "TRAFFIC_SIGN",
            "Occluded": {
                "F_MIDRANGECAM_C": 0.0001095294719561
            },
            "Truncated": 0,
            "ObjectMeta": {
                "SourceID": 604,
                "SubType": "us_stop",
                "Text": "",
                "OcrVersion": 10006
            }
        },
        {
            "ActorName": "TRAFFIC_SIGN 605",
            "ObjectId": 605,
            "BoundingBox3D Origin X": 52.03781707050439,
            "BoundingBox3D Origin Y": -3.6287764293083455,
            "BoundingBox3D Origin Z": 5.291415815241635,
            "BoundingBox3D Extent X": 0.1,
            "BoundingBox3D Extent Y": 1.675241656574072,
            "BoundingBox3D Extent Z": 0.7136703424772214,
            "BoundingBox3D Orientation Quat W": 0.0439168703570747,
            "BoundingBox3D Orientation Quat X": 0.0007826859260963,
            "BoundingBox3D Orientation Quat Y": 0.0153693045490271,
            "BoundingBox3D Orientation Quat Z": 0.9989166533692688,
            "ObjectType": "TRAFFIC_SIGN",
            "Occluded": {
                "F_MIDRANGECAM_C": 0.0002203366457251
            },
            "Truncated": 0,
            "ObjectMeta": {
                "SourceID": 605,
                "SubType": "unknown",
                "Text": "Bryson",
                "OcrVersion": 10006
            }
        },
        {
            "ActorName": "TRAFFIC_SIGN 606",
            "ObjectId": 606,
            "BoundingBox3D Origin X": 51.9286436407383,
            "BoundingBox3D Origin Y": 2.426201398833655,
            "BoundingBox3D Origin Z": 6.807103616185486,
            "BoundingBox3D Extent X": 0.1,
            "BoundingBox3D Extent Y": 0.6808865710446399,
            "BoundingBox3D Extent Z": 0.8102549796546726,
            "BoundingBox3D Orientation Quat W": -0.0248003766432217,
            "BoundingBox3D Orientation Quat X": 0.0018382365052177,
            "BoundingBox3D Orientation Quat Y": 0.0152796124705374,
            "BoundingBox3D Orientation Quat Z": 0.9995739570675376,
            "ObjectType": "TRAFFIC_SIGN",
            "Occluded": {
                "F_MIDRANGECAM_C": 0.0047893039882183
            },
            "Truncated": 0,
            "ObjectMeta": {
                "SourceID": 606,
                "SubType": "us_white_ground_rectangle_unknown",
                "Text": "",
                "OcrVersion": 10006
            }
        },
        {
            "ActorName": "TRAFFIC_SIGN 607",
            "ObjectId": 607,
            "BoundingBox3D Origin X": 32.377591215805296,
            "BoundingBox3D Origin Y": -10.56006131551112,
            "BoundingBox3D Origin Z": 2.6739690164104104,
            "BoundingBox3D Extent X": 0.1,
            "BoundingBox3D Extent Y": 0.6534787456868417,
            "BoundingBox3D Extent Z": 0.6851783530544237,
            "BoundingBox3D Orientation Quat W": 0.3681780680059328,
            "BoundingBox3D Orientation Quat X": -0.0042871027989344,
            "BoundingBox3D Orientation Quat Y": 0.014779523383109,
            "BoundingBox3D Orientation Quat Z": 0.9296279345402538,
            "ObjectType": "TRAFFIC_SIGN",
            "Occluded": {
                "F_MIDRANGECAM_C": 0.4816079139709472
            },
            "Truncated": 0,
            "ObjectMeta": {
                "SourceID": 607,
                "SubType": "us_yellow_ground_diamond_unknown",
                "Text": "OUTLET",
                "OcrVersion": 10006
            }
        },
        {
            "ActorName": "TRAFFIC_SIGN 608",
            "ObjectId": 608,
            "BoundingBox3D Origin X": 66.61599305261552,
            "BoundingBox3D Origin Y": -3.5271277161082253,
            "BoundingBox3D Origin Z": 2.4032105645164847,
            "BoundingBox3D Extent X": 0.1,
            "BoundingBox3D Extent Y": 0.3973643084709372,
            "BoundingBox3D Extent Z": 0.4863847471929617,
            "BoundingBox3D Orientation Quat W": 0.0847513745487136,
            "BoundingBox3D Orientation Quat X": 0.0001578753647435,
            "BoundingBox3D Orientation Quat Y": 0.0153883554825321,
            "BoundingBox3D Orientation Quat Z": 0.996283282055368,
            "ObjectType": "TRAFFIC_SIGN",
            "Occluded": {
                "F_MIDRANGECAM_C": 0.0005379528156481
            },
            "Truncated": 0,
            "ObjectMeta": {
                "SourceID": 608,
                "SubType": "us_yellow_ground_diamond_unknown",
                "Text": "11",
                "OcrVersion": 10006
            }
        },
        {
            "ActorName": "TRAFFIC_SIGN 609",
            "ObjectId": 609,
            "BoundingBox3D Origin X": 101.35043476326246,
            "BoundingBox3D Origin Y": -8.237831920181634,
            "BoundingBox3D Origin Z": 2.16461712308228,
            "BoundingBox3D Extent X": 0.1,
            "BoundingBox3D Extent Y": 0.4327197226534073,
            "BoundingBox3D Extent Z": 0.5787043291211466,
            "BoundingBox3D Orientation Quat W": 0.207035416312927,
            "BoundingBox3D Orientation Quat X": -0.0017403998477267,
            "BoundingBox3D Orientation Quat Y": 0.015290039657989,
            "BoundingBox3D Orientation Quat Z": 0.978212411538394,
            "ObjectType": "TRAFFIC_SIGN",
            "Occluded": {
                "F_MIDRANGECAM_C": 0.9968127608299256
            },
            "Truncated": 0,
            "ObjectMeta": {
                "SourceID": 609,
                "SubType": "unknown",
                "Text": "",
                "OcrVersion": 10006
            }
        },
        {
            "ActorName": "TRAFFIC_SIGN 610",
            "ObjectId": 610,
            "BoundingBox3D Origin X": 113.1758631670382,
            "BoundingBox3D Origin Y": 12.78051898177364,
            "BoundingBox3D Origin Z": 1.8061384512111545,
            "BoundingBox3D Extent X": 0.1,
            "BoundingBox3D Extent Y": 0.5673764564289475,
            "BoundingBox3D Extent Z": 0.8397778011530023,
            "BoundingBox3D Orientation Quat W": -0.1713723710948278,
            "BoundingBox3D Orientation Quat X": 0.0040686716281418,
            "BoundingBox3D Orientation Quat Y": 0.0148441293948903,
            "BoundingBox3D Orientation Quat Z": 0.9850860917498666,
            "ObjectType": "TRAFFIC_SIGN",
            "Occluded": {
                "F_MIDRANGECAM_C": 0.9988388419151306
            },
            "Truncated": 0,
            "ObjectMeta": {
                "SourceID": 610,
                "SubType": "us_yellow_ground_diamond_unknown",
                "Text": "",
                "OcrVersion": 10006
            }
        },
        {
            "ActorName": "TRAFFIC_SIGN 611",
            "ObjectId": 611,
            "BoundingBox3D Origin X": 122.8893115164792,
            "BoundingBox3D Origin Y": -2.235243068804266,
            "BoundingBox3D Origin Z": 1.876995489932597,
            "BoundingBox3D Extent X": 0.1,
            "BoundingBox3D Extent Y": 0.6647898721773063,
            "BoundingBox3D Extent Z": 0.4925958622564428,
            "BoundingBox3D Orientation Quat W": 0.0759479591501654,
            "BoundingBox3D Orientation Quat X": 0.0002982963767945,