{
    "CapturedObjects": [
        {
            "ActorName": "TRAFFIC_SIGN 604",
            "ObjectId": 604,
            "BoundingBox3D Origin X": 6.780946148523071,
            "BoundingBox3D Origin Y": 13.803497771761611,
            "BoundingBox3D Origin Z": 1.5775484889745712,
            "BoundingBox3D Extent X": 0.1,
            "BoundingBox3D Extent Y": 0.6542573677519435,
            "BoundingBox3D Extent Z": 0.6696639461456285,
            "BoundingBox3D Orientation Quat W": -0.413533442149869,
            "BoundingBox3D Orientation Quat X": 0.008572343287997,
            "BoundingBox3D Orientation Quat Y": 0.0132558654007824,
            "BoundingBox3D Orientation Quat Z": 0.9103520688100348,
            "ObjectType": "TRAFFIC_SIGN",
            "Occluded": {
                "F_CTCAM_L": 0.0
            },
            "Truncated": 0,
            "ObjectMeta": {
                "SourceID": 604,
                "SubType": "us_stop",
                "Text": "",
                "OcrVersion": 10006
            }
        },
        {
            "ActorName": "TRAFFIC_SIGN 605",
            "ObjectId": 605,
            "BoundingBox3D Origin X": 23.67296193675429,
            "BoundingBox3D Origin Y": -3.646618425060296,
            "BoundingBox3D Origin Z": 5.364675049670041,
            "BoundingBox3D Extent X": 0.1,
            "BoundingBox3D Extent Y": 1.675241656574072,
            "BoundingBox3D Extent Z": 0.7136703424772214,
            "BoundingBox3D Orientation Quat W": 0.0418328416278851,
            "BoundingBox3D Orientation Quat X": 0.0016631899977549,
            "BoundingBox3D Orientation Quat Y": 0.0156919725078054,
            "BoundingBox3D Orientation Quat Z": 0.9990000045841746,
            "ObjectType": "TRAFFIC_SIGN",
            "Occluded": {
                "F_MIDRANGECAM_C": 0.024769302457571
            },
            "Truncated": 0,
            "ObjectMeta": {
                "SourceID": 605,
                "SubType": "unknown",
                "Text": "Bryson",
                "OcrVersion": 10006
            }
        },
        {
            "ActorName": "TRAFFIC_SIGN 606",
            "ObjectId": 606,
            "BoundingBox3D Origin X": 23.5414974992018,
            "BoundingBox3D Origin Y": 2.408676519873552,
            "BoundingBox3D Origin Z": 6.877191957086325,
            "BoundingBox3D Extent X": 0.1,
            "BoundingBox3D Extent Y": 0.6808865710446399,
            "BoundingBox3D Extent Z": 0.8102549796546726,
            "BoundingBox3D Orientation Quat W": -0.0268847566166294,
            "BoundingBox3D Orientation Quat X": 0.0027387975873809,
            "BoundingBox3D Orientation Quat Y": 0.0155409774978809,
            "BoundingBox3D Orientation Quat Z": 0.9995139753239322,
            "ObjectType": "TRAFFIC_SIGN",
            "Occluded": {
                "F_MIDRANGECAM_C": 0.0001246297033503
            },
            "Truncated": 0,
            "ObjectMeta": {
                "SourceID": 606,
                "SubType": "us_white_ground_rectangle_unknown",
                "Text": "",
                "OcrVersion": 10006
            }
        },
        {
            "ActorName": "TRAFFIC_SIGN 607",
            "ObjectId": 607,
            "BoundingBox3D Origin X": 4.036806871852605,
            "BoundingBox3D Origin Y": -10.66073983151,
            "BoundingBox3D Origin Z": 2.787491198629141,
            "BoundingBox3D Extent X": 0.1,
            "BoundingBox3D Extent Y": 0.6534787456868417,
            "BoundingBox3D Extent Z": 0.6851783530544237,
            "BoundingBox3D Orientation Quat W": 0.3662344602680309,
            "BoundingBox3D Orientation Quat X": -0.0035603167768828,
            "BoundingBox3D Orientation Quat Y": 0.0153726438533317,
            "BoundingBox3D Orientation Quat Z": 0.9303888037146572,
            "ObjectType": "TRAFFIC_SIGN",
            "Occluded": {
                "F_CTCAM_L": 0.0
            },
            "Truncated": 0,
            "ObjectMeta": {
                "SourceID": 607,
                "SubType": "us_yellow_ground_diamond_unknown",
                "Text": "OUTLET",
                "OcrVersion": 10006
            }
        },
        {
            "ActorName": "TRAFFIC_SIGN 608",
            "ObjectId": 608,
            "BoundingBox3D Origin X": 38.2452321421988,
            "BoundingBox3D Origin Y": -3.4862036204722244,
            "BoundingBox3D Origin Z": 2.4494234435260296,
            "BoundingBox3D Extent X": 0.1,
            "BoundingBox3D Extent Y": 0.3973643084709372,
            "BoundingBox3D Extent Z": 0.4863847471929617,
            "BoundingBox3D Orientation Quat W": 0.0826722355894701,
            "BoundingBox3D Orientation Quat X": 0.0010244599356002,
            "BoundingBox3D Orientation Quat Y": 0.0157468267164677,
            "BoundingBox3D Orientation Quat Z": 0.9964518500122528,
            "ObjectType": "TRAFFIC_SIGN",
            "Occluded": {
                "F_MIDRANGECAM_C": 8.960581908468157e-05
            },
            "Truncated": 0,
            "ObjectMeta": {
                "SourceID": 608,
                "SubType": "us_yellow_ground_diamond_unknown",
                "Text": "11",
                "OcrVersion": 10006
            }
        },
        {
            "ActorName": "TRAFFIC_SIGN 609",
            "ObjectId": 609,
            "BoundingBox3D Origin X": 72.99842939104929,
            "BoundingBox3D Origin Y": -8.053061935439473,
            "BoundingBox3D Origin Z": 2.1491422774270177,
            "BoundingBox3D Extent X": 0.1,
            "BoundingBox3D Extent Y": 0.4327197226534073,
            "BoundingBox3D Extent Z": 0.5787043291211466,
            "BoundingBox3D Orientation Quat W": 0.20499225706327,
            "BoundingBox3D Orientation Quat X": -0.0009245889119535,
            "BoundingBox3D Orientation Quat Y": 0.0157528048290562,
            "BoundingBox3D Orientation Quat Z": 0.9786363823297536,
            "ObjectType": "TRAFFIC_SIGN",
            "Occluded": {
                "F_MIDRANGECAM_C": 0.9995517134666444
            },
            "Truncated": 0,
            "ObjectMeta": {
                "SourceID": 609,
                "SubType": "unknown",
                "Text": "",
                "OcrVersion": 10006
            }
        },
        {
            "ActorName": "TRAFFIC_SIGN 610",
            "ObjectId": 610,
            "BoundingBox3D Origin X": 84.73596147610806,
            "BoundingBox3D Origin Y": 13.013777640939225,
            "BoundingBox3D Origin Z": 1.7570638079196217,
            "BoundingBox3D Extent X": 0.1,
            "BoundingBox3D Extent Y": 0.5673764564289475,
            "BoundingBox3D Extent Z": 0.8397778011530023,
            "BoundingBox3D Orientation Quat W": -0.1734245005252236,
            "BoundingBox3D Orientation Quat X": 0.0049978450196838,
            "BoundingBox3D Orientation Quat Y": 0.0149702343116445,
            "BoundingBox3D Orientation Quat Z": 0.9847206996135456,
            "ObjectType": "TRAFFIC_SIGN",
            "Occluded": {
                "F_MIDRANGECAM_C": 0.998909831047058
            },
            "Truncated": 0,
            "ObjectMeta": {
                "SourceID": 610,
                "SubType": "us_yellow_ground_diamond_unknown",
                "Text": "",
                "OcrVersion": 10006
            }
        },
        {
            "ActorName": "TRAFFIC_SIGN 611",
            "ObjectId": 611,
            "BoundingBox3D Origin X": 94.5116892741862,
            "BoundingBox3D Origin Y": -1.9614821097056847,
            "BoundingBox3D Origin Z": 1.818298488855362,
            "BoundingBox3D Extent X": 0.1,
            "BoundingBox3D Extent Y": 0.6647898721773063,
            "BoundingBox3D Extent Z": 0.4925958622564428,
            "BoundingBox3D Orientation Quat W": 0.0738674703264125,
            "BoundingBox3D Orientation Quat X": 0.0011680076460768,
            "BoundingBox3D Orientation Quat Y": 0.0157376386633013,