{
    "CapturedObjects": [
        {
            "ActorName": "TRAFFIC_SIGN 612",
            "ObjectId": 612,
            "BoundingBox3D Origin X": 28.83035102017311,
            "BoundingBox3D Origin Y": -3.568905904714484,
            "BoundingBox3D Origin Z": 4.978697675280273,
            "BoundingBox3D Extent X": 0.1,
            "BoundingBox3D Extent Y": 2.015689627696113,
            "BoundingBox3D Extent Z": 0.6071013615992222,
            "BoundingBox3D Orientation Quat W": 0.0376857866364723,
            "BoundingBox3D Orientation Quat X": 0.0034332406547203,
            "BoundingBox3D Orientation Quat Y": 0.0107996650985027,
            "BoundingBox3D Orientation Quat Z": 0.9992253807715036,
            "ObjectType": "TRAFFIC_SIGN",
            "Occluded": {
                "F_MIDRANGECAM_C": 0.0075296922586858
            },
            "Truncated": 0,
            "ObjectMeta": {
                "SourceID": 612,
                "SubType": "unknown",
                "Text": "",
                "OcrVersion": 10006
            }
        },
        {
            "ActorName": "TRAFFIC_SIGN 613",
            "ObjectId": 613,
            "BoundingBox3D Origin X": 34.377356338365644,
            "BoundingBox3D Origin Y": -3.844064372620778,
            "BoundingBox3D Origin Z": 2.4243641160428524,
            "BoundingBox3D Extent X": 0.1,
            "BoundingBox3D Extent Y": 0.821519601845871,
            "BoundingBox3D Extent Z": 1.04655705856691,
            "BoundingBox3D Orientation Quat W": 0.0386062086990785,
            "BoundingBox3D Orientation Quat X": 0.003426111798593,
            "BoundingBox3D Orientation Quat Y": 0.0108027296831227,
            "BoundingBox3D Orientation Quat Z": 0.9991902338590084,
            "ObjectType": "TRAFFIC_SIGN",
            "Occluded": {
                "F_MIDRANGECAM_C": 6.098763805084674e-08
            },
            "Truncated": 0,
            "ObjectMeta": {
                "SourceID": 613,
                "SubType": "unknown",
                "Text": "AHEAD",
                "OcrVersion": 10006
            }
        },
        {
            "ActorName": "TRAFFIC_SIGN 614",
            "ObjectId": 614,
            "BoundingBox3D Origin X": 15.275058157778403,
            "BoundingBox3D Origin Y": 15.673355693550548,
            "BoundingBox3D Origin Z": 1.9272850211709736,
            "BoundingBox3D Extent X": 0.1,
            "BoundingBox3D Extent Y": 0.7431382892211243,
            "BoundingBox3D Extent Z": 0.8068183363710659,
            "BoundingBox3D Orientation Quat W": -0.4005876191880481,
            "BoundingBox3D Orientation Quat X": 0.0077916368259904,
            "BoundingBox3D Orientation Quat Y": 0.0082360010075124,
            "BoundingBox3D Orientation Quat Z": 0.9161883092662924,
            "ObjectType": "TRAFFIC_SIGN",
            "Occluded": {
                "F_MIDRANGECAM_C": 0.0318032130599021
            },
            "Truncated": 0,
            "ObjectMeta": {
                "SourceID": 614,
                "SubType": "unknown",
                "Text": "",
                "OcrVersion": 10006
            }
        },
        {
            "ActorName": "TRAFFIC_SIGN 615",
            "ObjectId": 615,
            "BoundingBox3D Origin X": 23.555117689938925,
            "BoundingBox3D Origin Y": -10.971095777262237,
            "BoundingBox3D Origin Z": 2.5221443669870496,
            "BoundingBox3D Extent X": 0.1,
            "BoundingBox3D Extent Y": 0.7208321150109754,
            "BoundingBox3D Extent Z": 0.6150844709069305,
            "BoundingBox3D Orientation Quat W": 0.1623922046220385,
            "BoundingBox3D Orientation Quat X": 0.0020532492227552,
            "BoundingBox3D Orientation Quat Y": 0.0111438640030193,
            "BoundingBox3D Orientation Quat Z": 0.9866612236936776,
            "ObjectType": "TRAFFIC_SIGN",
            "Occluded": {
                "F_MIDRANGECAM_C": 0.0013951495056971
            },
            "Truncated": 0,
            "ObjectMeta": {
                "SourceID": 615,
                "SubType": "us_yellow_ground_diamond_unknown",
                "Text": "",
                "OcrVersion": 10006
            }
        },
        {
            "ActorName": "TRAFFIC_SIGN 616",
            "ObjectId": 616,
            "BoundingBox3D Origin X": 48.87922477232496,
            "BoundingBox3D Origin Y": -3.678403120546136,
            "BoundingBox3D Origin Z": 2.7791308239102364,
            "BoundingBox3D Extent X": 0.1,
            "BoundingBox3D Extent Y": 0.5572884027437033,
            "BoundingBox3D Extent Z": 0.5924573148805717,
            "BoundingBox3D Orientation Quat W": 0.0509314710910842,
            "BoundingBox3D Orientation Quat X": 0.003291586883514,
            "BoundingBox3D Orientation Quat Y": 0.0108442890283634,
            "BoundingBox3D Orientation Quat Z": 0.9986378483232824,
            "ObjectType": "TRAFFIC_SIGN",
            "Occluded": {
                "F_MIDRANGECAM_C": 0.9337565302848816
            },
            "Truncated": 0,
            "ObjectMeta": {
                "SourceID": 616,
                "SubType": "unknown",
                "Text": "",
                "OcrVersion": 10006
            }
        },
        {
            "ActorName": "TRAFFIC_SIGN 617",
            "ObjectId": 617,
            "BoundingBox3D Origin X": 28.282879182363104,
            "BoundingBox3D Origin Y": -4.234344868018525,
            "BoundingBox3D Origin Z": 2.873126596212387,
            "BoundingBox3D Extent X": 0.0999999999999999,
            "BoundingBox3D Extent Y": 0.7647942581555,
            "BoundingBox3D Extent Z": 0.185378029919662,
            "BoundingBox3D Orientation Quat W": 0.1753875906821795,
            "BoundingBox3D Orientation Quat X": 0.0019082760959712,
            "BoundingBox3D Orientation Quat Y": 0.0111702550138874,
            "BoundingBox3D Orientation Quat Z": 0.9844342420496996,
            "ObjectType": "TRAFFIC_SIGN",
            "Occluded": {
                "F_MIDRANGECAM_C": 0.7204955220222473
            },
            "Truncated": 0,
            "ObjectMeta": {
                "SourceID": 617,
                "SubType": "us_white_ground_rectangle_unknown",
                "Text": "",
                "OcrVersion": 10006
            }
        },
        {
            "ActorName": "TRAFFIC_SIGN 618",
            "ObjectId": 618,
            "BoundingBox3D Origin X": 50.630873933652765,
            "BoundingBox3D Origin Y": -3.144151170476107,
            "BoundingBox3D Origin Z": 2.1670666011050344,
            "BoundingBox3D Extent X": 0.0999999999999999,
            "BoundingBox3D Extent Y": 0.3186681614729488,
            "BoundingBox3D Extent Z": 0.468749094353403,
            "BoundingBox3D Orientation Quat W": 0.2867054576770748,
            "BoundingBox3D Orientation Quat X": 0.0006216082028838,
            "BoundingBox3D Orientation Quat Y": 0.0113154841471224,
            "BoundingBox3D Orientation Quat Z": 0.9579517492859112,
            "ObjectType": "TRAFFIC_SIGN",
            "Occluded": {
                "F_MIDRANGECAM_C": 0.8954396843910217
            },
            "Truncated": 0,
            "ObjectMeta": {
                "SourceID": 618,
                "SubType": "us_white_ground_rectangle_unknown",
                "Text": "",
                "OcrVersion": 10006
            }
        },
        {
            "ActorName": "TRAFFIC_SIGN 619",
            "ObjectId": 619,
            "BoundingBox3D Origin X": 79.97097377550381,
            "BoundingBox3D Origin Y": -2.732999397761887,
            "BoundingBox3D Origin Z": 2.502087946981192,
            "BoundingBox3D Extent X": 0.1,
            "BoundingBox3D Extent Y": 0.6539907426792017,
            "BoundingBox3D Extent Z": 1.2534023493860695,
            "BoundingBox3D Orientation Quat W": 0.0601804844810641,
            "BoundingBox3D Orientation Quat X": 0.0031928391910225,