{
    "CapturedObjects": [
        {
            "ActorName": "TRAFFIC_SIGN 604",
            "ObjectId": 604,
            "BoundingBox3D Origin X": 8.973463358358856,
            "BoundingBox3D Origin Y": 13.845132967020618,
            "BoundingBox3D Origin Z": 1.5877080876380203,
            "BoundingBox3D Extent X": 0.1,
            "BoundingBox3D Extent Y": 0.6542573677519435,
            "BoundingBox3D Extent Z": 0.6696639461456285,
            "BoundingBox3D Orientation Quat W": -0.4151826811896347,
            "BoundingBox3D Orientation Quat X": 0.0066783029039527,
            "BoundingBox3D Orientation Quat Y": 0.0146841115359649,
            "BoundingBox3D Orientation Quat Z": 0.9095950298780816,
            "ObjectType": "TRAFFIC_SIGN",
            "Occluded": {
                "F_CTCAM_L": 0.0
            },
            "Truncated": 0,
            "ObjectMeta": {
                "SourceID": 604,
                "SubType": "us_stop",
                "Text": "",
                "OcrVersion": 10006
            }
        },
        {
            "ActorName": "TRAFFIC_SIGN 605",
            "ObjectId": 605,
            "BoundingBox3D Origin X": 25.91231118740052,
            "BoundingBox3D Origin Y": -3.5383554007567,
            "BoundingBox3D Origin Z": 5.469972726888955,
            "BoundingBox3D Extent X": 0.1,
            "BoundingBox3D Extent Y": 1.675241656574072,
            "BoundingBox3D Extent Z": 0.7136703424772214,
            "BoundingBox3D Orientation Quat W": 0.0400182059419601,
            "BoundingBox3D Orientation Quat X": -0.0006709391052195,
            "BoundingBox3D Orientation Quat Y": 0.0161120203076485,
            "BoundingBox3D Orientation Quat Z": 0.9990688143644112,
            "ObjectType": "TRAFFIC_SIGN",
            "Occluded": {
                "F_MIDRANGECAM_C": 0.0081255314871668
            },
            "Truncated": 0,
            "ObjectMeta": {
                "SourceID": 605,
                "SubType": "unknown",
                "Text": "Bryson",
                "OcrVersion": 10006
            }
        },
        {
            "ActorName": "TRAFFIC_SIGN 606",
            "ObjectId": 606,
            "BoundingBox3D Origin X": 25.75154814387389,
            "BoundingBox3D Origin Y": 2.517947700660443,
            "BoundingBox3D Origin Z": 6.975621818564832,
            "BoundingBox3D Extent X": 0.1,
            "BoundingBox3D Extent Y": 0.6808865710446399,
            "BoundingBox3D Extent Z": 0.8102549796546726,
            "BoundingBox3D Orientation Quat W": -0.0287000645335781,
            "BoundingBox3D Orientation Quat X": 0.0004389250051103,
            "BoundingBox3D Orientation Quat Y": 0.0161204019948491,
            "BoundingBox3D Orientation Quat Z": 0.9994579762451912,
            "ObjectType": "TRAFFIC_SIGN",
            "Occluded": {
                "F_MIDRANGECAM_C": 0.0001208403045893
            },
            "Truncated": 0,
            "ObjectMeta": {
                "SourceID": 606,
                "SubType": "us_white_ground_rectangle_unknown",
                "Text": "",
                "OcrVersion": 10006
            }
        },
        {
            "ActorName": "TRAFFIC_SIGN 607",
            "ObjectId": 607,
            "BoundingBox3D Origin X": 6.314273183475848,
            "BoundingBox3D Origin Y": -10.627873328630812,
            "BoundingBox3D Origin Z": 2.810333577916026,
            "BoundingBox3D Extent X": 0.1,
            "BoundingBox3D Extent Y": 0.6534787456868417,
            "BoundingBox3D Extent Z": 0.6851783530544237,
            "BoundingBox3D Orientation Quat W": 0.3645443611386686,
            "BoundingBox3D Orientation Quat X": -0.0059031143116832,
            "BoundingBox3D Orientation Quat Y": 0.0150058890206254,
            "BoundingBox3D Orientation Quat Z": 0.931046392666941,
            "ObjectType": "TRAFFIC_SIGN",
            "Occluded": {
                "F_CTCAM_L": 0.0
            },
            "Truncated": 0,
            "ObjectMeta": {
                "SourceID": 607,
                "SubType": "us_yellow_ground_diamond_unknown",
                "Text": "OUTLET",
                "OcrVersion": 10006
            }
        },
        {
            "ActorName": "TRAFFIC_SIGN 608",
            "ObjectId": 608,
            "BoundingBox3D Origin X": 40.4970262759669,
            "BoundingBox3D Origin Y": -3.326865229435498,
            "BoundingBox3D Origin Z": 2.621181487105787,
            "BoundingBox3D Extent X": 0.1,
            "BoundingBox3D Extent Y": 0.3973643084709372,
            "BoundingBox3D Extent Z": 0.4863847471929617,
            "BoundingBox3D Orientation Quat W": 0.0808621398952029,
            "BoundingBox3D Orientation Quat X": -0.0013248407443742,
            "BoundingBox3D Orientation Quat Y": 0.0160709983896483,
            "BoundingBox3D Orientation Quat Z": 0.9965948435243536,
            "ObjectType": "TRAFFIC_SIGN",
            "Occluded": {
                "F_MIDRANGECAM_C": 0.0006843744777143
            },
            "Truncated": 0,
            "ObjectMeta": {
                "SourceID": 608,
                "SubType": "us_yellow_ground_diamond_unknown",
                "Text": "11",
                "OcrVersion": 10006
            }
        },
        {
            "ActorName": "TRAFFIC_SIGN 609",
            "ObjectId": 609,
            "BoundingBox3D Origin X": 75.26776740023848,
            "BoundingBox3D Origin Y": -7.765107915533008,
            "BoundingBox3D Origin Z": 2.484417577274144,
            "BoundingBox3D Extent X": 0.1,
            "BoundingBox3D Extent Y": 0.4327197226534073,
            "BoundingBox3D Extent Z": 0.5787043291211466,
            "BoundingBox3D Orientation Quat W": 0.2032144616960468,
            "BoundingBox3D Orientation Quat X": -0.0032957825316126,
            "BoundingBox3D Orientation Quat Y": 0.0157844904694023,
            "BoundingBox3D Orientation Quat Z": 0.979001465900696,
            "ObjectType": "TRAFFIC_SIGN",
            "Occluded": {
                "F_MIDRANGECAM_C": 0.999891757965088
            },
            "Truncated": 0,
            "ObjectMeta": {
                "SourceID": 609,
                "SubType": "unknown",
                "Text": "",
                "OcrVersion": 10006
            }
        },
        {
            "ActorName": "TRAFFIC_SIGN 610",
            "ObjectId": 610,
            "BoundingBox3D Origin X": 86.92898317310949,
            "BoundingBox3D Origin Y": 13.344710926583502,
            "BoundingBox3D Origin Z": 2.124244817532599,
            "BoundingBox3D Extent X": 0.1,
            "BoundingBox3D Extent Y": 0.5673764564289475,
            "BoundingBox3D Extent Z": 0.8397778011530023,
            "BoundingBox3D Orientation Quat W": -0.1752118713882939,
            "BoundingBox3D Orientation Quat X": 0.0028077917581368,
            "BoundingBox3D Orientation Quat Y": 0.0158812565892639,
            "BoundingBox3D Orientation Quat Z": 0.9843986499986684,
            "ObjectType": "TRAFFIC_SIGN",
            "Occluded": {
                "F_MIDRANGECAM_C": 0.9992889165878296
            },
            "Truncated": 0,
            "ObjectMeta": {
                "SourceID": 610,
                "SubType": "us_yellow_ground_diamond_unknown",
                "Text": "",
                "OcrVersion": 10006
            }
        },
        {
            "ActorName": "TRAFFIC_SIGN 611",
            "ObjectId": 611,
            "BoundingBox3D Origin X": 96.75958450876324,
            "BoundingBox3D Origin Y": -1.5941232359327842,
            "BoundingBox3D Origin Z": 2.2455970412120223,
            "BoundingBox3D Extent X": 0.1,
            "BoundingBox3D Extent Y": 0.6647898721773063,
            "BoundingBox3D Extent Z": 0.4925958622564428,
            "BoundingBox3D Orientation Quat W": 0.0720561380985582,
            "BoundingBox3D Orientation Quat X": -0.001178351296418,