{
    "CapturedObjects": [
        {
            "ActorName": "TRAFFIC_SIGN 612",
            "ObjectId": 612,
            "BoundingBox3D Origin X": 36.86710359335939,
            "BoundingBox3D Origin Y": -3.549128979153465,
            "BoundingBox3D Origin Z": 5.18926802277565,
            "BoundingBox3D Extent X": 0.1,
            "BoundingBox3D Extent Y": 2.015689627696113,
            "BoundingBox3D Extent Z": 0.6071013615992222,
            "BoundingBox3D Orientation Quat W": 0.0383662691066002,
            "BoundingBox3D Orientation Quat X": -0.0001367043329692,
            "BoundingBox3D Orientation Quat Y": 0.0125242323105227,
            "BoundingBox3D Orientation Quat Z": 0.999185245243242,
            "ObjectType": "TRAFFIC_SIGN",
            "Occluded": {
                "F_MIDRANGECAM_C": 0.000371804140741
            },
            "Truncated": 0,
            "ObjectMeta": {
                "SourceID": 612,
                "SubType": "unknown",
                "Text": "",
                "OcrVersion": 10006
            }
        },
        {
            "ActorName": "TRAFFIC_SIGN 613",
            "ObjectId": 613,
            "BoundingBox3D Origin X": 42.43153314190749,
            "BoundingBox3D Origin Y": -3.840795340831392,
            "BoundingBox3D Origin Z": 2.674970741383732,
            "BoundingBox3D Extent X": 0.1,
            "BoundingBox3D Extent Y": 0.821519601845871,
            "BoundingBox3D Extent Z": 1.04655705856691,
            "BoundingBox3D Orientation Quat W": 0.0392866631441798,
            "BoundingBox3D Orientation Quat X": -0.0001454185541145,
            "BoundingBox3D Orientation Quat Y": 0.0125240033274395,
            "BoundingBox3D Orientation Quat Z": 0.9991494814556496,
            "ObjectType": "TRAFFIC_SIGN",
            "Occluded": {
                "F_MIDRANGECAM_C": 1.751147635786765e-07
            },
            "Truncated": 0,
            "ObjectMeta": {
                "SourceID": 613,
                "SubType": "unknown",
                "Text": "AHEAD",
                "OcrVersion": 10006
            }
        },
        {
            "ActorName": "TRAFFIC_SIGN 614",
            "ObjectId": 614,
            "BoundingBox3D Origin X": 23.358287524431034,
            "BoundingBox3D Origin Y": 15.69877116754651,
            "BoundingBox3D Origin Z": 1.971378894522786,
            "BoundingBox3D Extent X": 0.1,
            "BoundingBox3D Extent Y": 0.7431382892211243,
            "BoundingBox3D Extent Z": 0.8068183363710659,
            "BoundingBox3D Orientation Quat W": -0.3999596424094113,
            "BoundingBox3D Orientation Quat X": 0.0053257178334477,
            "BoundingBox3D Orientation Quat Y": 0.0113420274770308,
            "BoundingBox3D Orientation Quat Z": 0.9164470959013424,
            "ObjectType": "TRAFFIC_SIGN",
            "Occluded": {
                "F_MIDRANGECAM_C": 0.0049779689870774
            },
            "Truncated": 0,
            "ObjectMeta": {
                "SourceID": 614,
                "SubType": "unknown",
                "Text": "",
                "OcrVersion": 10006
            }
        },
        {
            "ActorName": "TRAFFIC_SIGN 615",
            "ObjectId": 615,
            "BoundingBox3D Origin X": 31.59975944627422,
            "BoundingBox3D Origin Y": -10.953790056169964,
            "BoundingBox3D Origin Z": 2.723247490823269,
            "BoundingBox3D Extent X": 0.1,
            "BoundingBox3D Extent Y": 0.7208321150109754,
            "BoundingBox3D Extent Z": 0.6150844709069305,
            "BoundingBox3D Orientation Quat W": 0.1630627413461924,
            "BoundingBox3D Orientation Quat X": -0.0017041996561217,
            "BoundingBox3D Orientation Quat Y": 0.0124079131142282,
            "BoundingBox3D Orientation Quat Z": 0.986536203988656,
            "ObjectType": "TRAFFIC_SIGN",
            "Occluded": {
                "F_MIDRANGECAM_C": 0.0001599939714651
            },
            "Truncated": 0,
            "ObjectMeta": {
                "SourceID": 615,
                "SubType": "us_yellow_ground_diamond_unknown",
                "Text": "",
                "OcrVersion": 10006
            }
        },
        {
            "ActorName": "TRAFFIC_SIGN 616",
            "ObjectId": 616,
            "BoundingBox3D Origin X": 56.93072792223938,
            "BoundingBox3D Origin Y": -3.69209406489972,
            "BoundingBox3D Origin Z": 3.1308956053107977,
            "BoundingBox3D Extent X": 0.1,
            "BoundingBox3D Extent Y": 0.5572884027437033,
            "BoundingBox3D Extent Z": 0.5924573148805717,
            "BoundingBox3D Orientation Quat W": 0.0516114258833566,
            "BoundingBox3D Orientation Quat X": -0.0003008858776815,
            "BoundingBox3D Orientation Quat Y": 0.0125213313692005,
            "BoundingBox3D Orientation Quat Z": 0.998588697335754,
            "ObjectType": "TRAFFIC_SIGN",
            "Occluded": {
                "F_MIDRANGECAM_C": 0.882450520992279
            },
            "Truncated": 0,
            "ObjectMeta": {
                "SourceID": 616,
                "SubType": "unknown",
                "Text": "",
                "OcrVersion": 10006
            }
        },
        {
            "ActorName": "TRAFFIC_SIGN 617",
            "ObjectId": 617,
            "BoundingBox3D Origin X": 36.3335718541357,
            "BoundingBox3D Origin Y": -4.221719594148453,
            "BoundingBox3D Origin Z": 3.082392260432244,
            "BoundingBox3D Extent X": 0.0999999999999999,
            "BoundingBox3D Extent Y": 0.7647942581555,
            "BoundingBox3D Extent Z": 0.185378029919662,
            "BoundingBox3D Orientation Quat W": 0.1760564500303194,
            "BoundingBox3D Orientation Quat X": -0.0018655031291723,
            "BoundingBox3D Orientation Quat Y": 0.0123846056558446,
            "BoundingBox3D Orientation Quat Z": 0.98430039512516,
            "ObjectType": "TRAFFIC_SIGN",
            "Occluded": {
                "F_MIDRANGECAM_C": 0.9345044493675232
            },
            "Truncated": 0,
            "ObjectMeta": {
                "SourceID": 617,
                "SubType": "us_white_ground_rectangle_unknown",
                "Text": "",
                "OcrVersion": 10006
            }
        },
        {
            "ActorName": "TRAFFIC_SIGN 618",
            "ObjectId": 618,
            "BoundingBox3D Origin X": 58.68731076925178,
            "BoundingBox3D Origin Y": -3.1623328081914224,
            "BoundingBox3D Origin Z": 2.529162027873099,
            "BoundingBox3D Extent X": 0.0999999999999999,
            "BoundingBox3D Extent Y": 0.3186681614729488,
            "BoundingBox3D Extent Z": 0.468749094353403,
            "BoundingBox3D Orientation Quat W": 0.2873546813061655,
            "BoundingBox3D Orientation Quat X": -0.0032661626694651,
            "BoundingBox3D Orientation Quat Y": 0.0120903639240682,
            "BoundingBox3D Orientation Quat Z": 0.9577423674522456,
            "ObjectType": "TRAFFIC_SIGN",
            "Occluded": {
                "F_MIDRANGECAM_C": 0.913554847240448
            },
            "Truncated": 0,
            "ObjectMeta": {
                "SourceID": 618,
                "SubType": "us_white_ground_rectangle_unknown",
                "Text": "",
                "OcrVersion": 10006
            }
        },
        {
            "ActorName": "TRAFFIC_SIGN 619",
            "ObjectId": 619,
            "BoundingBox3D Origin X": 88.02478522972342,
            "BoundingBox3D Origin Y": -2.7869206359318923,
            "BoundingBox3D Origin Z": 3.068576181307435,
            "BoundingBox3D Extent X": 0.1,
            "BoundingBox3D Extent Y": 0.6539907426792017,
            "BoundingBox3D Extent Z": 1.2534023493860695,
            "BoundingBox3D Orientation Quat W": 0.0608599995591796,
            "BoundingBox3D Orientation Quat X": -0.0004149986113062,