{
    "CapturedObjects": [
        {
            "ActorName": "TRAFFIC_SIGN 612",
            "ObjectId": 612,
            "BoundingBox3D Origin X": 17.529886769101722,
            "BoundingBox3D Origin Y": -3.905741467289772,
            "BoundingBox3D Origin Z": 4.869683698751032,
            "BoundingBox3D Extent X": 0.1,
            "BoundingBox3D Extent Y": 2.015689627696113,
            "BoundingBox3D Extent Z": 0.6071013615992222,
            "BoundingBox3D Orientation Quat W": -0.0410916192433855,
            "BoundingBox3D Orientation Quat X": -0.0052264902153103,
            "BoundingBox3D Orientation Quat Y": 0.0006344618095901,
            "BoundingBox3D Orientation Quat Z": -0.9991415115418828,
            "ObjectType": "TRAFFIC_SIGN",
            "Occluded": {
                "F_MIDRANGECAM_C": 0.0038203329313546
            },
            "Truncated": 0,
            "ObjectMeta": {
                "SourceID": 612,
                "SubType": "unknown",
                "Text": "",
                "OcrVersion": 10006
            }
        },
        {
            "ActorName": "TRAFFIC_SIGN 613",
            "ObjectId": 613,
            "BoundingBox3D Origin X": 23.068228336342145,
            "BoundingBox3D Origin Y": -4.160418705738266,
            "BoundingBox3D Origin Z": 2.294572069309652,
            "BoundingBox3D Extent X": 0.1,
            "BoundingBox3D Extent Y": 0.821519601845871,
            "BoundingBox3D Extent Z": 1.04655705856691,
            "BoundingBox3D Orientation Quat W": -0.0420119373617283,
            "BoundingBox3D Orientation Quat X": -0.0052298887051487,
            "BoundingBox3D Orientation Quat Y": 0.0006297500014009,
            "BoundingBox3D Orientation Quat Z": -0.9991032222939638,
            "ObjectType": "TRAFFIC_SIGN",
            "Occluded": {
                "F_MIDRANGECAM_C": 8.119179256027564e-06
            },
            "Truncated": 0,
            "ObjectMeta": {
                "SourceID": 613,
                "SubType": "unknown",
                "Text": "AHEAD",
                "OcrVersion": 10006
            }
        },
        {
            "ActorName": "TRAFFIC_SIGN 614",
            "ObjectId": 614,
            "BoundingBox3D Origin X": 4.1010024871939095,
            "BoundingBox3D Origin Y": 15.494628313384965,
            "BoundingBox3D Origin Z": 2.297505444847048,
            "BoundingBox3D Extent X": 0.1,
            "BoundingBox3D Extent Y": 0.7431382892211243,
            "BoundingBox3D Extent Z": 0.8068183363710659,
            "BoundingBox3D Orientation Quat W": 0.3974880646087146,
            "BoundingBox3D Orientation Quat X": -0.0044357434049602,
            "BoundingBox3D Orientation Quat Y": 0.0028395762331223,
            "BoundingBox3D Orientation Quat Z": -0.9175922294139592,
            "ObjectType": "TRAFFIC_SIGN",
            "Occluded": {
                "F_CTCAM_L": 0.0
            },
            "Truncated": 0,
            "ObjectMeta": {
                "SourceID": 614,
                "SubType": "unknown",
                "Text": "",
                "OcrVersion": 10006
            }
        },
        {
            "ActorName": "TRAFFIC_SIGN 615",
            "ObjectId": 615,
            "BoundingBox3D Origin X": 12.19705275852175,
            "BoundingBox3D Origin Y": -11.21300794315539,
            "BoundingBox3D Origin Z": 2.2583557795733213,
            "BoundingBox3D Extent X": 0.1,
            "BoundingBox3D Extent Y": 0.7208321150109754,
            "BoundingBox3D Extent Z": 0.6150844709069305,
            "BoundingBox3D Orientation Quat W": 0.1657614959514045,
            "BoundingBox3D Orientation Quat X": 0.005262287121187,
            "BoundingBox3D Orientation Quat Y": 2.3991998489347743e-05,
            "BoundingBox3D Orientation Quat Z": 0.9861518312200162,
            "ObjectType": "TRAFFIC_SIGN",
            "Occluded": {
                "F_MIDRANGECAM_C": 0.1143126040697097
            },
            "Truncated": 0,
            "ObjectMeta": {
                "SourceID": 615,
                "SubType": "us_yellow_ground_diamond_unknown",
                "Text": "",
                "OcrVersion": 10006
            }
        },
        {
            "ActorName": "TRAFFIC_SIGN 616",
            "ObjectId": 616,
            "BoundingBox3D Origin X": 37.571669965880574,
            "BoundingBox3D Origin Y": -4.102992379115676,
            "BoundingBox3D Origin Z": 2.613472516648472,
            "BoundingBox3D Extent X": 0.1,
            "BoundingBox3D Extent Y": 0.5572884027437033,
            "BoundingBox3D Extent Z": 0.5924573148805717,
            "BoundingBox3D Orientation Quat W": -0.0543359698801038,
            "BoundingBox3D Orientation Quat X": -0.0052362303001627,
            "BoundingBox3D Orientation Quat Y": 0.0005650584969545,
            "BoundingBox3D Orientation Quat Z": -0.9985088206812832,
            "ObjectType": "TRAFFIC_SIGN",
            "Occluded": {
                "F_MIDRANGECAM_C": 0.0011545148445293
            },
            "Truncated": 0,
            "ObjectMeta": {
                "SourceID": 616,
                "SubType": "unknown",
                "Text": "",
                "OcrVersion": 10006
            }
        },
        {
            "ActorName": "TRAFFIC_SIGN 617",
            "ObjectId": 617,
            "BoundingBox3D Origin X": 16.972396622542874,
            "BoundingBox3D Origin Y": -4.518853119448977,
            "BoundingBox3D Origin Z": 2.750894008204341,
            "BoundingBox3D Extent X": 0.0999999999999999,
            "BoundingBox3D Extent Y": 0.7647942581555,
            "BoundingBox3D Extent Z": 0.185378029919662,
            "BoundingBox3D Orientation Quat W": 0.1787498847299904,
            "BoundingBox3D Orientation Quat X": 0.0052636041565338,
            "BoundingBox3D Orientation Quat Y": 9.367826355033416e-05,
            "BoundingBox3D Orientation Quat Z": 0.9838804624570412,
            "ObjectType": "TRAFFIC_SIGN",
            "Occluded": {
                "F_MIDRANGECAM_C": 0.0009859472047537
            },
            "Truncated": 0,
            "ObjectMeta": {
                "SourceID": 617,
                "SubType": "us_white_ground_rectangle_unknown",
                "Text": "",
                "OcrVersion": 10006
            }
        },
        {
            "ActorName": "TRAFFIC_SIGN 618",
            "ObjectId": 618,
            "BoundingBox3D Origin X": 39.32540191801672,
            "BoundingBox3D Origin Y": -3.566918361155331,
            "BoundingBox3D Origin Z": 2.00904559250921,
            "BoundingBox3D Extent X": 0.0999999999999999,
            "BoundingBox3D Extent Y": 0.3186681614729488,
            "BoundingBox3D Extent Z": 0.468749094353403,
            "BoundingBox3D Orientation Quat W": 0.289982466275706,
            "BoundingBox3D Orientation Quat X": 0.0052199965065555,
            "BoundingBox3D Orientation Quat Y": 0.0006950119178742,
            "BoundingBox3D Orientation Quat Z": 0.9570174699803364,
            "ObjectType": "TRAFFIC_SIGN",
            "Occluded": {
                "F_MIDRANGECAM_C": 0.9371156096458436
            },
            "Truncated": 0,
            "ObjectMeta": {
                "SourceID": 618,
                "SubType": "us_white_ground_rectangle_unknown",
                "Text": "",
                "OcrVersion": 10006
            }
        },
        {
            "ActorName": "TRAFFIC_SIGN 619",
            "ObjectId": 619,
            "BoundingBox3D Origin X": 68.66822956201213,
            "BoundingBox3D Origin Y": -3.3659777391258103,
            "BoundingBox3D Origin Z": 2.27334635425359,
            "BoundingBox3D Extent X": 0.1,
            "BoundingBox3D Extent Y": 0.6539907426792017,
            "BoundingBox3D Extent Z": 1.2534023493860695,
            "BoundingBox3D Orientation Quat W": -0.0635836860573847,
            "BoundingBox3D Orientation Quat X": -0.0052430544478149,