{
    "CapturedObjects": [
        {
            "ActorName": "TRAFFIC_SIGN 610",
            "ObjectId": 610,
            "BoundingBox3D Origin X": 12.462816959025533,
            "BoundingBox3D Origin Y": 10.71144917901256,
            "BoundingBox3D Origin Z": 2.4156736116856337,
            "BoundingBox3D Extent X": 0.1,
            "BoundingBox3D Extent Y": 0.5673764564289475,
            "BoundingBox3D Extent Z": 0.8397778011530023,
            "BoundingBox3D Orientation Quat W": -0.1652472503047451,
            "BoundingBox3D Orientation Quat X": 0.0016433383283744,
            "BoundingBox3D Orientation Quat Y": 0.01121758057379,
            "BoundingBox3D Orientation Quat Z": 0.9861870063998666,
            "ObjectType": "TRAFFIC_SIGN",
            "Occluded": {
                "F_MIDRANGECAM_C": 0.001822036341764
            },
            "Truncated": 0,
            "ObjectMeta": {
                "SourceID": 610,
                "SubType": "us_yellow_ground_diamond_unknown",
                "Text": "",
                "OcrVersion": 10006
            }
        },
        {
            "ActorName": "TRAFFIC_SIGN 611",
            "ObjectId": 611,
            "BoundingBox3D Origin X": 21.98926788029121,
            "BoundingBox3D Origin Y": -4.423820930649526,
            "BoundingBox3D Origin Z": 2.402450574561953,
            "BoundingBox3D Extent X": 0.1,
            "BoundingBox3D Extent Y": 0.6647898721773063,
            "BoundingBox3D Extent Z": 0.4925958622564428,
            "BoundingBox3D Orientation Quat W": 0.0821562202627547,
            "BoundingBox3D Orientation Quat X": -0.0011619960909334,
            "BoundingBox3D Orientation Quat Y": 0.0112754986016901,
            "BoundingBox3D Orientation Quat Z": 0.9965550001723464,
            "ObjectType": "TRAFFIC_SIGN",
            "Occluded": {
                "F_MIDRANGECAM_C": 0.0001695555401965
            },
            "Truncated": 0,
            "ObjectMeta": {
                "SourceID": 611,
                "SubType": "unknown",
                "Text": "P",
                "OcrVersion": 10006
            }
        },
        {
            "ActorName": "TRAFFIC_SIGN 612",
            "ObjectId": 612,
            "BoundingBox3D Origin X": 58.52252684471796,
            "BoundingBox3D Origin Y": -3.852175284497207,
            "BoundingBox3D Origin Z": 5.181563463062048,
            "BoundingBox3D Extent X": 0.1,
            "BoundingBox3D Extent Y": 2.015689627696113,
            "BoundingBox3D Extent Z": 0.6071013615992222,
            "BoundingBox3D Orientation Quat W": 0.0435130886723064,
            "BoundingBox3D Orientation Quat X": -0.000722713637788,
            "BoundingBox3D Orientation Quat Y": 0.0113124092575676,
            "BoundingBox3D Orientation Quat Z": 0.9989885475799924,
            "ObjectType": "TRAFFIC_SIGN",
            "Occluded": {
                "F_MIDRANGECAM_C": 0.0182402338832616
            },
            "Truncated": 0,
            "ObjectMeta": {
                "SourceID": 612,
                "SubType": "unknown",
                "Text": "",
                "OcrVersion": 10006
            }
        },
        {
            "ActorName": "TRAFFIC_SIGN 613",
            "ObjectId": 613,
            "BoundingBox3D Origin X": 64.08717034282108,
            "BoundingBox3D Origin Y": -4.195115498499945,
            "BoundingBox3D Origin Z": 2.674257203936577,
            "BoundingBox3D Extent X": 0.1,
            "BoundingBox3D Extent Y": 0.821519601845871,
            "BoundingBox3D Extent Z": 1.04655705856691,
            "BoundingBox3D Orientation Quat W": 0.0444332981788116,
            "BoundingBox3D Orientation Quat X": -0.0007303170411763,
            "BoundingBox3D Orientation Quat Y": 0.0113116276886633,
            "BoundingBox3D Orientation Quat Z": 0.998948044559378,
            "ObjectType": "TRAFFIC_SIGN",
            "Occluded": {
                "F_MIDRANGECAM_C": 1.7911233385348169e-07
            },
            "Truncated": 0,
            "ObjectMeta": {
                "SourceID": 613,
                "SubType": "unknown",
                "Text": "AHEAD",
                "OcrVersion": 10006
            }
        },
        {
            "ActorName": "TRAFFIC_SIGN 614",
            "ObjectId": 614,
            "BoundingBox3D Origin X": 45.21680124060868,
            "BoundingBox3D Origin Y": 15.541225885797758,
            "BoundingBox3D Origin Z": 1.9906147690489888,
            "BoundingBox3D Extent X": 0.1,
            "BoundingBox3D Extent Y": 0.7431382892211243,
            "BoundingBox3D Extent Z": 0.8068183363710659,
            "BoundingBox3D Orientation Quat W": -0.395242041041027,
            "BoundingBox3D Orientation Quat X": 0.0042732982546436,
            "BoundingBox3D Orientation Quat Y": 0.0105060796257664,
            "BoundingBox3D Orientation Quat Z": 0.9185069897429456,
            "ObjectType": "TRAFFIC_SIGN",
            "Occluded": {
                "F_MIDRANGECAM_C": 0.9997598528862
            },
            "Truncated": 0,
            "ObjectMeta": {
                "SourceID": 614,
                "SubType": "unknown",
                "Text": "",
                "OcrVersion": 10006
            }
        },
        {
            "ActorName": "TRAFFIC_SIGN 615",
            "ObjectId": 615,
            "BoundingBox3D Origin X": 53.18285338397845,
            "BoundingBox3D Origin Y": -11.19640660865116,
            "BoundingBox3D Origin Z": 2.69072415214032,
            "BoundingBox3D Extent X": 0.1,
            "BoundingBox3D Extent Y": 0.7208321150109754,
            "BoundingBox3D Extent Z": 0.6150844709069305,
            "BoundingBox3D Orientation Quat W": 0.1681445893080435,
            "BoundingBox3D Orientation Quat X": -0.0021346813031704,
            "BoundingBox3D Orientation Quat Y": 0.0111325598503262,
            "BoundingBox3D Orientation Quat Z": 0.9856971676602008,
            "ObjectType": "TRAFFIC_SIGN",
            "Occluded": {
                "F_MIDRANGECAM_C": 0.9985119700431824
            },
            "Truncated": 0,
            "ObjectMeta": {
                "SourceID": 615,
                "SubType": "us_yellow_ground_diamond_unknown",
                "Text": "",
                "OcrVersion": 10006
            }
        },
        {
            "ActorName": "TRAFFIC_SIGN 616",
            "ObjectId": 616,
            "BoundingBox3D Origin X": 78.58642264739547,
            "BoundingBox3D Origin Y": -4.196648139477475,
            "BoundingBox3D Origin Z": 3.150558282621205,
            "BoundingBox3D Extent X": 0.1,
            "BoundingBox3D Extent Y": 0.5572884027437033,
            "BoundingBox3D Extent Z": 0.5924573148805717,
            "BoundingBox3D Orientation Quat W": 0.0567552126638112,
            "BoundingBox3D Orientation Quat X": -0.0008708500907524,
            "BoundingBox3D Orientation Quat Y": 0.011301853694091,
            "BoundingBox3D Orientation Quat Z": 0.9983237729107136,
            "ObjectType": "TRAFFIC_SIGN",
            "Occluded": {
                "F_MIDRANGECAM_C": 0.1586669683456421
            },
            "Truncated": 0,
            "ObjectMeta": {
                "SourceID": 616,
                "SubType": "unknown",
                "Text": "",
                "OcrVersion": 10006
            }
        },
        {
            "ActorName": "TRAFFIC_SIGN 617",
            "ObjectId": 617,
            "BoundingBox3D Origin X": 57.985071811053785,
            "BoundingBox3D Origin Y": -4.514255409827456,
            "BoundingBox3D Origin Z": 3.072355376556516,
            "BoundingBox3D Extent X": 0.0999999999999999,
            "BoundingBox3D Extent Y": 0.7647942581555,
            "BoundingBox3D Extent Z": 0.185378029919662,
            "BoundingBox3D Orientation Quat W": 0.1811267699069949,
            "BoundingBox3D Orientation Quat X": -0.0022791915767662,
            "BoundingBox3D Orientation Quat Y": 0.0111037204055137,