{
    "CapturedObjects": [
        {
            "ActorName": "TRAFFIC_SIGN 609",
            "ObjectId": 609,
            "BoundingBox3D Origin X": 8.472433372098749,
            "BoundingBox3D Origin Y": -10.070550773962168,
            "BoundingBox3D Origin Z": 2.7061767652630806,
            "BoundingBox3D Extent X": 0.1,
            "BoundingBox3D Extent Y": 0.4327197226534073,
            "BoundingBox3D Extent Z": 0.5787043291211466,
            "BoundingBox3D Orientation Quat W": 0.2116711641339302,
            "BoundingBox3D Orientation Quat X": -0.0042840152961993,
            "BoundingBox3D Orientation Quat Y": 0.0169156304691459,
            "BoundingBox3D Orientation Quat Z": 0.9771851548877312,
            "ObjectType": "TRAFFIC_SIGN",
            "Occluded": {
                "F_MIDRANGECAM_C": 0.1101729273796081
            },
            "Truncated": 0,
            "ObjectMeta": {
                "SourceID": 609,
                "SubType": "unknown",
                "Text": "",
                "OcrVersion": 10006
            }
        },
        {
            "ActorName": "TRAFFIC_SIGN 610",
            "ObjectId": 610,
            "BoundingBox3D Origin X": 20.497190698942177,
            "BoundingBox3D Origin Y": 10.833701011695666,
            "BoundingBox3D Origin Z": 2.3117374470457435,
            "BoundingBox3D Extent X": 0.1,
            "BoundingBox3D Extent Y": 0.5673764564289475,
            "BoundingBox3D Extent Z": 0.8397778011530023,
            "BoundingBox3D Orientation Quat W": -0.1666859742334109,
            "BoundingBox3D Orientation Quat X": 0.0023112773787,
            "BoundingBox3D Orientation Quat Y": 0.0172979292006941,
            "BoundingBox3D Orientation Quat Z": 0.985855580516794,
            "ObjectType": "TRAFFIC_SIGN",
            "Occluded": {
                "F_MIDRANGECAM_C": 0.0095333121716976
            },
            "Truncated": 0,
            "ObjectMeta": {
                "SourceID": 610,
                "SubType": "us_yellow_ground_diamond_unknown",
                "Text": "",
                "OcrVersion": 10006
            }
        },
        {
            "ActorName": "TRAFFIC_SIGN 611",
            "ObjectId": 611,
            "BoundingBox3D Origin X": 30.06801593127875,
            "BoundingBox3D Origin Y": -4.272291599103482,
            "BoundingBox3D Origin Z": 2.489490920677781,
            "BoundingBox3D Extent X": 0.1,
            "BoundingBox3D Extent Y": 0.6647898721773063,
            "BoundingBox3D Extent Z": 0.4925958622564428,
            "BoundingBox3D Orientation Quat W": 0.080678584792625,
            "BoundingBox3D Orientation Quat X": -0.0020083140487742,
            "BoundingBox3D Orientation Quat Y": 0.0173340444159232,
            "BoundingBox3D Orientation Quat Z": 0.9965874088782816,
            "ObjectType": "TRAFFIC_SIGN",
            "Occluded": {
                "F_MIDRANGECAM_C": 0.0006432349327951
            },
            "Truncated": 0,
            "ObjectMeta": {
                "SourceID": 611,
                "SubType": "unknown",
                "Text": "P",
                "OcrVersion": 10006
            }
        },
        {
            "ActorName": "TRAFFIC_SIGN 612",
            "ObjectId": 612,
            "BoundingBox3D Origin X": 66.59756549393842,
            "BoundingBox3D Origin Y": -3.5586323401366826,
            "BoundingBox3D Origin Z": 5.284852858632803,
            "BoundingBox3D Extent X": 0.1,
            "BoundingBox3D Extent Y": 2.015689627696113,
            "BoundingBox3D Extent Z": 0.6071013615992222,
            "BoundingBox3D Orientation Quat W": 0.0420352979734027,
            "BoundingBox3D Orientation Quat X": -0.001333923713097,
            "BoundingBox3D Orientation Quat Y": 0.0173991321382223,
            "BoundingBox3D Orientation Quat Z": 0.9989637253537544,
            "ObjectType": "TRAFFIC_SIGN",
            "Occluded": {
                "F_MIDRANGECAM_C": 0.0066154426895082
            },
            "Truncated": 0,
            "ObjectMeta": {
                "SourceID": 612,
                "SubType": "unknown",
                "Text": "",
                "OcrVersion": 10006
            }
        },
        {
            "ActorName": "TRAFFIC_SIGN 613",
            "ObjectId": 613,
            "BoundingBox3D Origin X": 72.16488381829276,
            "BoundingBox3D Origin Y": -3.915705284744036,
            "BoundingBox3D Origin Z": 2.7855039071291685,
            "BoundingBox3D Extent X": 0.1,
            "BoundingBox3D Extent Y": 0.821519601845871,
            "BoundingBox3D Extent Z": 1.04655705856691,
            "BoundingBox3D Orientation Quat W": 0.042955501653792,
            "BoundingBox3D Orientation Quat X": -0.0013471317178272,
            "BoundingBox3D Orientation Quat Y": 0.0173977904580006,
            "BoundingBox3D Orientation Quat Z": 0.998924585242042,
            "ObjectType": "TRAFFIC_SIGN",
            "Occluded": {
                "F_MIDRANGECAM_C": 9.174772799269704e-07
            },
            "Truncated": 0,
            "ObjectMeta": {
                "SourceID": 613,
                "SubType": "unknown",
                "Text": "AHEAD",
                "OcrVersion": 10006
            }
        },
        {
            "ActorName": "TRAFFIC_SIGN 614",
            "ObjectId": 614,
            "BoundingBox3D Origin X": 53.23715145312599,
            "BoundingBox3D Origin Y": 15.75481542054331,
            "BoundingBox3D Origin Z": 1.84874511603266,
            "BoundingBox3D Extent X": 0.1,
            "BoundingBox3D Extent Y": 0.7431382892211243,
            "BoundingBox3D Extent Z": 0.8068183363710659,
            "BoundingBox3D Orientation Quat W": -0.3965568141698864,
            "BoundingBox3D Orientation Quat X": 0.0063692390839492,
            "BoundingBox3D Orientation Quat Y": 0.0162521365801568,
            "BoundingBox3D Orientation Quat Z": 0.9178442100844246,
            "ObjectType": "TRAFFIC_SIGN",
            "Occluded": {
                "F_MIDRANGECAM_C": 0.9525904655456544
            },
            "Truncated": 0,
            "ObjectMeta": {
                "SourceID": 614,
                "SubType": "unknown",
                "Text": "",
                "OcrVersion": 10006
            }
        },
        {
            "ActorName": "TRAFFIC_SIGN 615",
            "ObjectId": 615,
            "BoundingBox3D Origin X": 61.28114383638968,
            "BoundingBox3D Origin Y": -10.948487042100169,
            "BoundingBox3D Origin Z": 2.88048360683024,
            "BoundingBox3D Extent X": 0.1,
            "BoundingBox3D Extent Y": 0.7208321150109754,
            "BoundingBox3D Extent Z": 0.6150844709069305,
            "BoundingBox3D Orientation Quat W": 0.1666757219065361,
            "BoundingBox3D Orientation Quat X": -0.0035022730158974,
            "BoundingBox3D Orientation Quat Y": 0.017095142403012,
            "BoundingBox3D Orientation Quat Z": 0.985857339535938,
            "ObjectType": "TRAFFIC_SIGN",
            "Occluded": {
                "F_MIDRANGECAM_C": 0.984791100025177
            },
            "Truncated": 0,
            "ObjectMeta": {
                "SourceID": 615,
                "SubType": "us_yellow_ground_diamond_unknown",
                "Text": "",
                "OcrVersion": 10006
            }
        },
        {
            "ActorName": "TRAFFIC_SIGN 616",
            "ObjectId": 616,
            "BoundingBox3D Origin X": 86.6637570839066,
            "BoundingBox3D Origin Y": -3.868512145243585,
            "BoundingBox3D Origin Z": 3.271092831157148,
            "BoundingBox3D Extent X": 0.1,
            "BoundingBox3D Extent Y": 0.5572884027437033,
            "BoundingBox3D Extent Z": 0.5924573148805717,
            "BoundingBox3D Orientation Quat W": 0.05527722864907,
            "BoundingBox3D Orientation Quat X": -0.0015626853460494,
            "BoundingBox3D Orientation Quat Y": 0.0173799583876179,