{
    "CapturedObjects": [
        {
            "ActorName": "TRAFFIC_SIGN 612",
            "ObjectId": 612,
            "BoundingBox3D Origin X": 2.1793416377277026,
            "BoundingBox3D Origin Y": -3.8840489411959433,
            "BoundingBox3D Origin Z": 5.306226200424135,
            "BoundingBox3D Extent X": 0.1,
            "BoundingBox3D Extent Y": 2.015689627696113,
            "BoundingBox3D Extent Z": 0.6071013615992222,
            "BoundingBox3D Orientation Quat W": 0.0464669701426503,
            "BoundingBox3D Orientation Quat X": -0.0017097256287405,
            "BoundingBox3D Orientation Quat Y": 0.0206502012127685,
            "BoundingBox3D Orientation Quat Z": 0.998704894708096,
            "ObjectType": "TRAFFIC_SIGN",
            "Occluded": {
                "F_CTCAM_L": 0.0
            },
            "Truncated": 0,
            "ObjectMeta": {
                "SourceID": 612,
                "SubType": "unknown",
                "Text": "",
                "OcrVersion": 10006
            }
        },
        {
            "ActorName": "TRAFFIC_SIGN 613",
            "ObjectId": 613,
            "BoundingBox3D Origin X": 7.744801437160277,
            "BoundingBox3D Origin Y": -4.30679474392673,
            "BoundingBox3D Origin Z": 2.8129168832674623,
            "BoundingBox3D Extent X": 0.1,
            "BoundingBox3D Extent Y": 0.821519601845871,
            "BoundingBox3D Extent Z": 1.04655705856691,
            "BoundingBox3D Orientation Quat W": 0.0473869393516865,
            "BoundingBox3D Orientation Quat X": -0.0017259285389268,
            "BoundingBox3D Orientation Quat Y": 0.0206484961114576,
            "BoundingBox3D Orientation Quat Z": 0.9986616738204652,
            "ObjectType": "TRAFFIC_SIGN",
            "Occluded": {
                "F_MIDRANGECAM_C": 2.3552236598334275e-05
            },
            "Truncated": 0,
            "ObjectMeta": {
                "SourceID": 613,
                "SubType": "unknown",
                "Text": "AHEAD",
                "OcrVersion": 10006
            }
        },
        {
            "ActorName": "TRAFFIC_SIGN 616",
            "ObjectId": 616,
            "BoundingBox3D Origin X": 22.24324917071135,
            "BoundingBox3D Origin Y": -4.385035490675364,
            "BoundingBox3D Origin Z": 3.3077254267409444,
            "BoundingBox3D Extent X": 0.1,
            "BoundingBox3D Extent Y": 0.5572884027437033,
            "BoundingBox3D Extent Z": 0.5924573148805717,
            "BoundingBox3D Orientation Quat W": 0.0597050330642445,
            "BoundingBox3D Orientation Quat X": -0.0019815579951208,
            "BoundingBox3D Orientation Quat Y": 0.0206257020696872,
            "BoundingBox3D Orientation Quat Z": 0.998000983400739,
            "ObjectType": "TRAFFIC_SIGN",
            "Occluded": {
                "F_MIDRANGECAM_C": 1.4108482901065145e-05
            },
            "Truncated": 0,
            "ObjectMeta": {
                "SourceID": 616,
                "SubType": "unknown",
                "Text": "",
                "OcrVersion": 10006
            }
        },
        {
            "ActorName": "TRAFFIC_SIGN 617",
            "ObjectId": 617,
            "BoundingBox3D Origin X": 1.6404417088633636,
            "BoundingBox3D Origin Y": -4.582367314957082,
            "BoundingBox3D Origin Z": 3.2091105366125703,
            "BoundingBox3D Extent X": 0.0999999999999999,
            "BoundingBox3D Extent Y": 0.7647942581555,
            "BoundingBox3D Extent Z": 0.185378029919662,
            "BoundingBox3D Orientation Quat W": 0.1840127395063623,
            "BoundingBox3D Orientation Quat X": -0.0045466788032326,
            "BoundingBox3D Orientation Quat Y": 0.0202152260412089,
            "BoundingBox3D Orientation Quat Z": 0.9827054411405924,
            "ObjectType": "TRAFFIC_SIGN",
            "Occluded": {
                "F_CTCAM_L": 0.0
            },
            "Truncated": 0,
            "ObjectMeta": {
                "SourceID": 617,
                "SubType": "us_white_ground_rectangle_unknown",
                "Text": "",
                "OcrVersion": 10006
            }
        },
        {
            "ActorName": "TRAFFIC_SIGN 618",
            "ObjectId": 618,
            "BoundingBox3D Origin X": 24.009737673381096,
            "BoundingBox3D Origin Y": -3.893673704296816,
            "BoundingBox3D Origin Z": 2.702422956004739,
            "BoundingBox3D Extent X": 0.0999999999999999,
            "BoundingBox3D Extent Y": 0.3186681614729488,
            "BoundingBox3D Extent Z": 0.468749094353403,
            "BoundingBox3D Orientation Quat W": 0.2950763564675027,
            "BoundingBox3D Orientation Quat X": -0.006824764931457,
            "BoundingBox3D Orientation Quat Y": 0.0195634941890486,
            "BoundingBox3D Orientation Quat Z": 0.9552489916941076,
            "ObjectType": "TRAFFIC_SIGN",
            "Occluded": {
                "F_MIDRANGECAM_C": 0.4189722239971161
            },
            "Truncated": 0,
            "ObjectMeta": {
                "SourceID": 618,
                "SubType": "us_white_ground_rectangle_unknown",
                "Text": "",
                "OcrVersion": 10006
            }
        },
        {
            "ActorName": "TRAFFIC_SIGN 619",
            "ObjectId": 619,
            "BoundingBox3D Origin X": 53.3479012243788,
            "BoundingBox3D Origin Y": -3.983752100670245,
            "BoundingBox3D Origin Z": 3.319346715696156,
            "BoundingBox3D Extent X": 0.1,
            "BoundingBox3D Extent Y": 0.6539907426792017,
            "BoundingBox3D Extent Z": 1.2534023493860695,
            "BoundingBox3D Orientation Quat W": 0.0689478101726843,
            "BoundingBox3D Orientation Quat X": -0.0021707058678818,
            "BoundingBox3D Orientation Quat Y": 0.0206066540163458,
            "BoundingBox3D Orientation Quat Z": 0.9974050598020232,
            "ObjectType": "TRAFFIC_SIGN",
            "Occluded": {
                "F_MIDRANGECAM_C": 4.270519013971352e-07
            },
            "Truncated": 0,
            "ObjectMeta": {
                "SourceID": 619,
                "SubType": "us_speedlimit_20",
                "Text": "SCHOOL CED UMIT 20",
                "OcrVersion": 10006
            }
        },
        {
            "ActorName": "TRAFFIC_SIGN 620",
            "ObjectId": 620,
            "BoundingBox3D Origin X": 69.79560512594071,
            "BoundingBox3D Origin Y": -7.23229611327406,
            "BoundingBox3D Origin Z": 2.8689980059862137,
            "BoundingBox3D Extent X": 0.0999999999999999,
            "BoundingBox3D Extent Y": 0.4680118431516936,
            "BoundingBox3D Extent Z": 0.6304466963182337,
            "BoundingBox3D Orientation Quat W": 0.357442572931506,
            "BoundingBox3D Orientation Quat X": -0.0080988500218822,
            "BoundingBox3D Orientation Quat Y": 0.0190721986568308,
            "BoundingBox3D Orientation Quat Z": 0.9337052355657126,
            "ObjectType": "TRAFFIC_SIGN",
            "Occluded": {
                "F_MIDRANGECAM_C": 0.9976052045822144
            },
            "Truncated": 0,
            "ObjectMeta": {
                "SourceID": 620,
                "SubType": "us_white_ground_rectangle_unknown",
                "Text": "",
                "OcrVersion": 10006
            }
        },
        {
            "ActorName": "TRAFFIC_SIGN 621",
            "ObjectId": 621,
            "BoundingBox3D Origin X": 125.00636440558264,
            "BoundingBox3D Origin Y": 11.886011829250492,
            "BoundingBox3D Origin Z": 1.9892120715230703,
            "BoundingBox3D Extent X": 0.1,
            "BoundingBox3D Extent Y": 0.7125868482925369,
            "BoundingBox3D Extent Z": 0.551406407640237,
            "BoundingBox3D Orientation Quat W": -0.346581783569235,
            "BoundingBox3D Orientation Quat X": 0.0064945870129905,