{
    "CapturedObjects": [
        {
            "ActorName": "TRAFFIC_SIGN 609",
            "ObjectId": 609,
            "BoundingBox3D Origin X": 14.161255273873394,
            "BoundingBox3D Origin Y": -10.025438411714276,
            "BoundingBox3D Origin Z": 2.593090869486332,
            "BoundingBox3D Extent X": 0.1,
            "BoundingBox3D Extent Y": 0.4327197226534073,
            "BoundingBox3D Extent Z": 0.5787043291211466,
            "BoundingBox3D Orientation Quat W": 0.2108773824211421,
            "BoundingBox3D Orientation Quat X": -0.0008537166000776,
            "BoundingBox3D Orientation Quat Y": 0.016349194228551,
            "BoundingBox3D Orientation Quat Z": 0.9773754164082762,
            "ObjectType": "TRAFFIC_SIGN",
            "Occluded": {
                "F_MIDRANGECAM_C": 0.0092858197167515
            },
            "Truncated": 0,
            "ObjectMeta": {
                "SourceID": 609,
                "SubType": "unknown",
                "Text": "",
                "OcrVersion": 10006
            }
        },
        {
            "ActorName": "TRAFFIC_SIGN 610",
            "ObjectId": 610,
            "BoundingBox3D Origin X": 26.151425569638377,
            "BoundingBox3D Origin Y": 10.898028471012369,
            "BoundingBox3D Origin Z": 2.174241347238421,
            "BoundingBox3D Extent X": 0.1,
            "BoundingBox3D Extent Y": 0.5673764564289475,
            "BoundingBox3D Extent Z": 0.8397778011530023,
            "BoundingBox3D Orientation Quat W": -0.1674920534176072,
            "BoundingBox3D Orientation Quat X": 0.0052850418550346,
            "BoundingBox3D Orientation Quat Y": 0.015497104376381,
            "BoundingBox3D Orientation Quat Z": 0.9857374498975328,
            "ObjectType": "TRAFFIC_SIGN",
            "Occluded": {
                "F_MIDRANGECAM_C": 0.021184479817748
            },
            "Truncated": 0,
            "ObjectMeta": {
                "SourceID": 610,
                "SubType": "us_yellow_ground_diamond_unknown",
                "Text": "",
                "OcrVersion": 10006
            }
        },
        {
            "ActorName": "TRAFFIC_SIGN 611",
            "ObjectId": 611,
            "BoundingBox3D Origin X": 35.746166430246376,
            "BoundingBox3D Origin Y": -4.193714280670974,
            "BoundingBox3D Origin Z": 2.251125889830292,
            "BoundingBox3D Extent X": 0.1,
            "BoundingBox3D Extent Y": 0.6647898721773063,
            "BoundingBox3D Extent Z": 0.4925958622564428,
            "BoundingBox3D Orientation Quat W": 0.0798677942105642,
            "BoundingBox3D Orientation Quat X": 0.0013169322363908,
            "BoundingBox3D Orientation Quat Y": 0.0163192755297384,
            "BoundingBox3D Orientation Quat Z": 0.9966710000715424,
            "ObjectType": "TRAFFIC_SIGN",
            "Occluded": {
                "F_MIDRANGECAM_C": 5.2919716836186126e-05
            },
            "Truncated": 0,
            "ObjectMeta": {
                "SourceID": 611,
                "SubType": "unknown",
                "Text": "P",
                "OcrVersion": 10006
            }
        },
        {
            "ActorName": "TRAFFIC_SIGN 612",
            "ObjectId": 612,
            "BoundingBox3D Origin X": 72.29202425908443,
            "BoundingBox3D Origin Y": -3.4314626064442564,
            "BoundingBox3D Origin Z": 4.811159258708358,
            "BoundingBox3D Extent X": 0.1,
            "BoundingBox3D Extent Y": 2.015689627696113,
            "BoundingBox3D Extent Z": 0.6071013615992222,
            "BoundingBox3D Orientation Quat W": 0.0412221130743729,
            "BoundingBox3D Orientation Quat X": 0.0019495115899173,
            "BoundingBox3D Orientation Quat Y": 0.0162563849399426,
            "BoundingBox3D Orientation Quat Z": 0.9990158490969644,
            "ObjectType": "TRAFFIC_SIGN",
            "Occluded": {
                "F_MIDRANGECAM_C": 0.0125568155199289
            },
            "Truncated": 0,
            "ObjectMeta": {
                "SourceID": 612,
                "SubType": "unknown",
                "Text": "",
                "OcrVersion": 10006
            }
        },
        {
            "ActorName": "TRAFFIC_SIGN 613",
            "ObjectId": 613,
            "BoundingBox3D Origin X": 77.84353616885346,
            "BoundingBox3D Origin Y": -3.773655507568037,
            "BoundingBox3D Origin Z": 2.2748311515897512,
            "BoundingBox3D Extent X": 0.1,
            "BoundingBox3D Extent Y": 0.821519601845871,
            "BoundingBox3D Extent Z": 1.04655705856691,
            "BoundingBox3D Orientation Quat W": 0.0421423568792042,
            "BoundingBox3D Orientation Quat X": 0.0019373556493531,
            "BoundingBox3D Orientation Quat Y": 0.0162580706416078,
            "BoundingBox3D Orientation Quat Z": 0.9989774489690776,
            "ObjectType": "TRAFFIC_SIGN",
            "Occluded": {
                "F_MIDRANGECAM_C": 9.39868186833337e-07
            },
            "Truncated": 0,
            "ObjectMeta": {
                "SourceID": 613,
                "SubType": "unknown",
                "Text": "AHEAD",
                "OcrVersion": 10006
            }
        },
        {
            "ActorName": "TRAFFIC_SIGN 614",
            "ObjectId": 614,
            "BoundingBox3D Origin X": 58.88021581899375,
            "BoundingBox3D Origin Y": 15.870246674749067,
            "BoundingBox3D Origin Z": 1.5113982986658812,
            "BoundingBox3D Extent X": 0.1,
            "BoundingBox3D Extent Y": 0.7431382892211243,
            "BoundingBox3D Extent Z": 0.8068183363710659,
            "BoundingBox3D Orientation Quat W": -0.3973134091060655,
            "BoundingBox3D Orientation Quat X": 0.008828835702535,
            "BoundingBox3D Orientation Quat Y": 0.0137950715401665,
            "BoundingBox3D Orientation Quat Z": 0.9175368126706718,
            "ObjectType": "TRAFFIC_SIGN",
            "Occluded": {
                "F_MIDRANGECAM_C": 0.9998303651809692
            },
            "Truncated": 0,
            "ObjectMeta": {
                "SourceID": 614,
                "SubType": "unknown",
                "Text": "",
                "OcrVersion": 10006
            }
        },
        {
            "ActorName": "TRAFFIC_SIGN 615",
            "ObjectId": 615,
            "BoundingBox3D Origin X": 66.97132998939196,
            "BoundingBox3D Origin Y": -10.82323917292524,
            "BoundingBox3D Origin Z": 2.422405458986759,
            "BoundingBox3D Extent X": 0.1,
            "BoundingBox3D Extent Y": 0.7208321150109754,
            "BoundingBox3D Extent Z": 0.6150844709069305,
            "BoundingBox3D Orientation Quat W": 0.1658745060848068,
            "BoundingBox3D Orientation Quat X": -0.0001015701744127,
            "BoundingBox3D Orientation Quat Y": 0.0163721391567021,
            "BoundingBox3D Orientation Quat Z": 0.9860109487090166,
            "ObjectType": "TRAFFIC_SIGN",
            "Occluded": {
                "F_MIDRANGECAM_C": 0.9987573623657228
            },
            "Truncated": 0,
            "ObjectMeta": {
                "SourceID": 615,
                "SubType": "us_yellow_ground_diamond_unknown",
                "Text": "",
                "OcrVersion": 10006
            }
        },
        {
            "ActorName": "TRAFFIC_SIGN 616",
            "ObjectId": 616,
            "BoundingBox3D Origin X": 92.3451888971831,
            "BoundingBox3D Origin Y": -3.7055806515854783,
            "BoundingBox3D Origin Z": 2.6664280658587813,
            "BoundingBox3D Extent X": 0.1,
            "BoundingBox3D Extent Y": 0.5572884027437033,
            "BoundingBox3D Extent Z": 0.5924573148805717,
            "BoundingBox3D Orientation Quat W": 0.0544647291729579,
            "BoundingBox3D Orientation Quat X": 0.0017356238051937,
            "BoundingBox3D Orientation Quat Y": 0.0162808512292764,