{
    "CapturedObjects": [
        {
            "ActorName": "TRAFFIC_SIGN 612",
            "ObjectId": 612,
            "BoundingBox3D Origin X": 5.284538582171081,
            "BoundingBox3D Origin Y": -3.883039897657,
            "BoundingBox3D Origin Z": 5.333988230675459,
            "BoundingBox3D Extent X": 0.1,
            "BoundingBox3D Extent Y": 2.015689627696113,
            "BoundingBox3D Extent Z": 0.6071013615992222,
            "BoundingBox3D Orientation Quat W": 0.0449119756343361,
            "BoundingBox3D Orientation Quat X": -0.0145172497314489,
            "BoundingBox3D Orientation Quat Y": 0.0178804427207704,
            "BoundingBox3D Orientation Quat Z": 0.9987254145524506,
            "ObjectType": "TRAFFIC_SIGN",
            "Occluded": {
                "F_CTCAM_L": 0.0
            },
            "Truncated": 0,
            "ObjectMeta": {
                "SourceID": 612,
                "SubType": "unknown",
                "Text": "",
                "OcrVersion": 10006
            }
        },
        {
            "ActorName": "TRAFFIC_SIGN 613",
            "ObjectId": 613,
            "BoundingBox3D Origin X": 10.913908211688977,
            "BoundingBox3D Origin Y": -4.274865000363207,
            "BoundingBox3D Origin Z": 2.983221818692982,
            "BoundingBox3D Extent X": 0.1,
            "BoundingBox3D Extent Y": 0.821519601845871,
            "BoundingBox3D Extent Z": 1.04655705856691,
            "BoundingBox3D Orientation Quat W": 0.045831959693905,
            "BoundingBox3D Orientation Quat X": -0.0145308963418679,
            "BoundingBox3D Orientation Quat Y": 0.0178669491543106,
            "BoundingBox3D Orientation Quat Z": 0.9986836619520896,
            "ObjectType": "TRAFFIC_SIGN",
            "Occluded": {
                "F_MIDRANGECAM_C": 1.4952129276935011e-06
            },
            "Truncated": 0,
            "ObjectMeta": {
                "SourceID": 613,
                "SubType": "unknown",
                "Text": "AHEAD",
                "OcrVersion": 10006
            }
        },
        {
            "ActorName": "TRAFFIC_SIGN 616",
            "ObjectId": 616,
            "BoundingBox3D Origin X": 25.39499307982624,
            "BoundingBox3D Origin Y": -4.303218677465338,
            "BoundingBox3D Origin Z": 3.851354735903442,
            "BoundingBox3D Extent X": 0.1,
            "BoundingBox3D Extent Y": 0.5572884027437033,
            "BoundingBox3D Extent Z": 0.5924573148805717,
            "BoundingBox3D Orientation Quat W": 0.0581504890266116,
            "BoundingBox3D Orientation Quat X": -0.0147512373944615,
            "BoundingBox3D Orientation Quat Y": 0.0176864186305184,
            "BoundingBox3D Orientation Quat Z": 0.998042139499793,
            "ObjectType": "TRAFFIC_SIGN",
            "Occluded": {
                "F_MIDRANGECAM_C": 7.782246939314064e-06
            },
            "Truncated": 0,
            "ObjectMeta": {
                "SourceID": 616,
                "SubType": "unknown",
                "Text": "",
                "OcrVersion": 10006
            }
        },
        {
            "ActorName": "TRAFFIC_SIGN 617",
            "ObjectId": 617,
            "BoundingBox3D Origin X": 4.802424461988267,
            "BoundingBox3D Origin Y": -4.574088129476877,
            "BoundingBox3D Origin Z": 3.2207021079957485,
            "BoundingBox3D Extent X": 0.0999999999999999,
            "BoundingBox3D Extent Y": 0.7647942581555,
            "BoundingBox3D Extent Z": 0.185378029919662,
            "BoundingBox3D Orientation Quat W": 0.1824762412058226,
            "BoundingBox3D Orientation Quat X": -0.0168486639357203,
            "BoundingBox3D Orientation Quat Y": 0.015702898178067,
            "BoundingBox3D Orientation Quat Z": 0.9829404676315778,
            "ObjectType": "TRAFFIC_SIGN",
            "Occluded": {
                "F_MIDRANGECAM_C": 0.9735686182975768
            },
            "Truncated": 0,
            "ObjectMeta": {
                "SourceID": 617,
                "SubType": "us_white_ground_rectangle_unknown",
                "Text": "",
                "OcrVersion": 10006
            }
        },
        {
            "ActorName": "TRAFFIC_SIGN 618",
            "ObjectId": 618,
            "BoundingBox3D Origin X": 27.174663274927298,
            "BoundingBox3D Origin Y": -3.802867272635922,
            "BoundingBox3D Origin Z": 3.2939146673306823,
            "BoundingBox3D Extent X": 0.0999999999999999,
            "BoundingBox3D Extent Y": 0.3186681614729488,
            "BoundingBox3D Extent Z": 0.468749094353403,
            "BoundingBox3D Orientation Quat W": 0.2935777173726085,
            "BoundingBox3D Orientation Quat X": -0.0185305483326136,
            "BoundingBox3D Orientation Quat Y": 0.0136756435043275,
            "BoundingBox3D Orientation Quat Z": 0.9556577417755396,
            "ObjectType": "TRAFFIC_SIGN",
            "Occluded": {
                "F_MIDRANGECAM_C": 0.7676160931587219
            },
            "Truncated": 0,
            "ObjectMeta": {
                "SourceID": 618,
                "SubType": "us_white_ground_rectangle_unknown",
                "Text": "",
                "OcrVersion": 10006
            }
        },
        {
            "ActorName": "TRAFFIC_SIGN 619",
            "ObjectId": 619,
            "BoundingBox3D Origin X": 56.48734164139023,
            "BoundingBox3D Origin Y": -3.790313015691936,
            "BoundingBox3D Origin Z": 4.666699139401317,
            "BoundingBox3D Extent X": 0.1,
            "BoundingBox3D Extent Y": 0.6539907426792017,
            "BoundingBox3D Extent Z": 1.2534023493860695,
            "BoundingBox3D Orientation Quat W": 0.067393748378001,
            "BoundingBox3D Orientation Quat X": -0.0149126118576262,
            "BoundingBox3D Orientation Quat Y": 0.0175492366547653,
            "BoundingBox3D Orientation Quat Z": 0.9974606363060058,
            "ObjectType": "TRAFFIC_SIGN",
            "Occluded": {
                "F_MIDRANGECAM_C": 4.5667089665357714e-08
            },
            "Truncated": 0,
            "ObjectMeta": {
                "SourceID": 619,
                "SubType": "us_speedlimit_20",
                "Text": "SCHOOL CED UMIT 20",
                "OcrVersion": 10006
            }
        },
        {
            "ActorName": "TRAFFIC_SIGN 620",
            "ObjectId": 620,
            "BoundingBox3D Origin X": 72.95307791687082,
            "BoundingBox3D Origin Y": -6.977782599424245,
            "BoundingBox3D Origin Z": 4.626662116497755,
            "BoundingBox3D Extent X": 0.0999999999999999,
            "BoundingBox3D Extent Y": 0.4680118431516936,
            "BoundingBox3D Extent Z": 0.6304466963182337,
            "BoundingBox3D Orientation Quat W": 0.3559747722984777,
            "BoundingBox3D Orientation Quat X": -0.0193906303099996,
            "BoundingBox3D Orientation Quat Y": 0.0124252228511619,
            "BoundingBox3D Orientation Quat Z": 0.9342117419409406,
            "ObjectType": "TRAFFIC_SIGN",
            "Occluded": {
                "F_MIDRANGECAM_C": 0.9501627683639526
            },
            "Truncated": 0,
            "ObjectMeta": {
                "SourceID": 620,
                "SubType": "us_white_ground_rectangle_unknown",
                "Text": "",
                "OcrVersion": 10006
            }
        },
        {
            "ActorName": "TRAFFIC_SIGN 621",
            "ObjectId": 621,
            "BoundingBox3D Origin X": 128.09723298469908,
            "BoundingBox3D Origin Y": 12.342344727105228,
            "BoundingBox3D Origin Z": 5.25273376237601,
            "BoundingBox3D Extent X": 0.1,
            "BoundingBox3D Extent Y": 0.7125868482925369,
            "BoundingBox3D Extent Z": 0.551406407640237,
            "BoundingBox3D Orientation Quat W": -0.3480202727986464,
            "BoundingBox3D Orientation Quat X": -0.0063786892616963,