{
    "CapturedObjects": [
        {
            "ActorName": "TRAFFIC_SIGN 609",
            "ObjectId": 609,
            "BoundingBox3D Origin X": 19.004593925181325,
            "BoundingBox3D Origin Y": -9.982735109399073,
            "BoundingBox3D Origin Z": 2.7108726100996137,
            "BoundingBox3D Extent X": 0.1,
            "BoundingBox3D Extent Y": 0.4327197226534073,
            "BoundingBox3D Extent Z": 0.5787043291211466,
            "BoundingBox3D Orientation Quat W": 0.2108341169390112,
            "BoundingBox3D Orientation Quat X": -0.0036444606625148,
            "BoundingBox3D Orientation Quat Y": 0.0186194432101086,
            "BoundingBox3D Orientation Quat Z": 0.9773377151095584,
            "ObjectType": "TRAFFIC_SIGN",
            "Occluded": {
                "F_MIDRANGECAM_C": 0.0006610614946112
            },
            "Truncated": 0,
            "ObjectMeta": {
                "SourceID": 609,
                "SubType": "unknown",
                "Text": "",
                "OcrVersion": 10006
            }
        },
        {
            "ActorName": "TRAFFIC_SIGN 610",
            "ObjectId": 610,
            "BoundingBox3D Origin X": 30.99345260357404,
            "BoundingBox3D Origin Y": 10.940221802680751,
            "BoundingBox3D Origin Z": 2.2284230506047606,
            "BoundingBox3D Extent X": 0.1,
            "BoundingBox3D Extent Y": 0.5673764564289475,
            "BoundingBox3D Extent Z": 0.8397778011530023,
            "BoundingBox3D Orientation Quat W": -0.167520749678659,
            "BoundingBox3D Orientation Quat X": 0.003537843698389,
            "BoundingBox3D Orientation Quat Y": 0.018642846033127,
            "BoundingBox3D Orientation Quat Z": 0.9856859167000666,
            "ObjectType": "TRAFFIC_SIGN",
            "Occluded": {
                "F_MIDRANGECAM_C": 0.0453733317553997
            },
            "Truncated": 0,
            "ObjectMeta": {
                "SourceID": 610,
                "SubType": "us_yellow_ground_diamond_unknown",
                "Text": "",
                "OcrVersion": 10006
            }
        },
        {
            "ActorName": "TRAFFIC_SIGN 611",
            "ObjectId": 611,
            "BoundingBox3D Origin X": 40.58993190016827,
            "BoundingBox3D Origin Y": -4.14928956219228,
            "BoundingBox3D Origin Z": 2.4331620102748275,
            "BoundingBox3D Extent X": 0.1,
            "BoundingBox3D Extent Y": 0.6647898721773063,
            "BoundingBox3D Extent Z": 0.4925958622564428,
            "BoundingBox3D Orientation Quat W": 0.0798290445384646,
            "BoundingBox3D Orientation Quat X": -0.0011492998602847,
            "BoundingBox3D Orientation Quat Y": 0.0189387592465438,
            "BoundingBox3D Orientation Quat Z": 0.9966279778112336,
            "ObjectType": "TRAFFIC_SIGN",
            "Occluded": {
                "F_MIDRANGECAM_C": 0.0002779167261905
            },
            "Truncated": 0,
            "ObjectMeta": {
                "SourceID": 611,
                "SubType": "unknown",
                "Text": "P",
                "OcrVersion": 10006
            }
        },
        {
            "ActorName": "TRAFFIC_SIGN 612",
            "ObjectId": 612,
            "BoundingBox3D Origin X": 77.12371816346513,
            "BoundingBox3D Origin Y": -3.3663992485089693,
            "BoundingBox3D Origin Z": 5.153077781200409,
            "BoundingBox3D Extent X": 0.1,
            "BoundingBox3D Extent Y": 2.015689627696113,
            "BoundingBox3D Extent Z": 0.6071013615992222,
            "BoundingBox3D Orientation Quat W": 0.0411847777862095,
            "BoundingBox3D Orientation Quat X": -0.0004134824760129,
            "BoundingBox3D Orientation Quat Y": 0.0189694830157158,
            "BoundingBox3D Orientation Quat Z": 0.9989713718746196,
            "ObjectType": "TRAFFIC_SIGN",
            "Occluded": {
                "F_MIDRANGECAM_C": 0.0104129221290349
            },
            "Truncated": 0,
            "ObjectMeta": {
                "SourceID": 612,
                "SubType": "unknown",
                "Text": "",
                "OcrVersion": 10006
            }
        },
        {
            "ActorName": "TRAFFIC_SIGN 613",
            "ObjectId": 613,
            "BoundingBox3D Origin X": 82.68662394552939,
            "BoundingBox3D Origin Y": -3.721882472746074,
            "BoundingBox3D Origin Z": 2.6436739675700665,
            "BoundingBox3D Extent X": 0.1,
            "BoundingBox3D Extent Y": 0.821519601845871,
            "BoundingBox3D Extent Z": 1.04655705856691,
            "BoundingBox3D Orientation Quat W": 0.04210499520094,
            "BoundingBox3D Orientation Quat X": -0.0004281358890902,
            "BoundingBox3D Orientation Quat Y": 0.0189689887748895,
            "BoundingBox3D Orientation Quat Z": 0.9989330125407044,
            "ObjectType": "TRAFFIC_SIGN",
            "Occluded": {
                "F_MIDRANGECAM_C": 8.201647688110825e-06
            },
            "Truncated": 0,
            "ObjectMeta": {
                "SourceID": 613,
                "SubType": "unknown",
                "Text": "AHEAD",
                "OcrVersion": 10006
            }
        },
        {
            "ActorName": "TRAFFIC_SIGN 614",
            "ObjectId": 614,
            "BoundingBox3D Origin X": 63.72410371039132,
            "BoundingBox3D Origin Y": 15.914279026008444,
            "BoundingBox3D Origin Z": 1.6847431948408484,
            "BoundingBox3D Extent X": 0.1,
            "BoundingBox3D Extent Y": 0.7431382892211243,
            "BoundingBox3D Extent Z": 0.8068183363710659,
            "BoundingBox3D Orientation Quat W": -0.3973295288919355,
            "BoundingBox3D Orientation Quat X": 0.0078800697644274,
            "BoundingBox3D Orientation Quat Y": 0.0172664841286583,
            "BoundingBox3D Orientation Quat Z": 0.9174797101281618,
            "ObjectType": "TRAFFIC_SIGN",
            "Occluded": {
                "F_MIDRANGECAM_C": 0.9998536109924316
            },
            "Truncated": 0,
            "ObjectMeta": {
                "SourceID": 614,
                "SubType": "unknown",
                "Text": "",
                "OcrVersion": 10006
            }
        },
        {
            "ActorName": "TRAFFIC_SIGN 615",
            "ObjectId": 615,
            "BoundingBox3D Origin X": 71.81491337914758,
            "BoundingBox3D Origin Y": -10.772429791162722,
            "BoundingBox3D Origin Z": 2.7819745671004057,
            "BoundingBox3D Extent X": 0.1,
            "BoundingBox3D Extent Y": 0.7208321150109754,
            "BoundingBox3D Extent Z": 0.6150844709069305,
            "BoundingBox3D Orientation Quat W": 0.1658327591889447,
            "BoundingBox3D Orientation Quat X": -0.0027853472450661,
            "BoundingBox3D Orientation Quat Y": 0.0187679919426231,
            "BoundingBox3D Orientation Quat Z": 0.9859713486196988,
            "ObjectType": "TRAFFIC_SIGN",
            "Occluded": {
                "F_MIDRANGECAM_C": 0.1998704820871353
            },
            "Truncated": 0,
            "ObjectMeta": {
                "SourceID": 615,
                "SubType": "us_yellow_ground_diamond_unknown",
                "Text": "",
                "OcrVersion": 10006
            }
        },
        {
            "ActorName": "TRAFFIC_SIGN 616",
            "ObjectId": 616,
            "BoundingBox3D Origin X": 97.18632930009151,
            "BoundingBox3D Origin Y": -3.6491218669107184,
            "BoundingBox3D Origin Z": 3.100043491460383,
            "BoundingBox3D Extent X": 0.1,
            "BoundingBox3D Extent Y": 0.5572884027437033,
            "BoundingBox3D Extent Z": 0.5924573148805717,
            "BoundingBox3D Orientation Quat W": 0.0544269113569944,
            "BoundingBox3D Orientation Quat X": -0.0006631261533101,
            "BoundingBox3D Orientation Quat Y": 0.0189623461801989,