{
    "CapturedObjects": [
        {
            "ActorName": "TRAFFIC_SIGN 604",
            "ObjectId": 604,
            "BoundingBox3D Origin X": 24.11957423360081,
            "BoundingBox3D Origin Y": 13.70344201658736,
            "BoundingBox3D Origin Z": 1.5745834531262517,
            "BoundingBox3D Extent X": 0.1,
            "BoundingBox3D Extent Y": 0.6542573677519435,
            "BoundingBox3D Extent Z": 0.6696639461456285,
            "BoundingBox3D Orientation Quat W": -0.409860012408678,
            "BoundingBox3D Orientation Quat X": 0.0068092489434945,
            "BoundingBox3D Orientation Quat Y": 0.0150358601192815,
            "BoundingBox3D Orientation Quat Z": 0.9119990829313688,
            "ObjectType": "TRAFFIC_SIGN",
            "Occluded": {
                "F_MIDRANGECAM_C": 0.0002788068668451
            },
            "Truncated": 0,
            "ObjectMeta": {
                "SourceID": 604,
                "SubType": "us_stop",
                "Text": "",
                "OcrVersion": 10006
            }
        },
        {
            "ActorName": "TRAFFIC_SIGN 605",
            "ObjectId": 605,
            "BoundingBox3D Origin X": 40.85340410700508,
            "BoundingBox3D Origin Y": -3.8739979422534816,
            "BoundingBox3D Origin Z": 5.474290371872485,
            "BoundingBox3D Extent X": 0.1,
            "BoundingBox3D Extent Y": 1.675241656574072,
            "BoundingBox3D Extent Z": 0.7136703424772214,
            "BoundingBox3D Orientation Quat W": 0.0458567346711089,
            "BoundingBox3D Orientation Quat X": -0.0007149526432016,
            "BoundingBox3D Orientation Quat Y": 0.016485683345633,
            "BoundingBox3D Orientation Quat Z": 0.9988117294929256,
            "ObjectType": "TRAFFIC_SIGN",
            "Occluded": {
                "F_MIDRANGECAM_C": 0.0127768889069557
            },
            "Truncated": 0,
            "ObjectMeta": {
                "SourceID": 605,
                "SubType": "unknown",
                "Text": "Bryson",
                "OcrVersion": 10006
            }
        },
        {
            "ActorName": "TRAFFIC_SIGN 606",
            "ObjectId": 606,
            "BoundingBox3D Origin X": 40.76301417662671,
            "BoundingBox3D Origin Y": 2.184944797103526,
            "BoundingBox3D Origin Z": 6.975342565216124,
            "BoundingBox3D Extent X": 0.1,
            "BoundingBox3D Extent Y": 0.6808865710446399,
            "BoundingBox3D Extent Z": 0.8102549796546726,
            "BoundingBox3D Orientation Quat W": -0.0228579767537896,
            "BoundingBox3D Orientation Quat X": 0.0004208252251953,
            "BoundingBox3D Orientation Quat Y": 0.0164958613775475,
            "BoundingBox3D Orientation Quat Z": 0.9996025321908032,
            "ObjectType": "TRAFFIC_SIGN",
            "Occluded": {
                "F_MIDRANGECAM_C": 0.001245520543307
            },
            "Truncated": 0,
            "ObjectMeta": {
                "SourceID": 606,
                "SubType": "us_white_ground_rectangle_unknown",
                "Text": "",
                "OcrVersion": 10006
            }
        },
        {
            "ActorName": "TRAFFIC_SIGN 607",
            "ObjectId": 607,
            "BoundingBox3D Origin X": 21.17449815753605,
            "BoundingBox3D Origin Y": -10.736075873544904,
            "BoundingBox3D Origin Z": 2.8149726781994104,
            "BoundingBox3D Extent X": 0.1,
            "BoundingBox3D Extent Y": 0.6534787456868417,
            "BoundingBox3D Extent Z": 0.6851783530544237,
            "BoundingBox3D Orientation Quat W": 0.3699768689198898,
            "BoundingBox3D Orientation Quat X": -0.0060668725882151,
            "BoundingBox3D Orientation Quat Y": 0.0153462485919093,
            "BoundingBox3D Orientation Quat Z": 0.9288943977521816,
            "ObjectType": "TRAFFIC_SIGN",
            "Occluded": {
                "F_MIDRANGECAM_C": 0.9977411031723022
            },
            "Truncated": 0,
            "ObjectMeta": {
                "SourceID": 607,
                "SubType": "us_yellow_ground_diamond_unknown",
                "Text": "OUTLET",
                "OcrVersion": 10006
            }
        },
        {
            "ActorName": "TRAFFIC_SIGN 608",
            "ObjectId": 608,
            "BoundingBox3D Origin X": 55.44030669684389,
            "BoundingBox3D Origin Y": -3.835085487255128,
            "BoundingBox3D Origin Z": 2.629053274169564,
            "BoundingBox3D Extent X": 0.1,
            "BoundingBox3D Extent Y": 0.3973643084709372,
            "BoundingBox3D Extent Z": 0.4863847471929617,
            "BoundingBox3D Orientation Quat W": 0.086685365299823,
            "BoundingBox3D Orientation Quat X": -0.0013841674129287,
            "BoundingBox3D Orientation Quat Y": 0.0164427272269965,
            "BoundingBox3D Orientation Quat Z": 0.9960990755164608,
            "ObjectType": "TRAFFIC_SIGN",
            "Occluded": {
                "F_MIDRANGECAM_C": 0.0075377966277301
            },
            "Truncated": 0,
            "ObjectMeta": {
                "SourceID": 608,
                "SubType": "us_yellow_ground_diamond_unknown",
                "Text": "11",
                "OcrVersion": 10006
            }
        },
        {
            "ActorName": "TRAFFIC_SIGN 609",
            "ObjectId": 609,
            "BoundingBox3D Origin X": 90.15697331977208,
            "BoundingBox3D Origin Y": -8.679459283186588,
            "BoundingBox3D Origin Z": 2.504516693763435,
            "BoundingBox3D Extent X": 0.1,
            "BoundingBox3D Extent Y": 0.4327197226534073,
            "BoundingBox3D Extent Z": 0.5787043291211466,
            "BoundingBox3D Orientation Quat W": 0.208931932105965,
            "BoundingBox3D Orientation Quat X": -0.0034005700508009,
            "BoundingBox3D Orientation Quat Y": 0.0161466919209408,
            "BoundingBox3D Orientation Quat Z": 0.977790963452725,
            "ObjectType": "TRAFFIC_SIGN",
            "Occluded": {
                "F_MIDRANGECAM_C": 0.7837598323822021
            },
            "Truncated": 0,
            "ObjectMeta": {
                "SourceID": 609,
                "SubType": "unknown",
                "Text": "",
                "OcrVersion": 10006
            }
        },
        {
            "ActorName": "TRAFFIC_SIGN 610",
            "ObjectId": 610,
            "BoundingBox3D Origin X": 102.0640080762306,
            "BoundingBox3D Origin Y": 12.292535350454273,
            "BoundingBox3D Origin Z": 2.131418028846383,
            "BoundingBox3D Extent X": 0.1,
            "BoundingBox3D Extent Y": 0.5673764564289475,
            "BoundingBox3D Extent Z": 0.8397778011530023,
            "BoundingBox3D Orientation Quat W": -0.1694555121391062,
            "BoundingBox3D Orientation Quat X": 0.0028455416643679,
            "BoundingBox3D Orientation Quat Y": 0.0162546659070857,
            "BoundingBox3D Orientation Quat Z": 0.985399674312184,
            "ObjectType": "TRAFFIC_SIGN",
            "Occluded": {
                "F_MIDRANGECAM_C": 0.9992812275886536
            },
            "Truncated": 0,
            "ObjectMeta": {
                "SourceID": 610,
                "SubType": "us_yellow_ground_diamond_unknown",
                "Text": "",
                "OcrVersion": 10006
            }
        },
        {
            "ActorName": "TRAFFIC_SIGN 611",
            "ObjectId": 611,
            "BoundingBox3D Origin X": 111.71949516489384,
            "BoundingBox3D Origin Y": -2.760165614046855,
            "BoundingBox3D Origin Z": 2.26653730403632,
            "BoundingBox3D Extent X": 0.1,
            "BoundingBox3D Extent Y": 0.6647898721773063,
            "BoundingBox3D Extent Z": 0.4925958622564428,
            "BoundingBox3D Orientation Quat W": 0.077883500329498,
            "BoundingBox3D Orientation Quat X": -0.0012343796610561,