{
    "CapturedObjects": [
        {
            "ActorName": "TRAFFIC_SIGN 609",
            "ObjectId": 609,
            "BoundingBox3D Origin X": 7.6656134666664,
            "BoundingBox3D Origin Y": -10.078562851180322,
            "BoundingBox3D Origin Z": 2.6887165680527687,
            "BoundingBox3D Extent X": 0.1,
            "BoundingBox3D Extent Y": 0.4327197226534073,
            "BoundingBox3D Extent Z": 0.5787043291211466,
            "BoundingBox3D Orientation Quat W": 0.2116926218930792,
            "BoundingBox3D Orientation Quat X": -0.0037811924374796,
            "BoundingBox3D Orientation Quat Y": 0.0163160342565185,
            "BoundingBox3D Orientation Quat Z": 0.977192777012768,
            "ObjectType": "TRAFFIC_SIGN",
            "Occluded": {
                "F_MIDRANGECAM_C": 0.8192880749702454
            },
            "Truncated": 0,
            "ObjectMeta": {
                "SourceID": 609,
                "SubType": "unknown",
                "Text": "",
                "OcrVersion": 10006
            }
        },
        {
            "ActorName": "TRAFFIC_SIGN 610",
            "ObjectId": 610,
            "BoundingBox3D Origin X": 19.69103147660735,
            "BoundingBox3D Origin Y": 10.82569778067409,
            "BoundingBox3D Origin Z": 2.314486538060009,
            "BoundingBox3D Extent X": 0.1,
            "BoundingBox3D Extent Y": 0.5673764564289475,
            "BoundingBox3D Extent Z": 0.8397778011530023,
            "BoundingBox3D Orientation Quat W": -0.1666692719397252,
            "BoundingBox3D Orientation Quat X": 0.0025549410424348,
            "BoundingBox3D Orientation Quat Y": 0.0165552519050672,
            "BoundingBox3D Orientation Quat Z": 0.9858705542320008,
            "ObjectType": "TRAFFIC_SIGN",
            "Occluded": {
                "F_MIDRANGECAM_C": 0.001500790589489
            },
            "Truncated": 0,
            "ObjectMeta": {
                "SourceID": 610,
                "SubType": "us_yellow_ground_diamond_unknown",
                "Text": "",
                "OcrVersion": 10006
            }
        },
        {
            "ActorName": "TRAFFIC_SIGN 611",
            "ObjectId": 611,
            "BoundingBox3D Origin X": 29.261343232967647,
            "BoundingBox3D Origin Y": -4.281079782464076,
            "BoundingBox3D Origin Z": 2.464302631095052,
            "BoundingBox3D Extent X": 0.1,
            "BoundingBox3D Extent Y": 0.6647898721773063,
            "BoundingBox3D Extent Z": 0.4925958622564428,
            "BoundingBox3D Orientation Quat W": 0.0806992005073924,
            "BoundingBox3D Orientation Quat X": -0.0015891720140132,
            "BoundingBox3D Orientation Quat Y": 0.0166735986721631,
            "BoundingBox3D Orientation Quat Z": 0.9965977647361534,
            "ObjectType": "TRAFFIC_SIGN",
            "Occluded": {
                "F_MIDRANGECAM_C": 0.0001213169089169
            },
            "Truncated": 0,
            "ObjectMeta": {
                "SourceID": 611,
                "SubType": "unknown",
                "Text": "P",
                "OcrVersion": 10006
            }
        },
        {
            "ActorName": "TRAFFIC_SIGN 612",
            "ObjectId": 612,
            "BoundingBox3D Origin X": 65.79303754061948,
            "BoundingBox3D Origin Y": -3.573142257664585,
            "BoundingBox3D Origin Z": 5.233971128240228,
            "BoundingBox3D Extent X": 0.1,
            "BoundingBox3D Extent Y": 2.015689627696113,
            "BoundingBox3D Extent Z": 0.6071013615992222,
            "BoundingBox3D Orientation Quat W": 0.0420554988912058,
            "BoundingBox3D Orientation Quat X": -0.0009407029622977,
            "BoundingBox3D Orientation Quat Y": 0.0167230480956186,
            "BoundingBox3D Orientation Quat Z": 0.9989748694303272,
            "ObjectType": "TRAFFIC_SIGN",
            "Occluded": {
                "F_MIDRANGECAM_C": 0.0091849714517593
            },
            "Truncated": 0,
            "ObjectMeta": {
                "SourceID": 612,
                "SubType": "unknown",
                "Text": "",
                "OcrVersion": 10006
            }
        },
        {
            "ActorName": "TRAFFIC_SIGN 613",
            "ObjectId": 613,
            "BoundingBox3D Origin X": 71.35853820173543,
            "BoundingBox3D Origin Y": -3.927039236412384,
            "BoundingBox3D Origin Z": 2.7300693979486823,
            "BoundingBox3D Extent X": 0.1,
            "BoundingBox3D Extent Y": 0.821519601845871,
            "BoundingBox3D Extent Z": 1.04655705856691,
            "BoundingBox3D Orientation Quat W": 0.0429757113948032,
            "BoundingBox3D Orientation Quat X": -0.0009532872923526,
            "BoundingBox3D Orientation Quat Y": 0.0167220666972595,
            "BoundingBox3D Orientation Quat Z": 0.998935709622407,
            "ObjectType": "TRAFFIC_SIGN",
            "Occluded": {
                "F_MIDRANGECAM_C": 6.968135153329058e-07
            },
            "Truncated": 0,
            "ObjectMeta": {
                "SourceID": 613,
                "SubType": "unknown",
                "Text": "AHEAD",
                "OcrVersion": 10006
            }
        },
        {
            "ActorName": "TRAFFIC_SIGN 614",
            "ObjectId": 614,
            "BoundingBox3D Origin X": 52.43094755641641,
            "BoundingBox3D Origin Y": 15.745808173989644,
            "BoundingBox3D Origin Z": 1.8344127042219045,
            "BoundingBox3D Extent X": 0.1,
            "BoundingBox3D Extent Y": 0.7431382892211243,
            "BoundingBox3D Extent Z": 0.8068183363710659,
            "BoundingBox3D Orientation Quat W": -0.3965458101667734,
            "BoundingBox3D Orientation Quat X": 0.0064285621717164,
            "BoundingBox3D Orientation Quat Y": 0.015472938140413,
            "BoundingBox3D Orientation Quat Z": 0.917862016979069,
            "ObjectType": "TRAFFIC_SIGN",
            "Occluded": {
                "F_MIDRANGECAM_C": 0.5616840720176697
            },
            "Truncated": 0,
            "ObjectMeta": {
                "SourceID": 614,
                "SubType": "unknown",
                "Text": "",
                "OcrVersion": 10006
            }
        },
        {
            "ActorName": "TRAFFIC_SIGN 615",
            "ObjectId": 615,
            "BoundingBox3D Origin X": 60.47453288846418,
            "BoundingBox3D Origin Y": -10.959424575528828,
            "BoundingBox3D Origin Z": 2.8232436534017324,
            "BoundingBox3D Extent X": 0.1,
            "BoundingBox3D Extent Y": 0.7208321150109754,
            "BoundingBox3D Extent Z": 0.6150844709069305,
            "BoundingBox3D Orientation Quat W": 0.1666969846179947,
            "BoundingBox3D Orientation Quat X": -0.0030274530560251,
            "BoundingBox3D Orientation Quat Y": 0.016473256258652,
            "BoundingBox3D Orientation Quat Z": 0.9858659045100902,
            "ObjectType": "TRAFFIC_SIGN",
            "Occluded": {
                "F_MIDRANGECAM_C": 0.9980605244636536
            },
            "Truncated": 0,
            "ObjectMeta": {
                "SourceID": 615,
                "SubType": "us_yellow_ground_diamond_unknown",
                "Text": "",
                "OcrVersion": 10006
            }
        },
        {
            "ActorName": "TRAFFIC_SIGN 616",
            "ObjectId": 616,
            "BoundingBox3D Origin X": 85.85779934214861,
            "BoundingBox3D Origin Y": -3.881254240346607,
            "BoundingBox3D Origin Z": 3.205134958960116,
            "BoundingBox3D Extent X": 0.1,
            "BoundingBox3D Extent Y": 0.5572884027437033,
            "BoundingBox3D Extent Z": 0.5924573148805717,
            "BoundingBox3D Orientation Quat W": 0.0552975785972966,
            "BoundingBox3D Orientation Quat X": -0.0011605197651363,
            "BoundingBox3D Orientation Quat Y": 0.0167091163863268,