{
    "CapturedObjects": [
        {
            "ActorName": "TRAFFIC_SIGN 609",
            "ObjectId": 609,
            "BoundingBox3D Origin X": 6.860991539253519,
            "BoundingBox3D Origin Y": -10.08784989855485,
            "BoundingBox3D Origin Z": 2.6631049504503608,
            "BoundingBox3D Extent X": 0.1,
            "BoundingBox3D Extent Y": 0.4327197226534073,
            "BoundingBox3D Extent Z": 0.5787043291211466,
            "BoundingBox3D Orientation Quat W": 0.2117438773007108,
            "BoundingBox3D Orientation Quat X": -0.0025998503095546,
            "BoundingBox3D Orientation Quat Y": 0.0158857737938145,
            "BoundingBox3D Orientation Quat Z": 0.9771926183690712,
            "ObjectType": "TRAFFIC_SIGN",
            "Occluded": {
                "F_CTCAM_L": 0.0
            },
            "Truncated": 0,
            "ObjectMeta": {
                "SourceID": 609,
                "SubType": "unknown",
                "Text": "",
                "OcrVersion": 10006
            }
        },
        {
            "ActorName": "TRAFFIC_SIGN 610",
            "ObjectId": 610,
            "BoundingBox3D Origin X": 18.88858937460645,
            "BoundingBox3D Origin Y": 10.81518942551338,
            "BoundingBox3D Origin Z": 2.2913234997540712,
            "BoundingBox3D Extent X": 0.1,
            "BoundingBox3D Extent Y": 0.5673764564289475,
            "BoundingBox3D Extent Z": 0.8397778011530023,
            "BoundingBox3D Orientation Quat W": -0.1666204851861422,
            "BoundingBox3D Orientation Quat X": 0.003492005812264,
            "BoundingBox3D Orientation Quat Y": 0.0157167488750724,
            "BoundingBox3D Orientation Quat Z": 0.9858896508314406,
            "ObjectType": "TRAFFIC_SIGN",
            "Occluded": {
                "F_MIDRANGECAM_C": 0.0838041603565216
            },
            "Truncated": 0,
            "ObjectMeta": {
                "SourceID": 610,
                "SubType": "us_yellow_ground_diamond_unknown",
                "Text": "",
                "OcrVersion": 10006
            }
        },
        {
            "ActorName": "TRAFFIC_SIGN 611",
            "ObjectId": 611,
            "BoundingBox3D Origin X": 28.457025712439645,
            "BoundingBox3D Origin Y": -4.293000408157241,
            "BoundingBox3D Origin Z": 2.4005559058859944,
            "BoundingBox3D Extent X": 0.1,
            "BoundingBox3D Extent Y": 0.6647898721773063,
            "BoundingBox3D Extent Z": 0.4925958622564428,
            "BoundingBox3D Orientation Quat W": 0.0807499973435244,
            "BoundingBox3D Orientation Quat X": -0.0004749442440065,
            "BoundingBox3D Orientation Quat Y": 0.0160909715693742,
            "BoundingBox3D Orientation Quat Z": 0.996604381382572,
            "ObjectType": "TRAFFIC_SIGN",
            "Occluded": {
                "F_MIDRANGECAM_C": 0.0001572239707456
            },
            "Truncated": 0,
            "ObjectMeta": {
                "SourceID": 611,
                "SubType": "unknown",
                "Text": "P",
                "OcrVersion": 10006
            }
        },
        {
            "ActorName": "TRAFFIC_SIGN 612",
            "ObjectId": 612,
            "BoundingBox3D Origin X": 64.99461890649945,
            "BoundingBox3D Origin Y": -3.5936969087051693,
            "BoundingBox3D Origin Z": 5.093507434241474,
            "BoundingBox3D Extent X": 0.1,
            "BoundingBox3D Extent Y": 2.015689627696113,
            "BoundingBox3D Extent Z": 0.6071013615992222,
            "BoundingBox3D Orientation Quat W": 0.0421060891625028,
            "BoundingBox3D Orientation Quat X": 0.0001501635283882,
            "BoundingBox3D Orientation Quat Y": 0.0160977227741112,
            "BoundingBox3D Orientation Quat Z": 0.9989834423191616,
            "ObjectType": "TRAFFIC_SIGN",
            "Occluded": {
                "F_MIDRANGECAM_C": 0.0234371982514858
            },
            "Truncated": 0,
            "ObjectMeta": {
                "SourceID": 612,
                "SubType": "unknown",
                "Text": "",
                "OcrVersion": 10006
            }
        },
        {
            "ActorName": "TRAFFIC_SIGN 613",
            "ObjectId": 613,
            "BoundingBox3D Origin X": 70.55473519146835,
            "BoundingBox3D Origin Y": -3.9449817285349127,
            "BoundingBox3D Origin Z": 2.5773140639066696,
            "BoundingBox3D Extent X": 0.1,
            "BoundingBox3D Extent Y": 0.821519601845871,
            "BoundingBox3D Extent Z": 1.04655705856691,
            "BoundingBox3D Orientation Quat W": 0.0430263051509266,
            "BoundingBox3D Orientation Quat X": 0.0001381540523279,
            "BoundingBox3D Orientation Quat Y": 0.0160977462120466,
            "BoundingBox3D Orientation Quat Z": 0.998944232950674,
            "ObjectType": "TRAFFIC_SIGN",
            "Occluded": {
                "F_MIDRANGECAM_C": 7.057827815515338e-07
            },
            "Truncated": 0,
            "ObjectMeta": {
                "SourceID": 613,
                "SubType": "unknown",
                "Text": "AHEAD",
                "OcrVersion": 10006
            }
        },
        {
            "ActorName": "TRAFFIC_SIGN 614",
            "ObjectId": 614,
            "BoundingBox3D Origin X": 51.62811382306427,
            "BoundingBox3D Origin Y": 15.731514370854711,
            "BoundingBox3D Origin Z": 1.7482522809877992,
            "BoundingBox3D Extent X": 0.1,
            "BoundingBox3D Extent Y": 0.7431382892211243,
            "BoundingBox3D Extent Z": 0.8068183363710659,
            "BoundingBox3D Orientation Quat W": -0.3965014067979512,
            "BoundingBox3D Orientation Quat X": 0.0071391798082912,
            "BoundingBox3D Orientation Quat Y": 0.0144356600757173,
            "BoundingBox3D Orientation Quat Z": 0.917892846816604,
            "ObjectType": "TRAFFIC_SIGN",
            "Occluded": {
                "F_MIDRANGECAM_C": 0.7917211055755615
            },
            "Truncated": 0,
            "ObjectMeta": {
                "SourceID": 614,
                "SubType": "unknown",
                "Text": "",
                "OcrVersion": 10006
            }
        },
        {
            "ActorName": "TRAFFIC_SIGN 615",
            "ObjectId": 615,
            "BoundingBox3D Origin X": 59.669943458457055,
            "BoundingBox3D Origin Y": -10.975992290739669,
            "BoundingBox3D Origin Z": 2.684200740419328,
            "BoundingBox3D Extent X": 0.1,
            "BoundingBox3D Extent Y": 0.7208321150109754,
            "BoundingBox3D Extent Z": 0.6150844709069305,
            "BoundingBox3D Orientation Quat W": 0.1667481234695551,
            "BoundingBox3D Orientation Quat X": -0.0018670283530307,
            "BoundingBox3D Orientation Quat Y": 0.0159893087631604,
            "BoundingBox3D Orientation Quat Z": 0.9858681045301076,
            "ObjectType": "TRAFFIC_SIGN",
            "Occluded": {
                "F_MIDRANGECAM_C": 0.999320387840271
            },
            "Truncated": 0,
            "ObjectMeta": {
                "SourceID": 615,
                "SubType": "us_yellow_ground_diamond_unknown",
                "Text": "",
                "OcrVersion": 10006
            }
        },
        {
            "ActorName": "TRAFFIC_SIGN 616",
            "ObjectId": 616,
            "BoundingBox3D Origin X": 85.0549775021791,
            "BoundingBox3D Origin Y": -3.901784946006956,
            "BoundingBox3D Origin Z": 3.021619020961225,
            "BoundingBox3D Extent X": 0.1,
            "BoundingBox3D Extent Y": 0.5572884027437033,
            "BoundingBox3D Extent Z": 0.5924573148805717,
            "BoundingBox3D Orientation Quat W": 0.055348241513538,
            "BoundingBox3D Orientation Quat X": -6.146801828497702e-05,
            "BoundingBox3D Orientation Quat Y": 0.0160983086199067,