{
    "CapturedObjects": [
        {
            "ActorName": "TRAFFIC_SIGN 609",
            "ObjectId": 609,
            "BoundingBox3D Origin X": 11.718817797581892,
            "BoundingBox3D Origin Y": -10.050039636407746,
            "BoundingBox3D Origin Z": 2.6483050333336,
            "BoundingBox3D Extent X": 0.1,
            "BoundingBox3D Extent Y": 0.4327197226534073,
            "BoundingBox3D Extent Z": 0.5787043291211466,
            "BoundingBox3D Orientation Quat W": 0.2111852553067148,
            "BoundingBox3D Orientation Quat X": -0.0033179221193114,
            "BoundingBox3D Orientation Quat Y": 0.0151901860980719,
            "BoundingBox3D Orientation Quat Z": 0.9773223816019738,
            "ObjectType": "TRAFFIC_SIGN",
            "Occluded": {
                "F_MIDRANGECAM_C": 0.0016851880354806
            },
            "Truncated": 0,
            "ObjectMeta": {
                "SourceID": 609,
                "SubType": "unknown",
                "Text": "",
                "OcrVersion": 10006
            }
        },
        {
            "ActorName": "TRAFFIC_SIGN 610",
            "ObjectId": 610,
            "BoundingBox3D Origin X": 23.72224782287202,
            "BoundingBox3D Origin Y": 10.867500784952426,
            "BoundingBox3D Origin Z": 2.318681654520333,
            "BoundingBox3D Extent X": 0.1,
            "BoundingBox3D Extent Y": 0.5673764564289475,
            "BoundingBox3D Extent Z": 0.8397778011530023,
            "BoundingBox3D Orientation Quat W": -0.1671881528139122,
            "BoundingBox3D Orientation Quat X": 0.0025674930891674,
            "BoundingBox3D Orientation Quat Y": 0.0153388535237218,
            "BoundingBox3D Orientation Quat Z": 0.9858023377485404,
            "ObjectType": "TRAFFIC_SIGN",
            "Occluded": {
                "F_MIDRANGECAM_C": 0.0024951240047812
            },
            "Truncated": 0,
            "ObjectMeta": {
                "SourceID": 610,
                "SubType": "us_yellow_ground_diamond_unknown",
                "Text": "",
                "OcrVersion": 10006
            }
        },
        {
            "ActorName": "TRAFFIC_SIGN 611",
            "ObjectId": 611,
            "BoundingBox3D Origin X": 33.30835690794254,
            "BoundingBox3D Origin Y": -4.229605497152079,
            "BoundingBox3D Origin Z": 2.428049836307764,
            "BoundingBox3D Extent X": 0.1,
            "BoundingBox3D Extent Y": 0.6647898721773063,
            "BoundingBox3D Extent Z": 0.4925958622564428,
            "BoundingBox3D Orientation Quat W": 0.0801795142623214,
            "BoundingBox3D Orientation Quat X": -0.0012783211889633,
            "BoundingBox3D Orientation Quat Y": 0.0154966792532836,
            "BoundingBox3D Orientation Quat Z": 0.9966591515255936,
            "ObjectType": "TRAFFIC_SIGN",
            "Occluded": {
                "F_MIDRANGECAM_C": 0.0001463091612095
            },
            "Truncated": 0,
            "ObjectMeta": {
                "SourceID": 611,
                "SubType": "unknown",
                "Text": "P",
                "OcrVersion": 10006
            }
        },
        {
            "ActorName": "TRAFFIC_SIGN 612",
            "ObjectId": 612,
            "BoundingBox3D Origin X": 69.84046915022202,
            "BoundingBox3D Origin Y": -3.49033759222948,
            "BoundingBox3D Origin Z": 5.182981402613223,
            "BoundingBox3D Extent X": 0.1,
            "BoundingBox3D Extent Y": 2.015689627696113,
            "BoundingBox3D Extent Z": 0.6071013615992222,
            "BoundingBox3D Orientation Quat W": 0.041533882640123,
            "BoundingBox3D Orientation Quat X": -0.0006755534155732,
            "BoundingBox3D Orientation Quat Y": 0.0155350929985201,
            "BoundingBox3D Orientation Quat Z": 0.9990160865100954,
            "ObjectType": "TRAFFIC_SIGN",
            "Occluded": {
                "F_MIDRANGECAM_C": 0.0714689418673515
            },
            "Truncated": 0,
            "ObjectMeta": {
                "SourceID": 612,
                "SubType": "unknown",
                "Text": "",
                "OcrVersion": 10006
            }
        },
        {
            "ActorName": "TRAFFIC_SIGN 613",
            "ObjectId": 613,
            "BoundingBox3D Origin X": 75.4052114992545,
            "BoundingBox3D Origin Y": -3.832449976092903,
            "BoundingBox3D Origin Z": 2.6757312919944525,
            "BoundingBox3D Extent X": 0.1,
            "BoundingBox3D Extent Y": 0.821519601845871,
            "BoundingBox3D Extent Z": 1.04655705856691,
            "BoundingBox3D Orientation Quat W": 0.0424541288460086,
            "BoundingBox3D Orientation Quat X": -0.0006870455619571,
            "BoundingBox3D Orientation Quat Y": 0.0155343548903374,
            "BoundingBox3D Orientation Quat Z": 0.9989774065165156,
            "ObjectType": "TRAFFIC_SIGN",
            "Occluded": {
                "F_MIDRANGECAM_C": 7.770157708364422e-07
            },
            "Truncated": 0,
            "ObjectMeta": {
                "SourceID": 613,
                "SubType": "unknown",
                "Text": "AHEAD",
                "OcrVersion": 10006
            }
        },
        {
            "ActorName": "TRAFFIC_SIGN 614",
            "ObjectId": 614,
            "BoundingBox3D Origin X": 56.456750411486325,
            "BoundingBox3D Origin Y": 15.822762199677529,
            "BoundingBox3D Origin Z": 1.8356556901708243,
            "BoundingBox3D Extent X": 0.1,
            "BoundingBox3D Extent Y": 0.7431382892211243,
            "BoundingBox3D Extent Z": 0.8068183363710659,
            "BoundingBox3D Orientation Quat W": -0.3970343116670857,
            "BoundingBox3D Orientation Quat X": 0.0061510037033885,
            "BoundingBox3D Orientation Quat Y": 0.0142893878755782,
            "BoundingBox3D Orientation Quat Z": 0.9176719097295202,
            "ObjectType": "TRAFFIC_SIGN",
            "Occluded": {
                "F_MIDRANGECAM_C": 0.999850869178772
            },
            "Truncated": 0,
            "ObjectMeta": {
                "SourceID": 614,
                "SubType": "unknown",
                "Text": "",
                "OcrVersion": 10006
            }
        },
        {
            "ActorName": "TRAFFIC_SIGN 615",
            "ObjectId": 615,
            "BoundingBox3D Origin X": 64.52860313037127,
            "BoundingBox3D Origin Y": -10.87633199497941,
            "BoundingBox3D Origin Z": 2.756974953226745,
            "BoundingBox3D Extent X": 0.1,
            "BoundingBox3D Extent Y": 0.7208321150109754,
            "BoundingBox3D Extent Z": 0.6150844709069305,
            "BoundingBox3D Orientation Quat W": 0.1661843576648953,
            "BoundingBox3D Orientation Quat X": -0.0026160981064483,
            "BoundingBox3D Orientation Quat Y": 0.0153274477327158,
            "BoundingBox3D Orientation Quat Z": 0.985972101351861,
            "ObjectType": "TRAFFIC_SIGN",
            "Occluded": {
                "F_MIDRANGECAM_C": 0.4108249247074127
            },
            "Truncated": 0,
            "ObjectMeta": {
                "SourceID": 615,
                "SubType": "us_yellow_ground_diamond_unknown",
                "Text": "",
                "OcrVersion": 10006
            }
        },
        {
            "ActorName": "TRAFFIC_SIGN 616",
            "ObjectId": 616,
            "BoundingBox3D Origin X": 89.90460566471347,
            "BoundingBox3D Origin Y": -3.772733506077202,
            "BoundingBox3D Origin Z": 3.144385444931686,
            "BoundingBox3D Extent X": 0.1,
            "BoundingBox3D Extent Y": 0.5572884027437033,
            "BoundingBox3D Extent Z": 0.5924573148805717,
            "BoundingBox3D Orientation Quat W": 0.0547765349381444,
            "BoundingBox3D Orientation Quat X": -0.000879672444222,
            "BoundingBox3D Orientation Quat Y": 0.015524740707954,