{
    "CapturedObjects": [
        {
            "ActorName": "TRAFFIC_SIGN 605",
            "ObjectId": 605,
            "BoundingBox3D Origin X": 1.4150996942989875,
            "BoundingBox3D Origin Y": -4.513872859330149,
            "BoundingBox3D Origin Z": 5.547787472605705,
            "BoundingBox3D Extent X": 0.1,
            "BoundingBox3D Extent Y": 1.675241656574072,
            "BoundingBox3D Extent Z": 0.7136703424772214,
            "BoundingBox3D Orientation Quat W": 0.0610151796158517,
            "BoundingBox3D Orientation Quat X": -0.0028405029047229,
            "BoundingBox3D Orientation Quat Y": 0.0135099313744756,
            "BoundingBox3D Orientation Quat Z": 0.998041362446442,
            "ObjectType": "TRAFFIC_SIGN",
            "Occluded": {
                "F_CTCAM_L": 0.0
            },
            "Truncated": 0,
            "ObjectMeta": {
                "SourceID": 605,
                "SubType": "unknown",
                "Text": "Bryson",
                "OcrVersion": 10006
            }
        },
        {
            "ActorName": "TRAFFIC_SIGN 606",
            "ObjectId": 606,
            "BoundingBox3D Origin X": 1.500422796154453,
            "BoundingBox3D Origin Y": 1.536398260941496,
            "BoundingBox3D Origin Z": 7.083614110015333,
            "BoundingBox3D Extent X": 0.1,
            "BoundingBox3D Extent Y": 0.6808865710446399,
            "BoundingBox3D Extent Z": 0.8102549796546726,
            "BoundingBox3D Orientation Quat W": -0.0076821396097159,
            "BoundingBox3D Orientation Quat X": -0.0019040575025864,
            "BoundingBox3D Orientation Quat Y": 0.0136732214466369,
            "BoundingBox3D Orientation Quat Z": 0.9998751933673096,
            "ObjectType": "TRAFFIC_SIGN",
            "Occluded": {
                "F_CTCAM_L": 0.0
            },
            "Truncated": 0,
            "ObjectMeta": {
                "SourceID": 606,
                "SubType": "us_white_ground_rectangle_unknown",
                "Text": "",
                "OcrVersion": 10006
            }
        },
        {
            "ActorName": "TRAFFIC_SIGN 608",
            "ObjectId": 608,
            "BoundingBox3D Origin X": 16.010847548255697,
            "BoundingBox3D Origin Y": -4.90066334293806,
            "BoundingBox3D Origin Z": 2.774778048507869,
            "BoundingBox3D Extent X": 0.1,
            "BoundingBox3D Extent Y": 0.3973643084709372,
            "BoundingBox3D Extent Z": 0.4863847471929617,
            "BoundingBox3D Orientation Quat W": 0.1017994182634392,
            "BoundingBox3D Orientation Quat X": -0.0033862165686638,
            "BoundingBox3D Orientation Quat Y": 0.0133823657851066,
            "BoundingBox3D Orientation Quat Z": 0.9947091656683218,
            "ObjectType": "TRAFFIC_SIGN",
            "Occluded": {
                "F_MIDRANGECAM_C": 9.780401342140976e-07
            },
            "Truncated": 0,
            "ObjectMeta": {
                "SourceID": 608,
                "SubType": "us_yellow_ground_diamond_unknown",
                "Text": "11",
                "OcrVersion": 10006
            }
        },
        {
            "ActorName": "TRAFFIC_SIGN 609",
            "ObjectId": 609,
            "BoundingBox3D Origin X": 50.5652252652435,
            "BoundingBox3D Origin Y": -10.793522688909434,
            "BoundingBox3D Origin Z": 2.793223336338997,
            "BoundingBox3D Extent X": 0.1,
            "BoundingBox3D Extent Y": 0.4327197226534073,
            "BoundingBox3D Extent Z": 0.5787043291211466,
            "BoundingBox3D Orientation Quat W": 0.2237585533191745,
            "BoundingBox3D Orientation Quat X": -0.0050098354277052,
            "BoundingBox3D Orientation Quat Y": 0.0128624968132921,
            "BoundingBox3D Orientation Quat Z": 0.9745468524094804,
            "ObjectType": "TRAFFIC_SIGN",
            "Occluded": {
                "F_MIDRANGECAM_C": 0.989690899848938
            },
            "Truncated": 0,
            "ObjectMeta": {
                "SourceID": 609,
                "SubType": "unknown",
                "Text": "",
                "OcrVersion": 10006
            }
        },
        {
            "ActorName": "TRAFFIC_SIGN 610",
            "ObjectId": 610,
            "BoundingBox3D Origin X": 63.10315363134214,
            "BoundingBox3D Origin Y": 9.809903526998824,
            "BoundingBox3D Origin Z": 2.6008975403383374,
            "BoundingBox3D Extent X": 0.1,
            "BoundingBox3D Extent Y": 0.5673764564289475,
            "BoundingBox3D Extent Z": 0.8397778011530023,
            "BoundingBox3D Orientation Quat W": -0.154483860907565,
            "BoundingBox3D Orientation Quat X": 0.0001312465964319,
            "BoundingBox3D Orientation Quat Y": 0.0138043483450707,
            "BoundingBox3D Orientation Quat Z": 0.9878988609469044,
            "ObjectType": "TRAFFIC_SIGN",
            "Occluded": {
                "F_MIDRANGECAM_C": 0.999041736125946
            },
            "Truncated": 0,
            "ObjectMeta": {
                "SourceID": 610,
                "SubType": "us_yellow_ground_diamond_unknown",
                "Text": "",
                "OcrVersion": 10006
            }
        },
        {
            "ActorName": "TRAFFIC_SIGN 611",
            "ObjectId": 611,
            "BoundingBox3D Origin X": 72.29792645135967,
            "BoundingBox3D Origin Y": -5.528806612477638,
            "BoundingBox3D Origin Z": 2.6960150646045804,
            "BoundingBox3D Extent X": 0.1,
            "BoundingBox3D Extent Y": 0.6647898721773063,
            "BoundingBox3D Extent Z": 0.4925958622564428,
            "BoundingBox3D Orientation Quat W": 0.0930092639593822,
            "BoundingBox3D Orientation Quat X": -0.0032633684558094,
            "BoundingBox3D Orientation Quat Y": 0.0134121179491868,
            "BoundingBox3D Orientation Quat Z": 0.99556955675441,
            "ObjectType": "TRAFFIC_SIGN",
            "Occluded": {
                "F_MIDRANGECAM_C": 0.9873589873313904
            },
            "Truncated": 0,
            "ObjectMeta": {
                "SourceID": 611,
                "SubType": "unknown",
                "Text": "P",
                "OcrVersion": 10006
            }
        },
        {
            "ActorName": "TRAFFIC_SIGN 612",
            "ObjectId": 612,
            "BoundingBox3D Origin X": 108.8236178493571,
            "BoundingBox3D Origin Y": -5.738639468036126,
            "BoundingBox3D Origin Z": 5.623616924509406,
            "BoundingBox3D Extent X": 0.1,
            "BoundingBox3D Extent Y": 2.015689627696113,
            "BoundingBox3D Extent Z": 0.6071013615992222,
            "BoundingBox3D Orientation Quat W": 0.0543961981985963,
            "BoundingBox3D Orientation Quat X": -0.0027398437846941,
            "BoundingBox3D Orientation Quat Y": 0.0135286525188088,
            "BoundingBox3D Orientation Quat Z": 0.9984240193618136,
            "ObjectType": "TRAFFIC_SIGN",
            "Occluded": {
                "F_MIDRANGECAM_C": 0.9577045440673828
            },
            "Truncated": 0,
            "ObjectMeta": {
                "SourceID": 612,
                "SubType": "unknown",
                "Text": "",
                "OcrVersion": 10006
            }
        },
        {
            "ActorName": "TRAFFIC_SIGN 613",
            "ObjectId": 613,
            "BoundingBox3D Origin X": 114.38956312140726,
            "BoundingBox3D Origin Y": -6.214117104711477,
            "BoundingBox3D Origin Z": 3.1409454764798284,
            "BoundingBox3D Extent X": 0.1,
            "BoundingBox3D Extent Y": 0.821519601845871,
            "BoundingBox3D Extent Z": 1.04655705856691,
            "BoundingBox3D Orientation Quat W": 0.0553158877486098,
            "BoundingBox3D Orientation Quat X": -0.0027494881062264,
            "BoundingBox3D Orientation Quat Y": 0.0135259839633926,