{
    "CapturedObjects": [
        {
            "ActorName": "TRAFFIC_SIGN 610",
            "ObjectId": 610,
            "BoundingBox3D Origin X": 2.8369915271468926,
            "BoundingBox3D Origin Y": 10.63738167809788,
            "BoundingBox3D Origin Z": 2.429118853062392,
            "BoundingBox3D Extent X": 0.1,
            "BoundingBox3D Extent Y": 0.5673764564289475,
            "BoundingBox3D Extent Z": 0.8397778011530023,
            "BoundingBox3D Orientation Quat W": -0.1648237555380121,
            "BoundingBox3D Orientation Quat X": 0.0026093627196224,
            "BoundingBox3D Orientation Quat Y": 0.0111767123044015,
            "BoundingBox3D Orientation Quat Z": 0.9862562557158294,
            "ObjectType": "TRAFFIC_SIGN",
            "Occluded": {
                "F_CTCAM_L": 0.0
            },
            "Truncated": 0,
            "ObjectMeta": {
                "SourceID": 610,
                "SubType": "us_yellow_ground_diamond_unknown",
                "Text": "",
                "OcrVersion": 10006
            }
        },
        {
            "ActorName": "TRAFFIC_SIGN 611",
            "ObjectId": 611,
            "BoundingBox3D Origin X": 12.350094003260892,
            "BoundingBox3D Origin Y": -4.506243428244488,
            "BoundingBox3D Origin Z": 2.4012911152094603,
            "BoundingBox3D Extent X": 0.1,
            "BoundingBox3D Extent Y": 0.6647898721773063,
            "BoundingBox3D Extent Z": 0.4925958622564428,
            "BoundingBox3D Orientation Quat W": 0.0825818936576632,
            "BoundingBox3D Orientation Quat X": -0.0002153203785149,
            "BoundingBox3D Orientation Quat Y": 0.0114728892975195,
            "BoundingBox3D Orientation Quat Z": 0.9965182172385086,
            "ObjectType": "TRAFFIC_SIGN",
            "Occluded": {
                "F_MIDRANGECAM_C": 3.941404429497197e-05
            },
            "Truncated": 0,
            "ObjectMeta": {
                "SourceID": 611,
                "SubType": "unknown",
                "Text": "P",
                "OcrVersion": 10006
            }
        },
        {
            "ActorName": "TRAFFIC_SIGN 612",
            "ObjectId": 612,
            "BoundingBox3D Origin X": 48.88932711556663,
            "BoundingBox3D Origin Y": -3.965996366838226,
            "BoundingBox3D Origin Z": 5.110434856265783,
            "BoundingBox3D Extent X": 0.1,
            "BoundingBox3D Extent Y": 2.015689627696113,
            "BoundingBox3D Extent Z": 0.6071013615992222,
            "BoundingBox3D Orientation Quat W": 0.0439400646448362,
            "BoundingBox3D Orientation Quat X": 0.000230888845001,
            "BoundingBox3D Orientation Quat Y": 0.0114730704491214,
            "BoundingBox3D Orientation Quat Z": 0.9989682607890092,
            "ObjectType": "TRAFFIC_SIGN",
            "Occluded": {
                "F_MIDRANGECAM_C": 0.0019585289992392
            },
            "Truncated": 0,
            "ObjectMeta": {
                "SourceID": 612,
                "SubType": "unknown",
                "Text": "",
                "OcrVersion": 10006
            }
        },
        {
            "ActorName": "TRAFFIC_SIGN 613",
            "ObjectId": 613,
            "BoundingBox3D Origin X": 54.44890994374509,
            "BoundingBox3D Origin Y": -4.314413817948662,
            "BoundingBox3D Origin Z": 2.59258562233299,
            "BoundingBox3D Extent X": 0.1,
            "BoundingBox3D Extent Y": 0.821519601845871,
            "BoundingBox3D Extent Z": 1.04655705856691,
            "BoundingBox3D Orientation Quat W": 0.0448602504927099,
            "BoundingBox3D Orientation Quat X": 0.0002231372422075,
            "BoundingBox3D Orientation Quat Y": 0.0114731643485748,
            "BoundingBox3D Orientation Quat Z": 0.9989273620415716,
            "ObjectType": "TRAFFIC_SIGN",
            "Occluded": {
                "F_MIDRANGECAM_C": 5.459519059058948e-08
            },
            "Truncated": 0,
            "ObjectMeta": {
                "SourceID": 613,
                "SubType": "unknown",
                "Text": "AHEAD",
                "OcrVersion": 10006
            }
        },
        {
            "ActorName": "TRAFFIC_SIGN 614",
            "ObjectId": 614,
            "BoundingBox3D Origin X": 35.59458050412832,
            "BoundingBox3D Origin Y": 15.438314187136712,
            "BoundingBox3D Origin Z": 1.9403136810287835,
            "BoundingBox3D Extent X": 0.1,
            "BoundingBox3D Extent Y": 0.7431382892211243,
            "BoundingBox3D Extent Z": 0.8068183363710659,
            "BoundingBox3D Orientation Quat W": -0.394845400439891,
            "BoundingBox3D Orientation Quat X": 0.0052014593084148,
            "BoundingBox3D Orientation Quat Y": 0.0102366752753468,
            "BoundingBox3D Orientation Quat Z": 0.9186758215234752,
            "ObjectType": "TRAFFIC_SIGN",
            "Occluded": {
                "F_MIDRANGECAM_C": 0.6073415875434875
            },
            "Truncated": 0,
            "ObjectMeta": {
                "SourceID": 614,
                "SubType": "unknown",
                "Text": "",
                "OcrVersion": 10006
            }
        },
        {
            "ActorName": "TRAFFIC_SIGN 615",
            "ObjectId": 615,
            "BoundingBox3D Origin X": 43.53839115061783,
            "BoundingBox3D Origin Y": -11.30612924217712,
            "BoundingBox3D Origin Z": 2.6315587973222136,
            "BoundingBox3D Extent X": 0.1,
            "BoundingBox3D Extent Y": 0.7208321150109754,
            "BoundingBox3D Extent Z": 0.6150844709069305,
            "BoundingBox3D Orientation Quat W": 0.1685652198719263,
            "BoundingBox3D Orientation Quat X": -0.001208663793573,
            "BoundingBox3D Orientation Quat Y": 0.0114110321210459,
            "BoundingBox3D Orientation Quat Z": 0.9856237081804068,
            "ObjectType": "TRAFFIC_SIGN",
            "Occluded": {
                "F_MIDRANGECAM_C": 0.0074287420138716
            },
            "Truncated": 0,
            "ObjectMeta": {
                "SourceID": 615,
                "SubType": "us_yellow_ground_diamond_unknown",
                "Text": "",
                "OcrVersion": 10006
            }
        },
        {
            "ActorName": "TRAFFIC_SIGN 616",
            "ObjectId": 616,
            "BoundingBox3D Origin X": 68.9491360136144,
            "BoundingBox3D Origin Y": -4.328556353808381,
            "BoundingBox3D Origin Z": 3.041174439713359,
            "BoundingBox3D Extent X": 0.1,
            "BoundingBox3D Extent Y": 0.5572884027437033,
            "BoundingBox3D Extent Z": 0.5924573148805717,
            "BoundingBox3D Orientation Quat W": 0.0571818094542045,
            "BoundingBox3D Orientation Quat X": 8.054182744341787e-05,
            "BoundingBox3D Orientation Quat Y": 0.011475120356594,
            "BoundingBox3D Orientation Quat Z": 0.9982978292039696,
            "ObjectType": "TRAFFIC_SIGN",
            "Occluded": {
                "F_MIDRANGECAM_C": 0.5041397213935852
            },
            "Truncated": 0,
            "ObjectMeta": {
                "SourceID": 616,
                "SubType": "unknown",
                "Text": "",
                "OcrVersion": 10006
            }
        },
        {
            "ActorName": "TRAFFIC_SIGN 617",
            "ObjectId": 617,
            "BoundingBox3D Origin X": 48.34726106123344,
            "BoundingBox3D Origin Y": -4.628104693460045,
            "BoundingBox3D Origin Z": 3.002420282922685,
            "BoundingBox3D Extent X": 0.0999999999999999,
            "BoundingBox3D Extent Y": 0.7647942581555,
            "BoundingBox3D Extent Z": 0.185378029919662,
            "BoundingBox3D Orientation Quat W": 0.1815463791769809,
            "BoundingBox3D Orientation Quat X": -0.0013569322355007,
            "BoundingBox3D Orientation Quat Y": 0.0113943545099801,