{
    "CapturedObjects": [
        {
            "ActorName": "TRAFFIC_SIGN 604",
            "ObjectId": 604,
            "BoundingBox3D Origin X": 4.637979683269805,
            "BoundingBox3D Origin Y": 13.75475826402544,
            "BoundingBox3D Origin Z": 1.5334811341017485,
            "BoundingBox3D Extent X": 0.1,
            "BoundingBox3D Extent Y": 0.6542573677519435,
            "BoundingBox3D Extent Z": 0.6696639461456285,
            "BoundingBox3D Orientation Quat W": -0.4098444498637614,
            "BoundingBox3D Orientation Quat X": 0.0083482587848385,
            "BoundingBox3D Orientation Quat Y": 0.0158100612442435,
            "BoundingBox3D Orientation Quat Z": 0.9119801946613676,
            "ObjectType": "TRAFFIC_SIGN",
            "Occluded": {
                "F_CTCAM_L": 0.0
            },
            "Truncated": 0,
            "ObjectMeta": {
                "SourceID": 604,
                "SubType": "us_stop",
                "Text": "",
                "OcrVersion": 10006
            }
        },
        {
            "ActorName": "TRAFFIC_SIGN 605",
            "ObjectId": 605,
            "BoundingBox3D Origin X": 21.37939321685372,
            "BoundingBox3D Origin Y": -3.8129399915924296,
            "BoundingBox3D Origin Z": 5.443753474391997,
            "BoundingBox3D Extent X": 0.1,
            "BoundingBox3D Extent Y": 1.675241656574072,
            "BoundingBox3D Extent Z": 0.7136703424772214,
            "BoundingBox3D Orientation Quat W": 0.045862254555483,
            "BoundingBox3D Orientation Quat X": 0.000309533767382,
            "BoundingBox3D Orientation Quat Y": 0.0178705471365111,
            "BoundingBox3D Orientation Quat Z": 0.9987878660361152,
            "ObjectType": "TRAFFIC_SIGN",
            "Occluded": {
                "F_MIDRANGECAM_C": 0.002458609174937
            },
            "Truncated": 0,
            "ObjectMeta": {
                "SourceID": 605,
                "SubType": "unknown",
                "Text": "Bryson",
                "OcrVersion": 10006
            }
        },
        {
            "ActorName": "TRAFFIC_SIGN 606",
            "ObjectId": 606,
            "BoundingBox3D Origin X": 21.292526177983746,
            "BoundingBox3D Origin Y": 2.2499556372349616,
            "BoundingBox3D Origin Z": 6.92879356816411,
            "BoundingBox3D Extent X": 0.1,
            "BoundingBox3D Extent Y": 0.6808865710446399,
            "BoundingBox3D Extent Z": 0.8102549796546726,
            "BoundingBox3D Orientation Quat W": -0.0228506692533224,
            "BoundingBox3D Orientation Quat X": 0.0015380291696968,
            "BoundingBox3D Orientation Quat Y": 0.0178072196989061,
            "BoundingBox3D Orientation Quat Z": 0.9995791035768724,
            "ObjectType": "TRAFFIC_SIGN",
            "Occluded": {
                "F_MIDRANGECAM_C": 0.0016172348987311
            },
            "Truncated": 0,
            "ObjectMeta": {
                "SourceID": 606,
                "SubType": "us_white_ground_rectangle_unknown",
                "Text": "",
                "OcrVersion": 10006
            }
        },
        {
            "ActorName": "TRAFFIC_SIGN 607",
            "ObjectId": 607,
            "BoundingBox3D Origin X": 1.6945592702340946,
            "BoundingBox3D Origin Y": -10.681027457903838,
            "BoundingBox3D Origin Z": 2.845606243237853,
            "BoundingBox3D Extent X": 0.1,
            "BoundingBox3D Extent Y": 0.6534787456868417,
            "BoundingBox3D Extent Z": 0.6851783530544237,
            "BoundingBox3D Orientation Quat W": 0.3699732392255943,
            "BoundingBox3D Orientation Quat X": -0.0055518986052547,
            "BoundingBox3D Orientation Quat Y": 0.0169894766926858,
            "BoundingBox3D Orientation Quat Z": 0.928870462637556,
            "ObjectType": "TRAFFIC_SIGN",
            "Occluded": {
                "F_CTCAM_L": 0.0
            },
            "Truncated": 0,
            "ObjectMeta": {
                "SourceID": 607,
                "SubType": "us_yellow_ground_diamond_unknown",
                "Text": "OUTLET",
                "OcrVersion": 10006
            }
        },
        {
            "ActorName": "TRAFFIC_SIGN 608",
            "ObjectId": 608,
            "BoundingBox3D Origin X": 35.96001206604888,
            "BoundingBox3D Origin Y": -3.782395989692304,
            "BoundingBox3D Origin Z": 2.5667017763480544,
            "BoundingBox3D Extent X": 0.1,
            "BoundingBox3D Extent Y": 0.3973643084709372,
            "BoundingBox3D Extent Z": 0.4863847471929617,
            "BoundingBox3D Orientation Quat W": 0.0866897932154387,
            "BoundingBox3D Orientation Quat X": -0.0004172179677214,
            "BoundingBox3D Orientation Quat Y": 0.0178682697826141,
            "BoundingBox3D Orientation Quat Z": 0.9960750125449428,
            "ObjectType": "TRAFFIC_SIGN",
            "Occluded": {
                "F_MIDRANGECAM_C": 0.0111697847023606
            },
            "Truncated": 0,
            "ObjectMeta": {
                "SourceID": 608,
                "SubType": "us_yellow_ground_diamond_unknown",
                "Text": "11",
                "OcrVersion": 10006
            }
        },
        {
            "ActorName": "TRAFFIC_SIGN 609",
            "ObjectId": 609,
            "BoundingBox3D Origin X": 70.67594376990382,
            "BoundingBox3D Origin Y": -8.628862090728944,
            "BoundingBox3D Origin Z": 2.379599782638252,
            "BoundingBox3D Extent X": 0.1,
            "BoundingBox3D Extent Y": 0.4327197226534073,
            "BoundingBox3D Extent Z": 0.5787043291211466,
            "BoundingBox3D Orientation Quat W": 0.2089329470074291,
            "BoundingBox3D Orientation Quat X": -0.0026170033448979,
            "BoundingBox3D Orientation Quat Y": 0.0176804337008634,
            "BoundingBox3D Orientation Quat Z": 0.9777666271725748,
            "ObjectType": "TRAFFIC_SIGN",
            "Occluded": {
                "F_MIDRANGECAM_C": 0.9980838298797609
            },
            "Truncated": 0,
            "ObjectMeta": {
                "SourceID": 609,
                "SubType": "unknown",
                "Text": "",
                "OcrVersion": 10006
            }
        },
        {
            "ActorName": "TRAFFIC_SIGN 610",
            "ObjectId": 610,
            "BoundingBox3D Origin X": 82.58299019481092,
            "BoundingBox3D Origin Y": 12.341288765805077,
            "BoundingBox3D Origin Z": 1.9245350174605849,
            "BoundingBox3D Extent X": 0.1,
            "BoundingBox3D Extent Y": 0.5673764564289475,
            "BoundingBox3D Extent Z": 0.8397778011530023,
            "BoundingBox3D Orientation Quat W": -0.16944469945027,
            "BoundingBox3D Orientation Quat X": 0.0041432190285015,
            "BoundingBox3D Orientation Quat Y": 0.0173879604474835,
            "BoundingBox3D Orientation Quat Z": 0.9853775856978718,
            "ObjectType": "TRAFFIC_SIGN",
            "Occluded": {
                "F_MIDRANGECAM_C": 0.99919193983078
            },
            "Truncated": 0,
            "ObjectMeta": {
                "SourceID": 610,
                "SubType": "us_yellow_ground_diamond_unknown",
                "Text": "",
                "OcrVersion": 10006
            }
        },
        {
            "ActorName": "TRAFFIC_SIGN 611",
            "ObjectId": 611,
            "BoundingBox3D Origin X": 92.23804738245964,
            "BoundingBox3D Origin Y": -2.711393204925116,
            "BoundingBox3D Origin Z": 2.0788930812850595,
            "BoundingBox3D Extent X": 0.1,
            "BoundingBox3D Extent Y": 0.6647898721773063,
            "BoundingBox3D Extent Z": 0.4925958622564428,
            "BoundingBox3D Orientation Quat W": 0.0778881727136478,
            "BoundingBox3D Orientation Quat X": -0.0002548714312562,