{
    "CapturedObjects": [
        {
            "ActorName": "TRAFFIC_SIGN 604",
            "ObjectId": 604,
            "BoundingBox3D Origin X": 32.30265045721717,
            "BoundingBox3D Origin Y": 13.77711226887186,
            "BoundingBox3D Origin Z": 1.6079353410750628,
            "BoundingBox3D Extent X": 0.1,
            "BoundingBox3D Extent Y": 0.6542573677519435,
            "BoundingBox3D Extent Z": 0.6696639461456285,
            "BoundingBox3D Orientation Quat W": -0.4102359242338593,
            "BoundingBox3D Orientation Quat X": 0.0060320083419407,
            "BoundingBox3D Orientation Quat Y": 0.014634259405744,
            "BoundingBox3D Orientation Quat Z": 0.911842058579774,
            "ObjectType": "TRAFFIC_SIGN",
            "Occluded": {
                "F_MIDRANGECAM_C": 0.0545885562896728
            },
            "Truncated": 0,
            "ObjectMeta": {
                "SourceID": 604,
                "SubType": "us_stop",
                "Text": "",
                "OcrVersion": 10006
            }
        },
        {
            "ActorName": "TRAFFIC_SIGN 605",
            "ObjectId": 605,
            "BoundingBox3D Origin X": 49.04674904992771,
            "BoundingBox3D Origin Y": -3.791691812191857,
            "BoundingBox3D Origin Z": 5.501455281861126,
            "BoundingBox3D Extent X": 0.1,
            "BoundingBox3D Extent Y": 1.675241656574072,
            "BoundingBox3D Extent Z": 0.7136703424772214,
            "BoundingBox3D Orientation Quat W": 0.0454497131529095,
            "BoundingBox3D Orientation Quat X": -0.0012264768719371,
            "BoundingBox3D Orientation Quat Y": 0.015777087858776,
            "BoundingBox3D Orientation Quat Z": 0.9988412800978428,
            "ObjectType": "TRAFFIC_SIGN",
            "Occluded": {
                "F_MIDRANGECAM_C": 0.0042347973212599
            },
            "Truncated": 0,
            "ObjectMeta": {
                "SourceID": 605,
                "SubType": "unknown",
                "Text": "Bryson",
                "OcrVersion": 10006
            }
        },
        {
            "ActorName": "TRAFFIC_SIGN 606",
            "ObjectId": 606,
            "BoundingBox3D Origin X": 48.94973223487887,
            "BoundingBox3D Origin Y": 2.265109283878701,
            "BoundingBox3D Origin Z": 7.010723723098636,
            "BoundingBox3D Extent X": 0.1,
            "BoundingBox3D Extent Y": 0.6808865710446399,
            "BoundingBox3D Extent Z": 0.8102549796546726,
            "BoundingBox3D Orientation Quat W": -0.0232663763692363,
            "BoundingBox3D Orientation Quat X": -0.0001383183671068,
            "BoundingBox3D Orientation Quat Y": 0.0158241171096352,
            "BoundingBox3D Orientation Quat Z": 0.9996040485694196,
            "ObjectType": "TRAFFIC_SIGN",
            "Occluded": {
                "F_MIDRANGECAM_C": 0.0010745548643171
            },
            "Truncated": 0,
            "ObjectMeta": {
                "SourceID": 606,
                "SubType": "us_white_ground_rectangle_unknown",
                "Text": "",
                "OcrVersion": 10006
            }
        },
        {
            "ActorName": "TRAFFIC_SIGN 607",
            "ObjectId": 607,
            "BoundingBox3D Origin X": 29.37649125830285,
            "BoundingBox3D Origin Y": -10.66651535811252,
            "BoundingBox3D Origin Z": 2.8115976722911,
            "BoundingBox3D Extent X": 0.1,
            "BoundingBox3D Extent Y": 0.6534787456868417,
            "BoundingBox3D Extent Z": 0.6851783530544237,
            "BoundingBox3D Orientation Quat W": 0.3696042044834594,
            "BoundingBox3D Orientation Quat X": -0.006317981745957,
            "BoundingBox3D Orientation Quat Y": 0.014508862296777,
            "BoundingBox3D Orientation Quat Z": 0.9290545237227252,
            "ObjectType": "TRAFFIC_SIGN",
            "Occluded": {
                "F_MIDRANGECAM_C": 0.9168007969856262
            },
            "Truncated": 0,
            "ObjectMeta": {
                "SourceID": 607,
                "SubType": "us_yellow_ground_diamond_unknown",
                "Text": "OUTLET",
                "OcrVersion": 10006
            }
        },
        {
            "ActorName": "TRAFFIC_SIGN 608",
            "ObjectId": 608,
            "BoundingBox3D Origin X": 63.63659097540949,
            "BoundingBox3D Origin Y": -3.736726956442,
            "BoundingBox3D Origin Z": 2.6719458121806383,
            "BoundingBox3D Extent X": 0.1,
            "BoundingBox3D Extent Y": 0.3973643084709372,
            "BoundingBox3D Extent Z": 0.4863847471929617,
            "BoundingBox3D Orientation Quat W": 0.0862801300740603,
            "BoundingBox3D Orientation Quat X": -0.0018661820746456,
            "BoundingBox3D Orientation Quat Y": 0.0157137623227771,
            "BoundingBox3D Orientation Quat Z": 0.996145237499297,
            "ObjectType": "TRAFFIC_SIGN",
            "Occluded": {
                "F_MIDRANGECAM_C": 0.0090777119621634
            },
            "Truncated": 0,
            "ObjectMeta": {
                "SourceID": 608,
                "SubType": "us_yellow_ground_diamond_unknown",
                "Text": "11",
                "OcrVersion": 10006
            }
        },
        {
            "ActorName": "TRAFFIC_SIGN 609",
            "ObjectId": 609,
            "BoundingBox3D Origin X": 98.35720348945688,
            "BoundingBox3D Origin Y": -8.551990309730172,
            "BoundingBox3D Origin Z": 2.5780323203653097,
            "BoundingBox3D Extent X": 0.1,
            "BoundingBox3D Extent Y": 0.4327197226534073,
            "BoundingBox3D Extent Z": 0.5787043291211466,
            "BoundingBox3D Orientation Quat W": 0.2085363754916091,
            "BoundingBox3D Orientation Quat X": -0.0037887186246288,
            "BoundingBox3D Orientation Quat Y": 0.0153636600499573,
            "BoundingBox3D Orientation Quat Z": 0.977886590386572,
            "ObjectType": "TRAFFIC_SIGN",
            "Occluded": {
                "F_MIDRANGECAM_C": 0.452276736497879
            },
            "Truncated": 0,
            "ObjectMeta": {
                "SourceID": 609,
                "SubType": "unknown",
                "Text": "",
                "OcrVersion": 10006
            }
        },
        {
            "ActorName": "TRAFFIC_SIGN 610",
            "ObjectId": 610,
            "BoundingBox3D Origin X": 110.2472095737121,
            "BoundingBox3D Origin Y": 12.430400984711014,
            "BoundingBox3D Origin Z": 2.246517561376095,
            "BoundingBox3D Extent X": 0.1,
            "BoundingBox3D Extent Y": 0.5673764564289475,
            "BoundingBox3D Extent Z": 0.8397778011530023,
            "BoundingBox3D Orientation Quat W": -0.1698598841155027,
            "BoundingBox3D Orientation Quat X": 0.0021934345213374,
            "BoundingBox3D Orientation Quat Y": 0.0156723405523652,
            "BoundingBox3D Orientation Quat Z": 0.98534115226904,
            "ObjectType": "TRAFFIC_SIGN",
            "Occluded": {
                "F_MIDRANGECAM_C": 0.9975153207778932
            },
            "Truncated": 0,
            "ObjectMeta": {
                "SourceID": 610,
                "SubType": "us_yellow_ground_diamond_unknown",
                "Text": "",
                "OcrVersion": 10006
            }
        },
        {
            "ActorName": "TRAFFIC_SIGN 611",
            "ObjectId": 611,
            "BoundingBox3D Origin X": 119.91495759176904,
            "BoundingBox3D Origin Y": -2.6144119529635645,
            "BoundingBox3D Origin Z": 2.371333393268287,
            "BoundingBox3D Extent X": 0.1,
            "BoundingBox3D Extent Y": 0.6647898721773063,
            "BoundingBox3D Extent Z": 0.4925958622564428,
            "BoundingBox3D Orientation Quat W": 0.0774778154186758,
            "BoundingBox3D Orientation Quat X": -0.0017228330864058,