{
    "CapturedObjects": [
        {
            "ActorName": "TRAFFIC_SIGN 604",
            "ObjectId": 604,
            "BoundingBox3D Origin X": 21.828201996050662,
            "BoundingBox3D Origin Y": 13.75974620800116,
            "BoundingBox3D Origin Z": 1.5993768880143762,
            "BoundingBox3D Extent X": 0.1,
            "BoundingBox3D Extent Y": 0.6542573677519435,
            "BoundingBox3D Extent Z": 0.6696639461456285,
            "BoundingBox3D Orientation Quat W": -0.4113387369171655,
            "BoundingBox3D Orientation Quat X": 0.0066391403677691,
            "BoundingBox3D Orientation Quat Y": 0.0136161143675689,
            "BoundingBox3D Orientation Quat Z": 0.9113566627594804,
            "ObjectType": "TRAFFIC_SIGN",
            "Occluded": {
                "F_MIDRANGECAM_C": 5.212689939071424e-05
            },
            "Truncated": 0,
            "ObjectMeta": {
                "SourceID": 604,
                "SubType": "us_stop",
                "Text": "",
                "OcrVersion": 10006
            }
        },
        {
            "ActorName": "TRAFFIC_SIGN 605",
            "ObjectId": 605,
            "BoundingBox3D Origin X": 38.621984133978,
            "BoundingBox3D Origin Y": -3.7743182858393993,
            "BoundingBox3D Origin Z": 5.435681780800223,
            "BoundingBox3D Extent X": 0.1,
            "BoundingBox3D Extent Y": 1.675241656574072,
            "BoundingBox3D Extent Z": 0.7136703424772214,
            "BoundingBox3D Orientation Quat W": 0.0442461333457758,
            "BoundingBox3D Orientation Quat X": -0.0002237315959087,
            "BoundingBox3D Orientation Quat Y": 0.0151411257661616,
            "BoundingBox3D Orientation Quat Z": 0.9989058894303576,
            "ObjectType": "TRAFFIC_SIGN",
            "Occluded": {
                "F_MIDRANGECAM_C": 0.0094624087214469
            },
            "Truncated": 0,
            "ObjectMeta": {
                "SourceID": 605,
                "SubType": "unknown",
                "Text": "Bryson",
                "OcrVersion": 10006
            }
        },
        {
            "ActorName": "TRAFFIC_SIGN 606",
            "ObjectId": 606,
            "BoundingBox3D Origin X": 38.51349026505795,
            "BoundingBox3D Origin Y": 2.280144102551276,
            "BoundingBox3D Origin Z": 6.953395990654826,
            "BoundingBox3D Extent X": 0.1,
            "BoundingBox3D Extent Y": 0.6808865710446399,
            "BoundingBox3D Extent Z": 0.8102549796546726,
            "BoundingBox3D Orientation Quat W": -0.0244707397189958,
            "BoundingBox3D Orientation Quat X": 0.0008183870502848,
            "BoundingBox3D Orientation Quat Y": 0.0151211253092929,
            "BoundingBox3D Orientation Quat Z": 0.9995858465932884,
            "ObjectType": "TRAFFIC_SIGN",
            "Occluded": {
                "F_MIDRANGECAM_C": 0.0005714251892641
            },
            "Truncated": 0,
            "ObjectMeta": {
                "SourceID": 606,
                "SubType": "us_white_ground_rectangle_unknown",
                "Text": "",
                "OcrVersion": 10006
            }
        },
        {
            "ActorName": "TRAFFIC_SIGN 607",
            "ObjectId": 607,
            "BoundingBox3D Origin X": 18.962805553224825,
            "BoundingBox3D Origin Y": -10.692243436787976,
            "BoundingBox3D Origin Z": 2.7755401711910963,
            "BoundingBox3D Extent X": 0.1,
            "BoundingBox3D Extent Y": 0.6534787456868417,
            "BoundingBox3D Extent Z": 0.6851783530544237,
            "BoundingBox3D Orientation Quat W": 0.3684834814926317,
            "BoundingBox3D Orientation Quat X": -0.0051630305568478,
            "BoundingBox3D Orientation Quat Y": 0.0142344458240633,
            "BoundingBox3D Orientation Quat Z": 0.929510972250796,
            "ObjectType": "TRAFFIC_SIGN",
            "Occluded": {
                "F_MIDRANGECAM_C": 2.5764563815755537e-07
            },
            "Truncated": 0,
            "ObjectMeta": {
                "SourceID": 607,
                "SubType": "us_yellow_ground_diamond_unknown",
                "Text": "OUTLET",
                "OcrVersion": 10006
            }
        },
        {
            "ActorName": "TRAFFIC_SIGN 608",
            "ObjectId": 608,
            "BoundingBox3D Origin X": 53.206101053252496,
            "BoundingBox3D Origin Y": -3.6807850587938447,
            "BoundingBox3D Origin Z": 2.5772610381245613,
            "BoundingBox3D Extent X": 0.1,
            "BoundingBox3D Extent Y": 0.3973643084709372,
            "BoundingBox3D Extent Z": 0.4863847471929617,
            "BoundingBox3D Orientation Quat W": 0.0850796372642228,
            "BoundingBox3D Orientation Quat X": -0.0008382837428245,
            "BoundingBox3D Orientation Quat Y": 0.0151191655644379,
            "BoundingBox3D Orientation Quat Z": 0.9962590844935816,
            "ObjectType": "TRAFFIC_SIGN",
            "Occluded": {
                "F_MIDRANGECAM_C": 0.0042791552841663
            },
            "Truncated": 0,
            "ObjectMeta": {
                "SourceID": 608,
                "SubType": "us_yellow_ground_diamond_unknown",
                "Text": "11",
                "OcrVersion": 10006
            }
        },
        {
            "ActorName": "TRAFFIC_SIGN 609",
            "ObjectId": 609,
            "BoundingBox3D Origin X": 87.93805203431657,
            "BoundingBox3D Origin Y": -8.413230469392147,
            "BoundingBox3D Origin Z": 2.4077989663928747,
            "BoundingBox3D Extent X": 0.1,
            "BoundingBox3D Extent Y": 0.4327197226534073,
            "BoundingBox3D Extent Z": 0.5787043291211466,
            "BoundingBox3D Orientation Quat W": 0.2073572596302867,
            "BoundingBox3D Orientation Quat X": -0.0026955102158761,
            "BoundingBox3D Orientation Quat Y": 0.0148998796143555,
            "BoundingBox3D Orientation Quat Z": 0.9781480944574662,
            "ObjectType": "TRAFFIC_SIGN",
            "Occluded": {
                "F_MIDRANGECAM_C": 0.9971119165420532
            },
            "Truncated": 0,
            "ObjectMeta": {
                "SourceID": 609,
                "SubType": "unknown",
                "Text": "",
                "OcrVersion": 10006
            }
        },
        {
            "ActorName": "TRAFFIC_SIGN 610",
            "ObjectId": 610,
            "BoundingBox3D Origin X": 99.77729551883384,
            "BoundingBox3D Origin Y": 12.597708556771977,
            "BoundingBox3D Origin Z": 2.0812552524730563,
            "BoundingBox3D Extent X": 0.1,
            "BoundingBox3D Extent Y": 0.5673764564289475,
            "BoundingBox3D Extent Z": 0.8397778011530023,
            "BoundingBox3D Orientation Quat W": -0.1710475737287421,
            "BoundingBox3D Orientation Quat X": 0.0030363189626147,
            "BoundingBox3D Orientation Quat Y": 0.0148371529151196,
            "BoundingBox3D Orientation Quat Z": 0.9851463684052444,
            "ObjectType": "TRAFFIC_SIGN",
            "Occluded": {
                "F_MIDRANGECAM_C": 0.9749622941017152
            },
            "Truncated": 0,
            "ObjectMeta": {
                "SourceID": 610,
                "SubType": "us_yellow_ground_diamond_unknown",
                "Text": "",
                "OcrVersion": 10006
            }
        },
        {
            "ActorName": "TRAFFIC_SIGN 611",
            "ObjectId": 611,
            "BoundingBox3D Origin X": 109.48123024395954,
            "BoundingBox3D Origin Y": -2.4241162441612687,
            "BoundingBox3D Origin Z": 2.166358913294971,
            "BoundingBox3D Extent X": 0.1,
            "BoundingBox3D Extent Y": 0.6647898721773063,
            "BoundingBox3D Extent Z": 0.4925958622564428,
            "BoundingBox3D Orientation Quat W": 0.0762764855466266,
            "BoundingBox3D Orientation Quat X": -0.0007002182792884,