{
    "CapturedObjects": [
        {
            "ActorName": "TRAFFIC_SIGN 604",
            "ObjectId": 604,
            "BoundingBox3D Origin X": 7.508120013320877,
            "BoundingBox3D Origin Y": 13.819322061317507,
            "BoundingBox3D Origin Z": 1.5736646419391036,
            "BoundingBox3D Extent X": 0.1,
            "BoundingBox3D Extent Y": 0.6542573677519435,
            "BoundingBox3D Extent Z": 0.6696639461456285,
            "BoundingBox3D Orientation Quat W": -0.4142212496216628,
            "BoundingBox3D Orientation Quat X": 0.0080931202783154,
            "BoundingBox3D Orientation Quat Y": 0.0138444670177144,
            "BoundingBox3D Orientation Quat Z": 0.9100349380650308,
            "ObjectType": "TRAFFIC_SIGN",
            "Occluded": {
                "F_CTCAM_L": 0.0
            },
            "Truncated": 0,
            "ObjectMeta": {
                "SourceID": 604,
                "SubType": "us_stop",
                "Text": "",
                "OcrVersion": 10006
            }
        },
        {
            "ActorName": "TRAFFIC_SIGN 605",
            "ObjectId": 605,
            "BoundingBox3D Origin X": 24.421817999078485,
            "BoundingBox3D Origin Y": -3.602156677574385,
            "BoundingBox3D Origin Z": 5.395217196084559,
            "BoundingBox3D Extent X": 0.1,
            "BoundingBox3D Extent Y": 1.675241656574072,
            "BoundingBox3D Extent Z": 0.7136703424772214,
            "BoundingBox3D Orientation Quat W": 0.0410747460222424,
            "BoundingBox3D Orientation Quat X": 0.0009687546946251,
            "BoundingBox3D Orientation Quat Y": 0.0160013157021549,
            "BoundingBox3D Orientation Quat Z": 0.9990274694168074,
            "ObjectType": "TRAFFIC_SIGN",
            "Occluded": {
                "F_MIDRANGECAM_C": 0.0115776248276233
            },
            "Truncated": 0,
            "ObjectMeta": {
                "SourceID": 605,
                "SubType": "unknown",
                "Text": "Bryson",
                "OcrVersion": 10006
            }
        },
        {
            "ActorName": "TRAFFIC_SIGN 606",
            "ObjectId": 606,
            "BoundingBox3D Origin X": 24.27903216798586,
            "BoundingBox3D Origin Y": 2.453925127949333,
            "BoundingBox3D Origin Z": 6.9034597259014845,
            "BoundingBox3D Extent X": 0.1,
            "BoundingBox3D Extent Y": 0.6808865710446399,
            "BoundingBox3D Extent Z": 0.8102549796546726,
            "BoundingBox3D Orientation Quat W": -0.0276428783608052,
            "BoundingBox3D Orientation Quat X": 0.0020673286460746,
            "BoundingBox3D Orientation Quat Y": 0.0158970965516854,
            "BoundingBox3D Orientation Quat Z": 0.9994893094723049,
            "ObjectType": "TRAFFIC_SIGN",
            "Occluded": {
                "F_MIDRANGECAM_C": 2.8726284654112533e-05
            },
            "Truncated": 0,
            "ObjectMeta": {
                "SourceID": 606,
                "SubType": "us_white_ground_rectangle_unknown",
                "Text": "",
                "OcrVersion": 10006
            }
        },
        {
            "ActorName": "TRAFFIC_SIGN 607",
            "ObjectId": 607,
            "BoundingBox3D Origin X": 4.799955369278905,
            "BoundingBox3D Origin Y": -10.64822299662046,
            "BoundingBox3D Origin Z": 2.796469073742628,
            "BoundingBox3D Extent X": 0.1,
            "BoundingBox3D Extent Y": 0.6534787456868417,
            "BoundingBox3D Extent Z": 0.6851783530544237,
            "BoundingBox3D Orientation Quat W": 0.3655274738301051,
            "BoundingBox3D Orientation Quat X": -0.0043177273061335,
            "BoundingBox3D Orientation Quat Y": 0.0154388204800285,
            "BoundingBox3D Orientation Quat Z": 0.9306624876551526,
            "ObjectType": "TRAFFIC_SIGN",
            "Occluded": {
                "F_CTCAM_L": 0.0
            },
            "Truncated": 0,
            "ObjectMeta": {
                "SourceID": 607,
                "SubType": "us_yellow_ground_diamond_unknown",
                "Text": "OUTLET",
                "OcrVersion": 10006
            }
        },
        {
            "ActorName": "TRAFFIC_SIGN 608",
            "ObjectId": 608,
            "BoundingBox3D Origin X": 38.99767944971245,
            "BoundingBox3D Origin Y": -3.421255293273134,
            "BoundingBox3D Origin Z": 2.499392027035356,
            "BoundingBox3D Extent X": 0.1,
            "BoundingBox3D Extent Y": 0.3973643084709372,
            "BoundingBox3D Extent Z": 0.4863847471929617,
            "BoundingBox3D Orientation Quat W": 0.0819158875904366,
            "BoundingBox3D Orientation Quat X": 0.0003179149823854,
            "BoundingBox3D Orientation Quat Y": 0.0160276216674165,
            "BoundingBox3D Orientation Quat Z": 0.9965103118553372,
            "ObjectType": "TRAFFIC_SIGN",
            "Occluded": {
                "F_MIDRANGECAM_C": 0.001412181649357
            },
            "Truncated": 0,
            "ObjectMeta": {
                "SourceID": 608,
                "SubType": "us_yellow_ground_diamond_unknown",
                "Text": "11",
                "OcrVersion": 10006
            }
        },
        {
            "ActorName": "TRAFFIC_SIGN 609",
            "ObjectId": 609,
            "BoundingBox3D Origin X": 73.75815919397792,
            "BoundingBox3D Origin Y": -7.934766452701297,
            "BoundingBox3D Origin Z": 2.248770703561604,
            "BoundingBox3D Extent X": 0.1,
            "BoundingBox3D Extent Y": 0.4327197226534073,
            "BoundingBox3D Extent Z": 0.5787043291211466,
            "BoundingBox3D Orientation Quat W": 0.2042489947036078,
            "BoundingBox3D Orientation Quat X": -0.0016604109621779,
            "BoundingBox3D Orientation Quat Y": 0.0159446485958988,
            "BoundingBox3D Orientation Quat Z": 0.9787876988290952,
            "ObjectType": "TRAFFIC_SIGN",
            "Occluded": {
                "F_MIDRANGECAM_C": 0.9996496438980104
            },
            "Truncated": 0,
            "ObjectMeta": {
                "SourceID": 609,
                "SubType": "unknown",
                "Text": "",
                "OcrVersion": 10006
            }
        },
        {
            "ActorName": "TRAFFIC_SIGN 610",
            "ObjectId": 610,
            "BoundingBox3D Origin X": 85.46380845111344,
            "BoundingBox3D Origin Y": 13.149796788668027,
            "BoundingBox3D Origin Z": 1.858177308924496,
            "BoundingBox3D Extent X": 0.1,
            "BoundingBox3D Extent Y": 0.5673764564289475,
            "BoundingBox3D Extent Z": 0.8397778011530023,
            "BoundingBox3D Orientation Quat W": -0.1741704529858105,
            "BoundingBox3D Orientation Quat X": 0.0043862482658319,
            "BoundingBox3D Orientation Quat Y": 0.0154207889260714,
            "BoundingBox3D Orientation Quat Z": 0.9845849955193128,
            "ObjectType": "TRAFFIC_SIGN",
            "Occluded": {
                "F_MIDRANGECAM_C": 0.9993231296539308
            },
            "Truncated": 0,
            "ObjectMeta": {
                "SourceID": 610,
                "SubType": "us_yellow_ground_diamond_unknown",
                "Text": "",
                "OcrVersion": 10006
            }
        },
        {
            "ActorName": "TRAFFIC_SIGN 611",
            "ObjectId": 611,
            "BoundingBox3D Origin X": 95.26242068767168,
            "BoundingBox3D Origin Y": -1.8102993948268704,
            "BoundingBox3D Origin Z": 1.94263768196106,
            "BoundingBox3D Extent X": 0.1,
            "BoundingBox3D Extent Y": 0.6647898721773063,
            "BoundingBox3D Extent Z": 0.4925958622564428,
            "BoundingBox3D Orientation Quat W": 0.073110638126099,
            "BoundingBox3D Orientation Quat X": 0.0004639756551285,