{
    "CapturedObjects": [
        {
            "ActorName": "TRAFFIC_SIGN 610",
            "ObjectId": 610,
            "BoundingBox3D Origin X": 10.857954189363229,
            "BoundingBox3D Origin Y": 10.697268363845067,
            "BoundingBox3D Origin Z": 2.4178204657509923,
            "BoundingBox3D Extent X": 0.1,
            "BoundingBox3D Extent Y": 0.5673764564289475,
            "BoundingBox3D Extent Z": 0.8397778011530023,
            "BoundingBox3D Orientation Quat W": -0.1649745733427073,
            "BoundingBox3D Orientation Quat X": 0.0014331722131559,
            "BoundingBox3D Orientation Quat Y": 0.0117170740149152,
            "BoundingBox3D Orientation Quat Z": 0.9862271778572764,
            "ObjectType": "TRAFFIC_SIGN",
            "Occluded": {
                "F_MIDRANGECAM_C": 0.0941822752356529
            },
            "Truncated": 0,
            "ObjectMeta": {
                "SourceID": 610,
                "SubType": "us_yellow_ground_diamond_unknown",
                "Text": "",
                "OcrVersion": 10006
            }
        },
        {
            "ActorName": "TRAFFIC_SIGN 611",
            "ObjectId": 611,
            "BoundingBox3D Origin X": 20.37589437240331,
            "BoundingBox3D Origin Y": -4.443279921921203,
            "BoundingBox3D Origin Z": 2.4238475915044546,
            "BoundingBox3D Extent X": 0.1,
            "BoundingBox3D Extent Y": 0.6647898721773063,
            "BoundingBox3D Extent Z": 0.4925958622564428,
            "BoundingBox3D Orientation Quat W": 0.0824318392931446,
            "BoundingBox3D Orientation Quat X": -0.0014870697777047,
            "BoundingBox3D Orientation Quat Y": 0.0117083345584674,
            "BoundingBox3D Orientation Quat Z": 0.9965268161951748,
            "ObjectType": "TRAFFIC_SIGN",
            "Occluded": {
                "F_MIDRANGECAM_C": 0.0001519970828667
            },
            "Truncated": 0,
            "ObjectMeta": {
                "SourceID": 611,
                "SubType": "unknown",
                "Text": "P",
                "OcrVersion": 10006
            }
        },
        {
            "ActorName": "TRAFFIC_SIGN 612",
            "ObjectId": 612,
            "BoundingBox3D Origin X": 56.90770533484647,
            "BoundingBox3D Origin Y": -3.889018413843587,
            "BoundingBox3D Origin Z": 5.223764758557081,
            "BoundingBox3D Extent X": 0.1,
            "BoundingBox3D Extent Y": 2.015689627696113,
            "BoundingBox3D Extent Z": 0.6071013615992222,
            "BoundingBox3D Orientation Quat W": 0.0437891377336118,
            "BoundingBox3D Orientation Quat X": -0.0010310077642271,
            "BoundingBox3D Orientation Quat Y": 0.0117575624324997,
            "BoundingBox3D Orientation Quat Z": 0.998971074738995,
            "ObjectType": "TRAFFIC_SIGN",
            "Occluded": {
                "F_MIDRANGECAM_C": 0.00044453330338
            },
            "Truncated": 0,
            "ObjectMeta": {
                "SourceID": 612,
                "SubType": "unknown",
                "Text": "",
                "OcrVersion": 10006
            }
        },
        {
            "ActorName": "TRAFFIC_SIGN 613",
            "ObjectId": 613,
            "BoundingBox3D Origin X": 62.47359963747567,
            "BoundingBox3D Origin Y": -4.237293593672803,
            "BoundingBox3D Origin Z": 2.7200322607532144,
            "BoundingBox3D Extent X": 0.1,
            "BoundingBox3D Extent Y": 0.821519601845871,
            "BoundingBox3D Extent Z": 1.04655705856691,
            "BoundingBox3D Orientation Quat W": 0.0447093422909462,
            "BoundingBox3D Orientation Quat X": -0.0010390157550922,
            "BoundingBox3D Orientation Quat Y": 0.0117564949779342,
            "BoundingBox3D Orientation Quat Z": 0.998930317882086,
            "ObjectType": "TRAFFIC_SIGN",
            "Occluded": {
                "F_MIDRANGECAM_C": 4.207860797578178e-07
            },
            "Truncated": 0,
            "ObjectMeta": {
                "SourceID": 613,
                "SubType": "unknown",
                "Text": "AHEAD",
                "OcrVersion": 10006
            }
        },
        {
            "ActorName": "TRAFFIC_SIGN 614",
            "ObjectId": 614,
            "BoundingBox3D Origin X": 43.61476353254784,
            "BoundingBox3D Origin Y": 15.508806405967334,
            "BoundingBox3D Origin Z": 2.007525760680437,
            "BoundingBox3D Extent X": 0.1,
            "BoundingBox3D Extent Y": 0.7431382892211243,
            "BoundingBox3D Extent Z": 0.8068183363710659,
            "BoundingBox3D Orientation Quat W": -0.3949847671058071,
            "BoundingBox3D Orientation Quat X": 0.0041869784353138,
            "BoundingBox3D Orientation Quat Y": 0.011040347703932,
            "BoundingBox3D Orientation Quat Z": 0.9186117861689614,
            "ObjectType": "TRAFFIC_SIGN",
            "Occluded": {
                "F_MIDRANGECAM_C": 0.9998014569282532
            },
            "Truncated": 0,
            "ObjectMeta": {
                "SourceID": 614,
                "SubType": "unknown",
                "Text": "",
                "OcrVersion": 10006
            }
        },
        {
            "ActorName": "TRAFFIC_SIGN 615",
            "ObjectId": 615,
            "BoundingBox3D Origin X": 51.56539314544534,
            "BoundingBox3D Origin Y": -11.23265167180216,
            "BoundingBox3D Origin Z": 2.736461757682264,
            "BoundingBox3D Extent X": 0.1,
            "BoundingBox3D Extent Y": 0.7208321150109754,
            "BoundingBox3D Extent Z": 0.6150844709069305,
            "BoundingBox3D Orientation Quat W": 0.1684179488710984,
            "BoundingBox3D Orientation Quat X": -0.0024955436140211,
            "BoundingBox3D Orientation Quat Y": 0.0115354287365302,
            "BoundingBox3D Orientation Quat Z": 0.98564501756159,
            "ObjectType": "TRAFFIC_SIGN",
            "Occluded": {
                "F_MIDRANGECAM_C": 0.9987599849700928
            },
            "Truncated": 0,
            "ObjectMeta": {
                "SourceID": 615,
                "SubType": "us_yellow_ground_diamond_unknown",
                "Text": "",
                "OcrVersion": 10006
            }
        },
        {
            "ActorName": "TRAFFIC_SIGN 616",
            "ObjectId": 616,
            "BoundingBox3D Origin X": 76.97251543015318,
            "BoundingBox3D Origin Y": -4.246300824015634,
            "BoundingBox3D Origin Z": 3.2048000786453485,
            "BoundingBox3D Extent X": 0.1,
            "BoundingBox3D Extent Y": 0.5572884027437033,
            "BoundingBox3D Extent Z": 0.5924573148805717,
            "BoundingBox3D Orientation Quat W": 0.0570311545528411,
            "BoundingBox3D Orientation Quat X": -0.0011849424775777,
            "BoundingBox3D Orientation Quat Y": 0.0117428649307645,
            "BoundingBox3D Orientation Quat Z": 0.998302633696272,
            "ObjectType": "TRAFFIC_SIGN",
            "Occluded": {
                "F_MIDRANGECAM_C": 0.372856855392456
            },
            "Truncated": 0,
            "ObjectMeta": {
                "SourceID": 616,
                "SubType": "unknown",
                "Text": "",
                "OcrVersion": 10006
            }
        },
        {
            "ActorName": "TRAFFIC_SIGN 617",
            "ObjectId": 617,
            "BoundingBox3D Origin X": 56.37111381848536,
            "BoundingBox3D Origin Y": -4.552740808954695,
            "BoundingBox3D Origin Z": 3.114853044971824,
            "BoundingBox3D Extent X": 0.0999999999999999,
            "BoundingBox3D Extent Y": 0.7647942581555,
            "BoundingBox3D Extent Z": 0.185378029919662,
            "BoundingBox3D Orientation Quat W": 0.1813996224507718,
            "BoundingBox3D Orientation Quat X": -0.0026452691453139,
            "BoundingBox3D Orientation Quat Y": 0.011501752975964,