{
    "CapturedObjects": [
        {
            "ActorName": "TRAFFIC_SIGN 608",
            "ObjectId": 608,
            "BoundingBox3D Origin X": 10.567660166008864,
            "BoundingBox3D Origin Y": -4.842701717658201,
            "BoundingBox3D Origin Z": 2.815638208761812,
            "BoundingBox3D Extent X": 0.1,
            "BoundingBox3D Extent Y": 0.3973643084709372,
            "BoundingBox3D Extent Z": 0.4863847471929617,
            "BoundingBox3D Orientation Quat W": 0.0994662382399145,
            "BoundingBox3D Orientation Quat X": -0.0026832137074329,
            "BoundingBox3D Orientation Quat Y": 0.0193450881329247,
            "BoundingBox3D Orientation Quat Z": 0.9948492525904262,
            "ObjectType": "TRAFFIC_SIGN",
            "Occluded": {
                "F_MIDRANGECAM_C": 0.0001453314034733
            },
            "Truncated": 0,
            "ObjectMeta": {
                "SourceID": 608,
                "SubType": "us_yellow_ground_diamond_unknown",
                "Text": "11",
                "OcrVersion": 10006
            }
        },
        {
            "ActorName": "TRAFFIC_SIGN 609",
            "ObjectId": 609,
            "BoundingBox3D Origin X": 45.14865871328038,
            "BoundingBox3D Origin Y": -10.57605332575622,
            "BoundingBox3D Origin Z": 2.809724383056164,
            "BoundingBox3D Extent X": 0.1,
            "BoundingBox3D Extent Y": 0.4327197226534073,
            "BoundingBox3D Extent Z": 0.5787043291211466,
            "BoundingBox3D Orientation Quat W": 0.2214613868571998,
            "BoundingBox3D Orientation Quat X": -0.0050479694941622,
            "BoundingBox3D Orientation Quat Y": 0.0188662154429606,
            "BoundingBox3D Orientation Quat Z": 0.9749735576158624,
            "ObjectType": "TRAFFIC_SIGN",
            "Occluded": {
                "F_MIDRANGECAM_C": 0.9420211315155028
            },
            "Truncated": 0,
            "ObjectMeta": {
                "SourceID": 609,
                "SubType": "unknown",
                "Text": "",
                "OcrVersion": 10006
            }
        },
        {
            "ActorName": "TRAFFIC_SIGN 610",
            "ObjectId": 610,
            "BoundingBox3D Origin X": 57.59066029917449,
            "BoundingBox3D Origin Y": 10.081078320828963,
            "BoundingBox3D Origin Z": 2.3419514019042253,
            "BoundingBox3D Extent X": 0.1,
            "BoundingBox3D Extent Y": 0.5673764564289475,
            "BoundingBox3D Extent Z": 0.8397778011530023,
            "BoundingBox3D Orientation Quat W": -0.1567765478348269,
            "BoundingBox3D Orientation Quat X": 0.0023272458737184,
            "BoundingBox3D Orientation Quat Y": 0.0193926638166509,
            "BoundingBox3D Orientation Quat Z": 0.9874409463688104,
            "ObjectType": "TRAFFIC_SIGN",
            "Occluded": {
                "F_MIDRANGECAM_C": 0.9999815225601196
            },
            "Truncated": 0,
            "ObjectMeta": {
                "SourceID": 610,
                "SubType": "us_yellow_ground_diamond_unknown",
                "Text": "",
                "OcrVersion": 10006
            }
        },
        {
            "ActorName": "TRAFFIC_SIGN 611",
            "ObjectId": 611,
            "BoundingBox3D Origin X": 66.85637168266658,
            "BoundingBox3D Origin Y": -5.2130172833567485,
            "BoundingBox3D Origin Z": 2.592027712613344,
            "BoundingBox3D Extent X": 0.1,
            "BoundingBox3D Extent Y": 0.6647898721773063,
            "BoundingBox3D Extent Z": 0.4925958622564428,
            "BoundingBox3D Orientation Quat W": 0.0906749101514011,
            "BoundingBox3D Orientation Quat X": -0.002507725870836,
            "BoundingBox3D Orientation Quat Y": 0.0193684217257442,
            "BoundingBox3D Orientation Quat Z": 0.995689025860909,
            "ObjectType": "TRAFFIC_SIGN",
            "Occluded": {
                "F_MIDRANGECAM_C": 0.9940288066864014
            },
            "Truncated": 0,
            "ObjectMeta": {
                "SourceID": 611,
                "SubType": "unknown",
                "Text": "P",
                "OcrVersion": 10006
            }
        },
        {
            "ActorName": "TRAFFIC_SIGN 612",
            "ObjectId": 612,
            "BoundingBox3D Origin X": 103.39009416934095,
            "BoundingBox3D Origin Y": -5.220594580110628,
            "BoundingBox3D Origin Z": 5.423096030950546,
            "BoundingBox3D Extent X": 0.1,
            "BoundingBox3D Extent Y": 2.015689627696113,
            "BoundingBox3D Extent Z": 0.6071013615992222,
            "BoundingBox3D Orientation Quat W": 0.052058768477301,
            "BoundingBox3D Orientation Quat X": -0.0017541752053191,
            "BoundingBox3D Orientation Quat Y": 0.0194512974858903,
            "BoundingBox3D Orientation Quat Z": 0.9984530307030428,
            "ObjectType": "TRAFFIC_SIGN",
            "Occluded": {
                "F_MIDRANGECAM_C": 0.0224901624023914
            },
            "Truncated": 0,
            "ObjectMeta": {
                "SourceID": 612,
                "SubType": "unknown",
                "Text": "",
                "OcrVersion": 10006
            }
        },
        {
            "ActorName": "TRAFFIC_SIGN 613",
            "ObjectId": 613,
            "BoundingBox3D Origin X": 108.95155890564092,
            "BoundingBox3D Origin Y": -5.699592412391212,
            "BoundingBox3D Origin Z": 2.9311309307813644,
            "BoundingBox3D Extent X": 0.1,
            "BoundingBox3D Extent Y": 0.821519601845871,
            "BoundingBox3D Extent Z": 1.04655705856691,
            "BoundingBox3D Orientation Quat W": 0.0529785069834834,
            "BoundingBox3D Orientation Quat X": -0.0017692751749659,
            "BoundingBox3D Orientation Quat Y": 0.0194495395965249,
            "BoundingBox3D Orientation Quat Z": 0.9984046588796744,
            "ObjectType": "TRAFFIC_SIGN",
            "Occluded": {
                "F_MIDRANGECAM_C": 5.651361425407231e-05
            },
            "Truncated": 0,
            "ObjectMeta": {
                "SourceID": 613,
                "SubType": "unknown",
                "Text": "AHEAD",
                "OcrVersion": 10006
            }
        },
        {
            "ActorName": "TRAFFIC_SIGN 614",
            "ObjectId": 614,
            "BoundingBox3D Origin X": 90.42313596037457,
            "BoundingBox3D Origin Y": 14.342615579458652,
            "BoundingBox3D Origin Z": 1.8933582408353689,
            "BoundingBox3D Extent X": 0.1,
            "BoundingBox3D Extent Y": 0.7431382892211243,
            "BoundingBox3D Extent Z": 0.8068183363710659,
            "BoundingBox3D Orientation Quat W": -0.387310445613898,
            "BoundingBox3D Orientation Quat X": 0.0068834723975291,
            "BoundingBox3D Orientation Quat Y": 0.0182828664958417,
            "BoundingBox3D Orientation Quat Z": 0.92174235734223,
            "ObjectType": "TRAFFIC_SIGN",
            "Occluded": {
                "F_MIDRANGECAM_C": 0.9994218349456788
            },
            "Truncated": 0,
            "ObjectMeta": {
                "SourceID": 614,
                "SubType": "unknown",
                "Text": "",
                "OcrVersion": 10006
            }
        },
        {
            "ActorName": "TRAFFIC_SIGN 615",
            "ObjectId": 615,
            "BoundingBox3D Origin X": 97.92887090091426,
            "BoundingBox3D Origin Y": -12.51224078188534,
            "BoundingBox3D Origin Z": 3.0435439478605986,
            "BoundingBox3D Extent X": 0.1,
            "BoundingBox3D Extent Y": 0.7208321150109754,
            "BoundingBox3D Extent Z": 0.6150844709069305,
            "BoundingBox3D Orientation Quat W": 0.1765569325875112,
            "BoundingBox3D Orientation Quat X": -0.0041760216834608,
            "BoundingBox3D Orientation Quat Y": 0.0190786476536363,