{
    "CapturedObjects": [
        {
            "ActorName": "TRAFFIC_SIGN 609",
            "ObjectId": 609,
            "BoundingBox3D Origin X": 22.227928804491057,
            "BoundingBox3D Origin Y": -9.98355743321008,
            "BoundingBox3D Origin Z": 2.70493708178401,
            "BoundingBox3D Extent X": 0.1,
            "BoundingBox3D Extent Y": 0.4327197226534073,
            "BoundingBox3D Extent Z": 0.5787043291211466,
            "BoundingBox3D Orientation Quat W": 0.2112670321496816,
            "BoundingBox3D Orientation Quat X": -0.0036442115676942,
            "BoundingBox3D Orientation Quat Y": 0.0189965586631292,
            "BoundingBox3D Orientation Quat Z": 0.977236967990709,
            "ObjectType": "TRAFFIC_SIGN",
            "Occluded": {
                "F_MIDRANGECAM_C": 0.0002682965423446
            },
            "Truncated": 0,
            "ObjectMeta": {
                "SourceID": 609,
                "SubType": "unknown",
                "Text": "",
                "OcrVersion": 10006
            }
        },
        {
            "ActorName": "TRAFFIC_SIGN 610",
            "ObjectId": 610,
            "BoundingBox3D Origin X": 34.23532149452694,
            "BoundingBox3D Origin Y": 10.928426900150953,
            "BoundingBox3D Origin Z": 2.20549790840596,
            "BoundingBox3D Extent X": 0.1,
            "BoundingBox3D Extent Y": 0.5673764564289475,
            "BoundingBox3D Extent Z": 0.8397778011530023,
            "BoundingBox3D Orientation Quat W": -0.1670827812209004,
            "BoundingBox3D Orientation Quat X": 0.0036774000897861,
            "BoundingBox3D Orientation Quat Y": 0.0189916382740441,
            "BoundingBox3D Orientation Quat Z": 0.9857530819752665,
            "ObjectType": "TRAFFIC_SIGN",
            "Occluded": {
                "F_MIDRANGECAM_C": 0.4865306615829468
            },
            "Truncated": 0,
            "ObjectMeta": {
                "SourceID": 610,
                "SubType": "us_yellow_ground_diamond_unknown",
                "Text": "",
                "OcrVersion": 10006
            }
        },
        {
            "ActorName": "TRAFFIC_SIGN 611",
            "ObjectId": 611,
            "BoundingBox3D Origin X": 43.81838639349735,
            "BoundingBox3D Origin Y": -4.169508616963867,
            "BoundingBox3D Origin Z": 2.4199887001886964,
            "BoundingBox3D Extent X": 0.1,
            "BoundingBox3D Extent Y": 0.6647898721773063,
            "BoundingBox3D Extent Z": 0.4925958622564428,
            "BoundingBox3D Orientation Quat W": 0.0802710292398857,
            "BoundingBox3D Orientation Quat X": -0.0010996395693691,
            "BoundingBox3D Orientation Quat Y": 0.0193121692870106,
            "BoundingBox3D Orientation Quat Z": 0.99658536652663,
            "ObjectType": "TRAFFIC_SIGN",
            "Occluded": {
                "F_MIDRANGECAM_C": 0.0046305865980684
            },
            "Truncated": 0,
            "ObjectMeta": {
                "SourceID": 611,
                "SubType": "unknown",
                "Text": "P",
                "OcrVersion": 10006
            }
        },
        {
            "ActorName": "TRAFFIC_SIGN 612",
            "ObjectId": 612,
            "BoundingBox3D Origin X": 80.35321214232408,
            "BoundingBox3D Origin Y": -3.417121011647396,
            "BoundingBox3D Origin Z": 5.134323886595666,
            "BoundingBox3D Extent X": 0.1,
            "BoundingBox3D Extent Y": 2.015689627696113,
            "BoundingBox3D Extent Z": 0.6071013615992222,
            "BoundingBox3D Orientation Quat W": 0.0416279286129025,
            "BoundingBox3D Orientation Quat X": -0.000349489212766,
            "BoundingBox3D Orientation Quat Y": 0.0193405489675787,
            "BoundingBox3D Orientation Quat Z": 0.9989459127411862,
            "ObjectType": "TRAFFIC_SIGN",
            "Occluded": {
                "F_MIDRANGECAM_C": 0.0023375989403575
            },
            "Truncated": 0,
            "ObjectMeta": {
                "SourceID": 612,
                "SubType": "unknown",
                "Text": "",
                "OcrVersion": 10006
            }
        },
        {
            "ActorName": "TRAFFIC_SIGN 613",
            "ObjectId": 613,
            "BoundingBox3D Origin X": 85.91542746087362,
            "BoundingBox3D Origin Y": -3.779402373271296,
            "BoundingBox3D Origin Z": 2.6244163643568754,
            "BoundingBox3D Extent X": 0.1,
            "BoundingBox3D Extent Y": 0.821519601845871,
            "BoundingBox3D Extent Z": 1.04655705856691,
            "BoundingBox3D Orientation Quat W": 0.0425481271229278,
            "BoundingBox3D Orientation Quat X": -0.0003644827174301,
            "BoundingBox3D Orientation Quat Y": 0.0193401157689219,
            "BoundingBox3D Orientation Quat Z": 0.9989071448101292,
            "ObjectType": "TRAFFIC_SIGN",
            "Occluded": {
                "F_MIDRANGECAM_C": 3.606337486417033e-07
            },
            "Truncated": 0,
            "ObjectMeta": {
                "SourceID": 613,
                "SubType": "unknown",
                "Text": "AHEAD",
                "OcrVersion": 10006
            }
        },
        {
            "ActorName": "TRAFFIC_SIGN 614",
            "ObjectId": 614,
            "BoundingBox3D Origin X": 66.97027212217199,
            "BoundingBox3D Origin Y": 15.87297262600623,
            "BoundingBox3D Origin Z": 1.6536824936047196,
            "BoundingBox3D Extent X": 0.1,
            "BoundingBox3D Extent Y": 0.7431382892211243,
            "BoundingBox3D Extent Z": 0.8068183363710659,
            "BoundingBox3D Orientation Quat W": -0.3969204645431364,
            "BoundingBox3D Orientation Quat X": 0.008099015710261,
            "BoundingBox3D Orientation Quat Y": 0.017571100924217,
            "BoundingBox3D Orientation Quat Z": 0.9176490653750466,
            "ObjectType": "TRAFFIC_SIGN",
            "Occluded": {
                "F_MIDRANGECAM_C": 0.9996323585510254
            },
            "Truncated": 0,
            "ObjectMeta": {
                "SourceID": 614,
                "SubType": "unknown",
                "Text": "",
                "OcrVersion": 10006
            }
        },
        {
            "ActorName": "TRAFFIC_SIGN 615",
            "ObjectId": 615,
            "BoundingBox3D Origin X": 75.03747790057423,
            "BoundingBox3D Origin Y": -10.820191299979342,
            "BoundingBox3D Origin Z": 2.7693786025047302,
            "BoundingBox3D Extent X": 0.1,
            "BoundingBox3D Extent Y": 0.7208321150109754,
            "BoundingBox3D Extent Z": 0.6150844709069305,
            "BoundingBox3D Orientation Quat W": 0.1662697006229137,
            "BoundingBox3D Orientation Quat X": -0.0027679778588839,
            "BoundingBox3D Orientation Quat Y": 0.019144585561116,
            "BoundingBox3D Orientation Quat Z": 0.9858905668465604,
            "ObjectType": "TRAFFIC_SIGN",
            "Occluded": {
                "F_MIDRANGECAM_C": 0.0012165692169219
            },
            "Truncated": 0,
            "ObjectMeta": {
                "SourceID": 615,
                "SubType": "us_yellow_ground_diamond_unknown",
                "Text": "",
                "OcrVersion": 10006
            }
        },
        {
            "ActorName": "TRAFFIC_SIGN 616",
            "ObjectId": 616,
            "BoundingBox3D Origin X": 100.41524273196865,
            "BoundingBox3D Origin Y": -3.719207166053821,
            "BoundingBox3D Origin Z": 3.0787451127544045,
            "BoundingBox3D Extent X": 0.1,
            "BoundingBox3D Extent Y": 0.5572884027437033,
            "BoundingBox3D Extent Z": 0.5924573148805717,
            "BoundingBox3D Orientation Quat W": 0.0548697391708167,
            "BoundingBox3D Orientation Quat X": -0.0006040321294599,
            "BoundingBox3D Orientation Quat Y": 0.0193342772999992,