{
    "CapturedObjects": [
        {
            "ActorName": "TRAFFIC_SIGN 605",
            "ObjectId": 605,
            "BoundingBox3D Origin X": 16.070378051466832,
            "BoundingBox3D Origin Y": -4.340369608034962,
            "BoundingBox3D Origin Z": 5.226601473987103,
            "BoundingBox3D Extent X": 0.1,
            "BoundingBox3D Extent Y": 1.675241656574072,
            "BoundingBox3D Extent Z": 0.7136703424772214,
            "BoundingBox3D Orientation Quat W": 0.0557574186610663,
            "BoundingBox3D Orientation Quat X": 0.0046995440522343,
            "BoundingBox3D Orientation Quat Y": 0.0060332303220713,
            "BoundingBox3D Orientation Quat Z": 0.9984150563176802,
            "ObjectType": "TRAFFIC_SIGN",
            "Occluded": {
                "F_MIDRANGECAM_C": 0.0011130605125799
            },
            "Truncated": 0,
            "ObjectMeta": {
                "SourceID": 605,
                "SubType": "unknown",
                "Text": "Bryson",
                "OcrVersion": 10006
            }
        },
        {
            "ActorName": "TRAFFIC_SIGN 606",
            "ObjectId": 606,
            "BoundingBox3D Origin X": 16.11568765006814,
            "BoundingBox3D Origin Y": 1.685509736984386,
            "BoundingBox3D Origin Z": 6.857077888213098,
            "BoundingBox3D Extent X": 0.1,
            "BoundingBox3D Extent Y": 0.6808865710446399,
            "BoundingBox3D Extent Z": 0.8102549796546726,
            "BoundingBox3D Orientation Quat W": -0.0129531713959964,
            "BoundingBox3D Orientation Quat X": 0.0051044783432633,
            "BoundingBox3D Orientation Quat Y": 0.0056962376464334,
            "BoundingBox3D Orientation Quat Z": 0.9998868498626754,
            "ObjectType": "TRAFFIC_SIGN",
            "Occluded": {
                "F_MIDRANGECAM_C": 0.9815794229507446
            },
            "Truncated": 0,
            "ObjectMeta": {
                "SourceID": 606,
                "SubType": "us_white_ground_rectangle_unknown",
                "Text": "",
                "OcrVersion": 10006
            }
        },
        {
            "ActorName": "TRAFFIC_SIGN 608",
            "ObjectId": 608,
            "BoundingBox3D Origin X": 30.627959845740406,
            "BoundingBox3D Origin Y": -4.530284905369626,
            "BoundingBox3D Origin Z": 2.240836870856583,
            "BoundingBox3D Extent X": 0.1,
            "BoundingBox3D Extent Y": 0.3973643084709372,
            "BoundingBox3D Extent Z": 0.4863847471929617,
            "BoundingBox3D Orientation Quat W": 0.0965613878663342,
            "BoundingBox3D Orientation Quat X": 0.0044535172521674,
            "BoundingBox3D Orientation Quat Y": 0.006220469785553,
            "BoundingBox3D Orientation Quat Z": 0.995297629010066,
            "ObjectType": "TRAFFIC_SIGN",
            "Occluded": {
                "F_MIDRANGECAM_C": 0.0002338359772693
            },
            "Truncated": 0,
            "ObjectMeta": {
                "SourceID": 608,
                "SubType": "us_yellow_ground_diamond_unknown",
                "Text": "11",
                "OcrVersion": 10006
            }
        },
        {
            "ActorName": "TRAFFIC_SIGN 609",
            "ObjectId": 609,
            "BoundingBox3D Origin X": 65.23759727050492,
            "BoundingBox3D Origin Y": -10.059834954183316,
            "BoundingBox3D Origin Z": 1.6749647492542863,
            "BoundingBox3D Extent X": 0.1,
            "BoundingBox3D Extent Y": 0.4327197226534073,
            "BoundingBox3D Extent Z": 0.5787043291211466,
            "BoundingBox3D Orientation Quat W": 0.218633656829314,
            "BoundingBox3D Orientation Quat X": 0.0036539590414695,
            "BoundingBox3D Orientation Quat Y": 0.0067226751661284,
            "BoundingBox3D Orientation Quat Z": 0.9757770126024572,
            "ObjectType": "TRAFFIC_SIGN",
            "Occluded": {
                "F_MIDRANGECAM_C": 0.9996157884597778
            },
            "Truncated": 0,
            "ObjectMeta": {
                "SourceID": 609,
                "SubType": "unknown",
                "Text": "",
                "OcrVersion": 10006
            }
        },
        {
            "ActorName": "TRAFFIC_SIGN 610",
            "ObjectId": 610,
            "BoundingBox3D Origin X": 77.55944644294505,
            "BoundingBox3D Origin Y": 10.674420580166045,
            "BoundingBox3D Origin Z": 1.632294344715774,
            "BoundingBox3D Extent X": 0.1,
            "BoundingBox3D Extent Y": 0.5673764564289475,
            "BoundingBox3D Extent Z": 0.8397778011530023,
            "BoundingBox3D Orientation Quat W": -0.1596989906194635,
            "BoundingBox3D Orientation Quat X": 0.0058916282599237,
            "BoundingBox3D Orientation Quat Y": 0.0048841936840043,
            "BoundingBox3D Orientation Quat Z": 0.9871360928279486,
            "ObjectType": "TRAFFIC_SIGN",
            "Occluded": {
                "F_MIDRANGECAM_C": 0.9991536140441896
            },
            "Truncated": 0,
            "ObjectMeta": {
                "SourceID": 610,
                "SubType": "us_yellow_ground_diamond_unknown",
                "Text": "",
                "OcrVersion": 10006
            }
        },
        {
            "ActorName": "TRAFFIC_SIGN 611",
            "ObjectId": 611,
            "BoundingBox3D Origin X": 86.91147120713867,
            "BoundingBox3D Origin Y": -4.566534099751152,
            "BoundingBox3D Origin Z": 1.352932097390294,
            "BoundingBox3D Extent X": 0.1,
            "BoundingBox3D Extent Y": 0.6647898721773063,
            "BoundingBox3D Extent Z": 0.4925958622564428,
            "BoundingBox3D Orientation Quat W": 0.0877661811490737,
            "BoundingBox3D Orientation Quat X": 0.0045127777720398,
            "BoundingBox3D Orientation Quat Y": 0.0061812749751273,
            "BoundingBox3D Orientation Quat Z": 0.9961117026332788,
            "ObjectType": "TRAFFIC_SIGN",
            "Occluded": {
                "F_MIDRANGECAM_C": 0.99986732006073
            },
            "Truncated": 0,
            "ObjectMeta": {
                "SourceID": 611,
                "SubType": "unknown",
                "Text": "P",
                "OcrVersion": 10006
            }
        },
        {
            "ActorName": "TRAFFIC_SIGN 612",
            "ObjectId": 612,
            "BoundingBox3D Origin X": 123.47560457285,
            "BoundingBox3D Origin Y": -4.43922459728492,
            "BoundingBox3D Origin Z": 3.757938154041767,
            "BoundingBox3D Extent X": 0.1,
            "BoundingBox3D Extent Y": 2.015689627696113,
            "BoundingBox3D Extent Z": 0.6071013615992222,
            "BoundingBox3D Orientation Quat W": 0.0491359792034604,
            "BoundingBox3D Orientation Quat X": 0.0047504464982463,
            "BoundingBox3D Orientation Quat Y": 0.006002174358942,
            "BoundingBox3D Orientation Quat Z": 0.998762765980365,
            "ObjectType": "TRAFFIC_SIGN",
            "Occluded": {
                "F_MIDRANGECAM_C": 0.9970412850379944
            },
            "Truncated": 0,
            "ObjectMeta": {
                "SourceID": 612,
                "SubType": "unknown",
                "Text": "",
                "OcrVersion": 10006
            }
        },
        {
            "ActorName": "TRAFFIC_SIGN 613",
            "ObjectId": 613,
            "BoundingBox3D Origin X": 129.00988831948052,
            "BoundingBox3D Origin Y": -4.817120291249012,
            "BoundingBox3D Origin Z": 1.1892418339848518,
            "BoundingBox3D Extent X": 0.1,
            "BoundingBox3D Extent Y": 0.821519601845871,
            "BoundingBox3D Extent Z": 1.04655705856691,
            "BoundingBox3D Orientation Quat W": 0.05005596259476,
            "BoundingBox3D Orientation Quat X": 0.0047477346895748,
            "BoundingBox3D Orientation Quat Y": 0.0060064237994316,