{
    "CapturedObjects": [
        {
            "ActorName": "TRAFFIC_SIGN 608",
            "ObjectId": 608,
            "BoundingBox3D Origin X": 6.649897768327719,
            "BoundingBox3D Origin Y": -4.812833020405378,
            "BoundingBox3D Origin Z": 2.84382629301399,
            "BoundingBox3D Extent X": 0.1,
            "BoundingBox3D Extent Y": 0.3973643084709372,
            "BoundingBox3D Extent Z": 0.4863847471929617,
            "BoundingBox3D Orientation Quat W": 0.0974422095388874,
            "BoundingBox3D Orientation Quat X": -0.0022328022009451,
            "BoundingBox3D Orientation Quat Y": 0.0226479146093296,
            "BoundingBox3D Orientation Quat Z": 0.994980955776722,
            "ObjectType": "TRAFFIC_SIGN",
            "Occluded": {
                "F_MIDRANGECAM_C": 0.0032906685955822
            },
            "Truncated": 0,
            "ObjectMeta": {
                "SourceID": 608,
                "SubType": "us_yellow_ground_diamond_unknown",
                "Text": "11",
                "OcrVersion": 10006
            }
        },
        {
            "ActorName": "TRAFFIC_SIGN 609",
            "ObjectId": 609,
            "BoundingBox3D Origin X": 41.25374965149908,
            "BoundingBox3D Origin Y": -10.40730836626608,
            "BoundingBox3D Origin Z": 2.8182098120450974,
            "BoundingBox3D Extent X": 0.1,
            "BoundingBox3D Extent Y": 0.4327197226534073,
            "BoundingBox3D Extent Z": 0.5787043291211466,
            "BoundingBox3D Orientation Quat W": 0.2194687074027061,
            "BoundingBox3D Orientation Quat X": -0.0050082331026855,
            "BoundingBox3D Orientation Quat Y": 0.0221993455834442,
            "BoundingBox3D Orientation Quat Z": 0.975354086026117,
            "ObjectType": "TRAFFIC_SIGN",
            "Occluded": {
                "F_MIDRANGECAM_C": 0.0318392813205719
            },
            "Truncated": 0,
            "ObjectMeta": {
                "SourceID": 609,
                "SubType": "unknown",
                "Text": "",
                "OcrVersion": 10006
            }
        },
        {
            "ActorName": "TRAFFIC_SIGN 610",
            "ObjectId": 610,
            "BoundingBox3D Origin X": 53.61182629972837,
            "BoundingBox3D Origin Y": 10.296100170060528,
            "BoundingBox3D Origin Z": 2.1961403470486403,
            "BoundingBox3D Extent X": 0.1,
            "BoundingBox3D Extent Y": 0.5673764564289475,
            "BoundingBox3D Extent Z": 0.8397778011530023,
            "BoundingBox3D Orientation Quat W": -0.1587665510686786,
            "BoundingBox3D Orientation Quat X": 0.0036020980651632,
            "BoundingBox3D Orientation Quat Y": 0.0224722544562838,
            "BoundingBox3D Orientation Quat Z": 0.9870538004237348,
            "ObjectType": "TRAFFIC_SIGN",
            "Occluded": {
                "F_MIDRANGECAM_C": 0.9999444484710692
            },
            "Truncated": 0,
            "ObjectMeta": {
                "SourceID": 610,
                "SubType": "us_yellow_ground_diamond_unknown",
                "Text": "",
                "OcrVersion": 10006
            }
        },
        {
            "ActorName": "TRAFFIC_SIGN 611",
            "ObjectId": 611,
            "BoundingBox3D Origin X": 62.93941111935655,
            "BoundingBox3D Origin Y": -4.958746997173876,
            "BoundingBox3D Origin Z": 2.530078511685133,
            "BoundingBox3D Extent X": 0.1,
            "BoundingBox3D Extent Y": 0.6647898721773063,
            "BoundingBox3D Extent Z": 0.4925958622564428,
            "BoundingBox3D Orientation Quat W": 0.0886498438922313,
            "BoundingBox3D Orientation Quat X": -0.0020281813990553,
            "BoundingBox3D Orientation Quat Y": 0.0226671498390783,
            "BoundingBox3D Orientation Quat Z": 0.9958028379033012,
            "ObjectType": "TRAFFIC_SIGN",
            "Occluded": {
                "F_MIDRANGECAM_C": 0.7339552044868469
            },
            "Truncated": 0,
            "ObjectMeta": {
                "SourceID": 611,
                "SubType": "unknown",
                "Text": "P",
                "OcrVersion": 10006
            }
        },
        {
            "ActorName": "TRAFFIC_SIGN 612",
            "ObjectId": 612,
            "BoundingBox3D Origin X": 99.47753727874056,
            "BoundingBox3D Origin Y": -4.801366356376093,
            "BoundingBox3D Origin Z": 5.301074949093163,
            "BoundingBox3D Extent X": 0.1,
            "BoundingBox3D Extent Y": 2.015689627696113,
            "BoundingBox3D Extent Z": 0.6071013615992222,
            "BoundingBox3D Orientation Quat W": 0.0500309679379674,
            "BoundingBox3D Orientation Quat X": -0.001147378220246,
            "BoundingBox3D Orientation Quat Y": 0.0227289848207441,
            "BoundingBox3D Orientation Quat Z": 0.9984883469622612,
            "ObjectType": "TRAFFIC_SIGN",
            "Occluded": {
                "F_MIDRANGECAM_C": 0.1544188410043716
            },
            "Truncated": 0,
            "ObjectMeta": {
                "SourceID": 612,
                "SubType": "unknown",
                "Text": "",
                "OcrVersion": 10006
            }
        },
        {
            "ActorName": "TRAFFIC_SIGN 613",
            "ObjectId": 613,
            "BoundingBox3D Origin X": 105.03686121477622,
            "BoundingBox3D Origin Y": -5.2742119139875285,
            "BoundingBox3D Origin Z": 2.8031211216002703,
            "BoundingBox3D Extent X": 0.1,
            "BoundingBox3D Extent Y": 0.821519601845871,
            "BoundingBox3D Extent Z": 1.04655705856691,
            "BoundingBox3D Orientation Quat W": 0.0509507454669163,
            "BoundingBox3D Orientation Quat X": -0.0011654952422725,
            "BoundingBox3D Orientation Quat Y": 0.022727790507807,
            "BoundingBox3D Orientation Quat Z": 0.9984418414188372,
            "ObjectType": "TRAFFIC_SIGN",
            "Occluded": {
                "F_MIDRANGECAM_C": 0.0001157567457994
            },
            "Truncated": 0,
            "ObjectMeta": {
                "SourceID": 613,
                "SubType": "unknown",
                "Text": "AHEAD",
                "OcrVersion": 10006
            }
        },
        {
            "ActorName": "TRAFFIC_SIGN 614",
            "ObjectId": 614,
            "BoundingBox3D Origin X": 86.42624307510067,
            "BoundingBox3D Origin Y": 14.686331232311204,
            "BoundingBox3D Origin Z": 1.6659649377688766,
            "BoundingBox3D Extent X": 0.1,
            "BoundingBox3D Extent Y": 0.7431382892211243,
            "BoundingBox3D Extent Z": 0.8068183363710659,
            "BoundingBox3D Orientation Quat W": -0.3891506756731617,
            "BoundingBox3D Orientation Quat X": 0.008854400632083,
            "BoundingBox3D Orientation Quat Y": 0.0209700319419385,
            "BoundingBox3D Orientation Quat Z": 0.9208928325125147,
            "ObjectType": "TRAFFIC_SIGN",
            "Occluded": {
                "F_MIDRANGECAM_C": 0.9999852180480956
            },
            "Truncated": 0,
            "ObjectMeta": {
                "SourceID": 614,
                "SubType": "unknown",
                "Text": "",
                "OcrVersion": 10006
            }
        },
        {
            "ActorName": "TRAFFIC_SIGN 615",
            "ObjectId": 615,
            "BoundingBox3D Origin X": 94.04182360830916,
            "BoundingBox3D Origin Y": -12.130155866383577,
            "BoundingBox3D Origin Z": 2.977797186002136,
            "BoundingBox3D Extent X": 0.1,
            "BoundingBox3D Extent Y": 0.7208321150109754,
            "BoundingBox3D Extent Z": 0.6150844709069305,
            "BoundingBox3D Orientation Quat W": 0.1745490389520908,
            "BoundingBox3D Orientation Quat X": -0.003983718374923,
            "BoundingBox3D Orientation Quat Y": 0.0224064969396369,