{
    "CapturedObjects": [
        {
            "ActorName": "TRAFFIC_SIGN 612",
            "ObjectId": 612,
            "BoundingBox3D Origin X": 4.484343955817167,
            "BoundingBox3D Origin Y": -3.853503599762917,
            "BoundingBox3D Origin Z": 5.3553868075832725,
            "BoundingBox3D Extent X": 0.1,
            "BoundingBox3D Extent Y": 2.015689627696113,
            "BoundingBox3D Extent Z": 0.6071013615992222,
            "BoundingBox3D Orientation Quat W": 0.0456225710935786,
            "BoundingBox3D Orientation Quat X": -0.0136832446464656,
            "BoundingBox3D Orientation Quat Y": 0.021636688351972,
            "BoundingBox3D Orientation Quat Z": 0.998630664229732,
            "ObjectType": "TRAFFIC_SIGN",
            "Occluded": {
                "F_CTCAM_L": 0.0
            },
            "Truncated": 0,
            "ObjectMeta": {
                "SourceID": 612,
                "SubType": "unknown",
                "Text": "",
                "OcrVersion": 10006
            }
        },
        {
            "ActorName": "TRAFFIC_SIGN 613",
            "ObjectId": 613,
            "BoundingBox3D Origin X": 10.108423495461466,
            "BoundingBox3D Origin Y": -4.271594723162707,
            "BoundingBox3D Origin Z": 2.9965031258761883,
            "BoundingBox3D Extent X": 0.1,
            "BoundingBox3D Extent Y": 0.821519601845871,
            "BoundingBox3D Extent Z": 1.04655705856691,
            "BoundingBox3D Orientation Quat W": 0.0465424828338499,
            "BoundingBox3D Orientation Quat X": -0.0137003499058636,
            "BoundingBox3D Orientation Quat Y": 0.0216239587106334,
            "BoundingBox3D Orientation Quat Z": 0.9985882545442836,
            "ObjectType": "TRAFFIC_SIGN",
            "Occluded": {
                "F_MIDRANGECAM_C": 1.6444031416540383e-06
            },
            "Truncated": 0,
            "ObjectMeta": {
                "SourceID": 613,
                "SubType": "unknown",
                "Text": "AHEAD",
                "OcrVersion": 10006
            }
        },
        {
            "ActorName": "TRAFFIC_SIGN 616",
            "ObjectId": 616,
            "BoundingBox3D Origin X": 24.591119702759897,
            "BoundingBox3D Origin Y": -4.316303257714026,
            "BoundingBox3D Origin Z": 3.836299820803106,
            "BoundingBox3D Extent X": 0.1,
            "BoundingBox3D Extent Y": 0.5572884027437033,
            "BoundingBox3D Extent Z": 0.5924573148805717,
            "BoundingBox3D Orientation Quat W": 0.0588598385827329,
            "BoundingBox3D Orientation Quat X": -0.0139670832192496,
            "BoundingBox3D Orientation Quat Y": 0.0214533806613246,
            "BoundingBox3D Orientation Quat Z": 0.997937970239915,
            "ObjectType": "TRAFFIC_SIGN",
            "Occluded": {
                "F_MIDRANGECAM_C": 4.045566583954496e-06
            },
            "Truncated": 0,
            "ObjectMeta": {
                "SourceID": 616,
                "SubType": "unknown",
                "Text": "",
                "OcrVersion": 10006
            }
        },
        {
            "ActorName": "TRAFFIC_SIGN 617",
            "ObjectId": 617,
            "BoundingBox3D Origin X": 3.9969711980666034,
            "BoundingBox3D Origin Y": -4.5594339919043705,
            "BoundingBox3D Origin Z": 3.248230161145329,
            "BoundingBox3D Extent X": 0.0999999999999999,
            "BoundingBox3D Extent Y": 0.7647942581555,
            "BoundingBox3D Extent Z": 0.185378029919662,
            "BoundingBox3D Orientation Quat W": 0.1831674673387441,
            "BoundingBox3D Orientation Quat X": -0.0165413871663139,
            "BoundingBox3D Orientation Quat Y": 0.01953820665129,
            "BoundingBox3D Orientation Quat Z": 0.9827483502403734,
            "ObjectType": "TRAFFIC_SIGN",
            "Occluded": {
                "F_CTCAM_L": 0.0
            },
            "Truncated": 0,
            "ObjectMeta": {
                "SourceID": 617,
                "SubType": "us_white_ground_rectangle_unknown",
                "Text": "",
                "OcrVersion": 10006
            }
        },
        {
            "ActorName": "TRAFFIC_SIGN 618",
            "ObjectId": 618,
            "BoundingBox3D Origin X": 26.37045694352128,
            "BoundingBox3D Origin Y": -3.8228945928858593,
            "BoundingBox3D Origin Z": 3.2716640001162887,
            "BoundingBox3D Extent X": 0.0999999999999999,
            "BoundingBox3D Extent Y": 0.3186681614729488,
            "BoundingBox3D Extent Z": 0.468749094353403,
            "BoundingBox3D Orientation Quat W": 0.2942426166789252,
            "BoundingBox3D Orientation Quat X": -0.0186632742264977,
            "BoundingBox3D Orientation Quat Y": 0.0175207470889757,
            "BoundingBox3D Orientation Quat Z": 0.9553878731418618,
            "ObjectType": "TRAFFIC_SIGN",
            "Occluded": {
                "F_MIDRANGECAM_C": 0.5060796141624451
            },
            "Truncated": 0,
            "ObjectMeta": {
                "SourceID": 618,
                "SubType": "us_white_ground_rectangle_unknown",
                "Text": "",
                "OcrVersion": 10006
            }
        },
        {
            "ActorName": "TRAFFIC_SIGN 619",
            "ObjectId": 619,
            "BoundingBox3D Origin X": 55.68574442359386,
            "BoundingBox3D Origin Y": -3.846296358446125,
            "BoundingBox3D Origin Z": 4.586583026684821,
            "BoundingBox3D Extent X": 0.1,
            "BoundingBox3D Extent Y": 0.6539907426792017,
            "BoundingBox3D Extent Z": 1.2534023493860695,
            "BoundingBox3D Orientation Quat W": 0.0681021538209043,
            "BoundingBox3D Orientation Quat X": -0.014163368672928,
            "BoundingBox3D Orientation Quat Y": 0.0213232920006688,
            "BoundingBox3D Orientation Quat Z": 0.9973498948969932,
            "ObjectType": "TRAFFIC_SIGN",
            "Occluded": {
                "F_MIDRANGECAM_C": 8.92596503376808e-08
            },
            "Truncated": 0,
            "ObjectMeta": {
                "SourceID": 619,
                "SubType": "us_speedlimit_20",
                "Text": "SCHOOL CED UMIT 20",
                "OcrVersion": 10006
            }
        },
        {
            "ActorName": "TRAFFIC_SIGN 620",
            "ObjectId": 620,
            "BoundingBox3D Origin X": 72.146367444715,
            "BoundingBox3D Origin Y": -7.059896179998759,
            "BoundingBox3D Origin Z": 4.537729598581791,
            "BoundingBox3D Extent X": 0.0999999999999999,
            "BoundingBox3D Extent Y": 0.4680118431516936,
            "BoundingBox3D Extent Z": 0.6304466963182337,
            "BoundingBox3D Orientation Quat W": 0.3566203736640069,
            "BoundingBox3D Orientation Quat X": -0.0197766274872657,
            "BoundingBox3D Orientation Quat Y": 0.0162530599158214,
            "BoundingBox3D Orientation Quat Z": 0.9338986198385488,
            "ObjectType": "TRAFFIC_SIGN",
            "Occluded": {
                "F_MIDRANGECAM_C": 0.996810257434845
            },
            "Truncated": 0,
            "ObjectMeta": {
                "SourceID": 620,
                "SubType": "us_white_ground_rectangle_unknown",
                "Text": "",
                "OcrVersion": 10006
            }
        },
        {
            "ActorName": "TRAFFIC_SIGN 621",
            "ObjectId": 621,
            "BoundingBox3D Origin X": 127.3215924006945,
            "BoundingBox3D Origin Y": 12.177626924298238,
            "BoundingBox3D Origin Z": 4.912050697021186,
            "BoundingBox3D Extent X": 0.1,
            "BoundingBox3D Extent Y": 0.7125868482925369,
            "BoundingBox3D Extent Z": 0.551406407640237,
            "BoundingBox3D Orientation Quat W": -0.3473308856685305,
            "BoundingBox3D Orientation Quat X": -0.0041469873006898,