{
    "CapturedObjects": [
        {
            "ActorName": "TRAFFIC_SIGN 605",
            "ObjectId": 605,
            "BoundingBox3D Origin X": 12.176081638695903,
            "BoundingBox3D Origin Y": -4.513659058342455,
            "BoundingBox3D Origin Z": 5.416285082697868,
            "BoundingBox3D Extent X": 0.1,
            "BoundingBox3D Extent Y": 1.675241656574072,
            "BoundingBox3D Extent Z": 0.7136703424772214,
            "BoundingBox3D Orientation Quat W": 0.0609280768439455,
            "BoundingBox3D Orientation Quat X": -0.002199496599206,
            "BoundingBox3D Orientation Quat Y": 0.0052109851538694,
            "BoundingBox3D Orientation Quat Z": 0.9981261329614284,
            "ObjectType": "TRAFFIC_SIGN",
            "Occluded": {
                "F_MIDRANGECAM_C": 2.6566109227132984e-05
            },
            "Truncated": 0,
            "ObjectMeta": {
                "SourceID": 605,
                "SubType": "unknown",
                "Text": "Bryson",
                "OcrVersion": 10006
            }
        },
        {
            "ActorName": "TRAFFIC_SIGN 606",
            "ObjectId": 606,
            "BoundingBox3D Origin X": 12.26050625554126,
            "BoundingBox3D Origin Y": 1.510248935155687,
            "BoundingBox3D Origin Z": 7.052570817992091,
            "BoundingBox3D Extent X": 0.1,
            "BoundingBox3D Extent Y": 0.6808865710446399,
            "BoundingBox3D Extent Z": 0.8102549796546726,
            "BoundingBox3D Orientation Quat W": -0.0077752644131087,
            "BoundingBox3D Orientation Quat X": -0.0018345327877181,
            "BoundingBox3D Orientation Quat Y": 0.0053498293388243,
            "BoundingBox3D Orientation Quat Z": 0.9999537784711864,
            "ObjectType": "TRAFFIC_SIGN",
            "Occluded": {
                "F_MIDRANGECAM_C": 0.9993504881858826
            },
            "Truncated": 0,
            "ObjectMeta": {
                "SourceID": 606,
                "SubType": "us_white_ground_rectangle_unknown",
                "Text": "",
                "OcrVersion": 10006
            }
        },
        {
            "ActorName": "TRAFFIC_SIGN 608",
            "ObjectId": 608,
            "BoundingBox3D Origin X": 26.77111701615649,
            "BoundingBox3D Origin Y": -4.851074124468141,
            "BoundingBox3D Origin Z": 2.6333120269700885,
            "BoundingBox3D Extent X": 0.1,
            "BoundingBox3D Extent Y": 0.3973643084709372,
            "BoundingBox3D Extent Z": 0.4863847471929617,
            "BoundingBox3D Orientation Quat W": 0.1017159941487028,
            "BoundingBox3D Orientation Quat X": -0.002406230912561,
            "BoundingBox3D Orientation Quat Y": 0.005116610947411,
            "BoundingBox3D Orientation Quat Z": 0.9947974099682556,
            "ObjectType": "TRAFFIC_SIGN",
            "Occluded": {
                "F_MIDRANGECAM_C": 0.0004894195590168
            },
            "Truncated": 0,
            "ObjectMeta": {
                "SourceID": 608,
                "SubType": "us_yellow_ground_diamond_unknown",
                "Text": "11",
                "OcrVersion": 10006
            }
        },
        {
            "ActorName": "TRAFFIC_SIGN 609",
            "ObjectId": 609,
            "BoundingBox3D Origin X": 61.32667961397601,
            "BoundingBox3D Origin Y": -10.73594706421136,
            "BoundingBox3D Origin Z": 2.544426649808884,
            "BoundingBox3D Extent X": 0.1,
            "BoundingBox3D Extent Y": 0.4327197226534073,
            "BoundingBox3D Extent Z": 0.5787043291211466,
            "BoundingBox3D Orientation Quat W": 0.2236868694493575,
            "BoundingBox3D Orientation Quat X": -0.0030175317842166,
            "BoundingBox3D Orientation Quat Y": 0.0047808934679544,
            "BoundingBox3D Orientation Quat Z": 0.9746446644780474,
            "ObjectType": "TRAFFIC_SIGN",
            "Occluded": {
                "F_MIDRANGECAM_C": 0.999174416065216
            },
            "Truncated": 0,
            "ObjectMeta": {
                "SourceID": 609,
                "SubType": "unknown",
                "Text": "",
                "OcrVersion": 10006
            }
        },
        {
            "ActorName": "TRAFFIC_SIGN 610",
            "ObjectId": 610,
            "BoundingBox3D Origin X": 73.86003853749935,
            "BoundingBox3D Origin Y": 9.870615182691836,
            "BoundingBox3D Origin Z": 2.691669604741037,
            "BoundingBox3D Extent X": 0.1,
            "BoundingBox3D Extent Y": 0.5673764564289475,
            "BoundingBox3D Extent Z": 0.8397778011530023,
            "BoundingBox3D Orientation Quat W": -0.1545886514841343,
            "BoundingBox3D Orientation Quat X": -0.0010225662004014,
            "BoundingBox3D Orientation Quat Y": 0.0055610494607021,
            "BoundingBox3D Orientation Quat Z": 0.9879627411595938,
            "ObjectType": "TRAFFIC_SIGN",
            "Occluded": {
                "F_MIDRANGECAM_C": 0.9979362487792968
            },
            "Truncated": 0,
            "ObjectMeta": {
                "SourceID": 610,
                "SubType": "us_yellow_ground_diamond_unknown",
                "Text": "",
                "OcrVersion": 10006
            }
        },
        {
            "ActorName": "TRAFFIC_SIGN 611",
            "ObjectId": 611,
            "BoundingBox3D Origin X": 83.05814566278423,
            "BoundingBox3D Origin Y": -5.465609672042774,
            "BoundingBox3D Origin Z": 2.529031473211944,
            "BoundingBox3D Extent X": 0.1,
            "BoundingBox3D Extent Y": 0.6647898721773063,
            "BoundingBox3D Extent Z": 0.4925958622564428,
            "BoundingBox3D Orientation Quat W": 0.0929249918379972,
            "BoundingBox3D Orientation Quat X": -0.0023564237940587,
            "BoundingBox3D Orientation Quat Y": 0.0051380260876001,
            "BoundingBox3D Orientation Quat Z": 0.9956570663871844,
            "ObjectType": "TRAFFIC_SIGN",
            "Occluded": {
                "F_MIDRANGECAM_C": 0.9991961121559144
            },
            "Truncated": 0,
            "ObjectMeta": {
                "SourceID": 611,
                "SubType": "unknown",
                "Text": "P",
                "OcrVersion": 10006
            }
        },
        {
            "ActorName": "TRAFFIC_SIGN 612",
            "ObjectId": 612,
            "BoundingBox3D Origin X": 119.58457103349065,
            "BoundingBox3D Origin Y": -5.716219378911774,
            "BoundingBox3D Origin Z": 5.442955200560391,
            "BoundingBox3D Extent X": 0.1,
            "BoundingBox3D Extent Y": 2.015689627696113,
            "BoundingBox3D Extent Z": 0.6071013615992222,
            "BoundingBox3D Orientation Quat W": 0.0543084107439096,
            "BoundingBox3D Orientation Quat X": -0.0021538727196527,
            "BoundingBox3D Orientation Quat Y": 0.0052256373483473,
            "BoundingBox3D Orientation Quat Z": 0.9985082123192986,
            "ObjectType": "TRAFFIC_SIGN",
            "Occluded": {
                "F_MIDRANGECAM_C": 0.9986758828163148
            },
            "Truncated": 0,
            "ObjectMeta": {
                "SourceID": 612,
                "SubType": "unknown",
                "Text": "",
                "OcrVersion": 10006
            }
        },
        {
            "ActorName": "TRAFFIC_SIGN 613",
            "ObjectId": 613,
            "BoundingBox3D Origin X": 125.14992856765456,
            "BoundingBox3D Origin Y": -6.149101325456286,
            "BoundingBox3D Origin Z": 2.9512223415076733,
            "BoundingBox3D Extent X": 0.1,
            "BoundingBox3D Extent Y": 0.821519601845871,
            "BoundingBox3D Extent Z": 1.04655705856691,
            "BoundingBox3D Orientation Quat W": 0.055228159083917,
            "BoundingBox3D Orientation Quat X": -0.0021558698245015,