{
    "CapturedObjects": [
        {
            "ActorName": "TRAFFIC_SIGN 611",
            "ObjectId": 611,
            "BoundingBox3D Origin X": 1.1383427449727606,
            "BoundingBox3D Origin Y": -4.497432871168712,
            "BoundingBox3D Origin Z": 2.4617196014150977,
            "BoundingBox3D Extent X": 0.1,
            "BoundingBox3D Extent Y": 0.6647898721773063,
            "BoundingBox3D Extent Z": 0.4925958622564428,
            "BoundingBox3D Orientation Quat W": 0.0773325997312292,
            "BoundingBox3D Orientation Quat X": -0.0014218184777095,
            "BoundingBox3D Orientation Quat Y": 0.0126309166098653,
            "BoundingBox3D Orientation Quat Z": 0.996924323806286,
            "ObjectType": "TRAFFIC_SIGN",
            "Occluded": {
                "F_CTCAM_L": 0.0
            },
            "Truncated": 0,
            "ObjectMeta": {
                "SourceID": 611,
                "SubType": "unknown",
                "Text": "P",
                "OcrVersion": 10006
            }
        },
        {
            "ActorName": "TRAFFIC_SIGN 612",
            "ObjectId": 612,
            "BoundingBox3D Origin X": 37.66382750817138,
            "BoundingBox3D Origin Y": -3.564640024123946,
            "BoundingBox3D Origin Z": 5.245435486547649,
            "BoundingBox3D Extent X": 0.1,
            "BoundingBox3D Extent Y": 2.015689627696113,
            "BoundingBox3D Extent Z": 0.6071013615992222,
            "BoundingBox3D Orientation Quat W": 0.0386787991392113,
            "BoundingBox3D Orientation Quat X": -0.000929828575972,
            "BoundingBox3D Orientation Quat Y": 0.012676967428566,
            "BoundingBox3D Orientation Quat Z": 0.9991708464585938,
            "ObjectType": "TRAFFIC_SIGN",
            "Occluded": {
                "F_MIDRANGECAM_C": 0.0018132516415789
            },
            "Truncated": 0,
            "ObjectMeta": {
                "SourceID": 612,
                "SubType": "unknown",
                "Text": "",
                "OcrVersion": 10006
            }
        },
        {
            "ActorName": "TRAFFIC_SIGN 613",
            "ObjectId": 613,
            "BoundingBox3D Origin X": 43.23203480916254,
            "BoundingBox3D Origin Y": -3.8605976554972585,
            "BoundingBox3D Origin Z": 2.740036057308316,
            "BoundingBox3D Extent X": 0.1,
            "BoundingBox3D Extent Y": 0.821519601845871,
            "BoundingBox3D Extent Z": 1.04655705856691,
            "BoundingBox3D Orientation Quat W": 0.0395991817130559,
            "BoundingBox3D Orientation Quat X": -0.0009386891495809,
            "BoundingBox3D Orientation Quat Y": 0.0126760059645206,
            "BoundingBox3D Orientation Quat Z": 0.999134796983432,
            "ObjectType": "TRAFFIC_SIGN",
            "Occluded": {
                "F_MIDRANGECAM_C": 1.7108727945469584e-07
            },
            "Truncated": 0,
            "ObjectMeta": {
                "SourceID": 613,
                "SubType": "unknown",
                "Text": "AHEAD",
                "OcrVersion": 10006
            }
        },
        {
            "ActorName": "TRAFFIC_SIGN 614",
            "ObjectId": 614,
            "BoundingBox3D Origin X": 24.17182612776105,
            "BoundingBox3D Origin Y": 15.690225759259192,
            "BoundingBox3D Origin Z": 1.998933938331902,
            "BoundingBox3D Extent X": 0.1,
            "BoundingBox3D Extent Y": 0.7431382892211243,
            "BoundingBox3D Extent Z": 0.8068183363710659,
            "BoundingBox3D Orientation Quat W": -0.3996723426902638,
            "BoundingBox3D Orientation Quat X": 0.0046800361617512,
            "BoundingBox3D Orientation Quat Y": 0.0118259335260872,
            "BoundingBox3D Orientation Quat Z": 0.9165698353351136,
            "ObjectType": "TRAFFIC_SIGN",
            "Occluded": {
                "F_MIDRANGECAM_C": 0.0003096312575507
            },
            "Truncated": 0,
            "ObjectMeta": {
                "SourceID": 614,
                "SubType": "unknown",
                "Text": "",
                "OcrVersion": 10006
            }
        },
        {
            "ActorName": "TRAFFIC_SIGN 615",
            "ObjectId": 615,
            "BoundingBox3D Origin X": 32.395919958094964,
            "BoundingBox3D Origin Y": -10.967004336998798,
            "BoundingBox3D Origin Z": 2.773903008550405,
            "BoundingBox3D Extent X": 0.1,
            "BoundingBox3D Extent Y": 0.7208321150109754,
            "BoundingBox3D Extent Z": 0.6150844709069305,
            "BoundingBox3D Orientation Quat W": 0.1633712008593314,
            "BoundingBox3D Orientation Quat X": -0.0025110149200852,
            "BoundingBox3D Orientation Quat Y": 0.0124601993278236,
            "BoundingBox3D Orientation Quat Z": 0.986482786959084,
            "ObjectType": "TRAFFIC_SIGN",
            "Occluded": {
                "F_MIDRANGECAM_C": 0.0010190769098699
            },
            "Truncated": 0,
            "ObjectMeta": {
                "SourceID": 615,
                "SubType": "us_yellow_ground_diamond_unknown",
                "Text": "",
                "OcrVersion": 10006
            }
        },
        {
            "ActorName": "TRAFFIC_SIGN 616",
            "ObjectId": 616,
            "BoundingBox3D Origin X": 57.7305364856984,
            "BoundingBox3D Origin Y": -3.720508086436894,
            "BoundingBox3D Origin Z": 3.218796965666116,
            "BoundingBox3D Extent X": 0.1,
            "BoundingBox3D Extent Y": 0.5572884027437033,
            "BoundingBox3D Extent Z": 0.5924573148805717,
            "BoundingBox3D Orientation Quat W": 0.0519237592781731,
            "BoundingBox3D Orientation Quat X": -0.0010960516641745,
            "BoundingBox3D Orientation Quat Y": 0.0126635233434332,
            "BoundingBox3D Orientation Quat Z": 0.99857015630836,
            "ObjectType": "TRAFFIC_SIGN",
            "Occluded": {
                "F_MIDRANGECAM_C": 0.2029909491539001
            },
            "Truncated": 0,
            "ObjectMeta": {
                "SourceID": 616,
                "SubType": "unknown",
                "Text": "",
                "OcrVersion": 10006
            }
        },
        {
            "ActorName": "TRAFFIC_SIGN 617",
            "ObjectId": 617,
            "BoundingBox3D Origin X": 37.13322401876758,
            "BoundingBox3D Origin Y": -4.237679640646093,
            "BoundingBox3D Origin Z": 3.137973449192941,
            "BoundingBox3D Extent X": 0.0999999999999999,
            "BoundingBox3D Extent Y": 0.7647942581555,
            "BoundingBox3D Extent Z": 0.185378029919662,
            "BoundingBox3D Orientation Quat W": 0.1763641959840216,
            "BoundingBox3D Orientation Quat X": -0.002673021880422,
            "BoundingBox3D Orientation Quat Y": 0.012426267921499,
            "BoundingBox3D Orientation Quat Z": 0.9842429137131136,
            "ObjectType": "TRAFFIC_SIGN",
            "Occluded": {
                "F_MIDRANGECAM_C": 0.970998466014862
            },
            "Truncated": 0,
            "ObjectMeta": {
                "SourceID": 617,
                "SubType": "us_white_ground_rectangle_unknown",
                "Text": "",
                "OcrVersion": 10006
            }
        },
        {
            "ActorName": "TRAFFIC_SIGN 618",
            "ObjectId": 618,
            "BoundingBox3D Origin X": 59.488385007247416,
            "BoundingBox3D Origin Y": -3.1920321008365136,
            "BoundingBox3D Origin Z": 2.6196367498487234,
            "BoundingBox3D Extent X": 0.0999999999999999,
            "BoundingBox3D Extent Y": 0.3186681614729488,
            "BoundingBox3D Extent Z": 0.468749094353403,
            "BoundingBox3D Orientation Quat W": 0.2876539560035378,
            "BoundingBox3D Orientation Quat X": -0.0040738484118335,
            "BoundingBox3D Orientation Quat Y": 0.0120397654162139,