{
    "CapturedObjects": [
        {
            "ActorName": "TRAFFIC_SIGN 610",
            "ObjectId": 610,
            "BoundingBox3D Origin X": 6.057671900226524,
            "BoundingBox3D Origin Y": 10.656097479950404,
            "BoundingBox3D Origin Z": 2.4096408495679498,
            "BoundingBox3D Extent X": 0.1,
            "BoundingBox3D Extent Y": 0.5673764564289475,
            "BoundingBox3D Extent Z": 0.8397778011530023,
            "BoundingBox3D Orientation Quat W": -0.1642075855855526,
            "BoundingBox3D Orientation Quat X": 0.0024124623487018,
            "BoundingBox3D Orientation Quat Y": 0.0120327935265114,
            "BoundingBox3D Orientation Quat Z": 0.9863494617738322,
            "ObjectType": "TRAFFIC_SIGN",
            "Occluded": {
                "F_CTCAM_L": 0.0
            },
            "Truncated": 0,
            "ObjectMeta": {
                "SourceID": 610,
                "SubType": "us_yellow_ground_diamond_unknown",
                "Text": "",
                "OcrVersion": 10006
            }
        },
        {
            "ActorName": "TRAFFIC_SIGN 611",
            "ObjectId": 611,
            "BoundingBox3D Origin X": 15.551995347102093,
            "BoundingBox3D Origin Y": -4.499281729047652,
            "BoundingBox3D Origin Z": 2.412780096754432,
            "BoundingBox3D Extent X": 0.1,
            "BoundingBox3D Extent Y": 0.6647898721773063,
            "BoundingBox3D Extent Z": 0.4925958622564428,
            "BoundingBox3D Orientation Quat W": 0.0832032456030028,
            "BoundingBox3D Orientation Quat X": -0.0006153968330169,
            "BoundingBox3D Orientation Quat Y": 0.0122546773304689,
            "BoundingBox3D Orientation Quat Z": 0.99645705581896,
            "ObjectType": "TRAFFIC_SIGN",
            "Occluded": {
                "F_MIDRANGECAM_C": 3.59376790584065e-05
            },
            "Truncated": 0,
            "ObjectMeta": {
                "SourceID": 611,
                "SubType": "unknown",
                "Text": "P",
                "OcrVersion": 10006
            }
        },
        {
            "ActorName": "TRAFFIC_SIGN 612",
            "ObjectId": 612,
            "BoundingBox3D Origin X": 52.0897447960424,
            "BoundingBox3D Origin Y": -3.999883982731262,
            "BoundingBox3D Origin Z": 5.146048321388662,
            "BoundingBox3D Extent X": 0.1,
            "BoundingBox3D Extent Y": 2.015689627696113,
            "BoundingBox3D Extent Z": 0.6071013615992222,
            "BoundingBox3D Orientation Quat W": 0.0445631884392034,
            "BoundingBox3D Orientation Quat X": -0.0001388135568632,
            "BoundingBox3D Orientation Quat Y": 0.0122697940602446,
            "BoundingBox3D Orientation Quat Z": 0.9989312064004447,
            "ObjectType": "TRAFFIC_SIGN",
            "Occluded": {
                "F_MIDRANGECAM_C": 0.0006192098371684
            },
            "Truncated": 0,
            "ObjectMeta": {
                "SourceID": 612,
                "SubType": "unknown",
                "Text": "",
                "OcrVersion": 10006
            }
        },
        {
            "ActorName": "TRAFFIC_SIGN 613",
            "ObjectId": 613,
            "BoundingBox3D Origin X": 57.65056807815381,
            "BoundingBox3D Origin Y": -4.359278550371528,
            "BoundingBox3D Origin Z": 2.632582060061395,
            "BoundingBox3D Extent X": 0.1,
            "BoundingBox3D Extent Y": 0.821519601845871,
            "BoundingBox3D Extent Z": 1.04655705856691,
            "BoundingBox3D Orientation Quat W": 0.0454833455812565,
            "BoundingBox3D Orientation Quat X": -0.0001472943374712,
            "BoundingBox3D Orientation Quat Y": 0.0122695448697844,
            "BoundingBox3D Orientation Quat Z": 0.9988897345792492,
            "ObjectType": "TRAFFIC_SIGN",
            "Occluded": {
                "F_MIDRANGECAM_C": 1.4639819028161585e-06
            },
            "Truncated": 0,
            "ObjectMeta": {
                "SourceID": 613,
                "SubType": "unknown",
                "Text": "AHEAD",
                "OcrVersion": 10006
            }
        },
        {
            "ActorName": "TRAFFIC_SIGN 614",
            "ObjectId": 614,
            "BoundingBox3D Origin X": 38.8212564542755,
            "BoundingBox3D Origin Y": 15.415644241758857,
            "BoundingBox3D Origin Z": 1.935509600676596,
            "BoundingBox3D Extent X": 0.1,
            "BoundingBox3D Extent Y": 0.7431382892211243,
            "BoundingBox3D Extent Z": 0.8068183363710659,
            "BoundingBox3D Orientation Quat W": -0.3942701856223048,
            "BoundingBox3D Orientation Quat X": 0.0052131618775858,
            "BoundingBox3D Orientation Quat Y": 0.0111141847949812,
            "BoundingBox3D Orientation Quat Z": 0.9189125739530036,
            "ObjectType": "TRAFFIC_SIGN",
            "Occluded": {
                "F_MIDRANGECAM_C": 0.9998315572738647
            },
            "Truncated": 0,
            "ObjectMeta": {
                "SourceID": 614,
                "SubType": "unknown",
                "Text": "",
                "OcrVersion": 10006
            }
        },
        {
            "ActorName": "TRAFFIC_SIGN 615",
            "ObjectId": 615,
            "BoundingBox3D Origin X": 46.73147095134573,
            "BoundingBox3D Origin Y": -11.33738521306077,
            "BoundingBox3D Origin Z": 2.6753769079223275,
            "BoundingBox3D Extent X": 0.1,
            "BoundingBox3D Extent Y": 0.7208321150109754,
            "BoundingBox3D Extent Z": 0.6150844709069305,
            "BoundingBox3D Orientation Quat W": 0.169179128024574,
            "BoundingBox3D Orientation Quat X": -0.0016745179556314,
            "BoundingBox3D Orientation Quat Y": 0.012155109464539,
            "BoundingBox3D Orientation Quat Z": 0.985508940570488,
            "ObjectType": "TRAFFIC_SIGN",
            "Occluded": {
                "F_MIDRANGECAM_C": 0.8846467733383179
            },
            "Truncated": 0,
            "ObjectMeta": {
                "SourceID": 615,
                "SubType": "us_yellow_ground_diamond_unknown",
                "Text": "",
                "OcrVersion": 10006
            }
        },
        {
            "ActorName": "TRAFFIC_SIGN 616",
            "ObjectId": 616,
            "BoundingBox3D Origin X": 72.15035019928291,
            "BoundingBox3D Origin Y": -4.390649232198484,
            "BoundingBox3D Origin Z": 3.091117109172046,
            "BoundingBox3D Extent X": 0.1,
            "BoundingBox3D Extent Y": 0.5572884027437033,
            "BoundingBox3D Extent Z": 0.5924573148805717,
            "BoundingBox3D Orientation Quat W": 0.0578044367208614,
            "BoundingBox3D Orientation Quat X": -0.00029962539622,
            "BoundingBox3D Orientation Quat Y": 0.0122668634612362,
            "BoundingBox3D Orientation Quat Z": 0.9982525138364686,
            "ObjectType": "TRAFFIC_SIGN",
            "Occluded": {
                "F_MIDRANGECAM_C": 0.3415423631668091
            },
            "Truncated": 0,
            "ObjectMeta": {
                "SourceID": 616,
                "SubType": "unknown",
                "Text": "",
                "OcrVersion": 10006
            }
        },
        {
            "ActorName": "TRAFFIC_SIGN 617",
            "ObjectId": 617,
            "BoundingBox3D Origin X": 51.54830261726147,
            "BoundingBox3D Origin Y": -4.664745121292071,
            "BoundingBox3D Origin Z": 3.03874408826232,
            "BoundingBox3D Extent X": 0.0999999999999999,
            "BoundingBox3D Extent Y": 0.7647942581555,
            "BoundingBox3D Extent Z": 0.185378029919662,
            "BoundingBox3D Orientation Quat W": 0.1821587371741554,
            "BoundingBox3D Orientation Quat X": -0.0018324973388896,
            "BoundingBox3D Orientation Quat Y": 0.0121321920252487,