{
    "CapturedObjects": [
        {
            "ActorName": "TRAFFIC_SIGN 609",
            "ObjectId": 609,
            "BoundingBox3D Origin X": 5.247131934040226,
            "BoundingBox3D Origin Y": -10.11092575234943,
            "BoundingBox3D Origin Z": 2.605640501715243,
            "BoundingBox3D Extent X": 0.1,
            "BoundingBox3D Extent Y": 0.4327197226534073,
            "BoundingBox3D Extent Z": 0.5787043291211466,
            "BoundingBox3D Orientation Quat W": 0.2121975725232896,
            "BoundingBox3D Orientation Quat X": 0.0004188931094849,
            "BoundingBox3D Orientation Quat Y": 0.0147644122324606,
            "BoundingBox3D Orientation Quat Z": 0.9771151553809898,
            "ObjectType": "TRAFFIC_SIGN",
            "Occluded": {
                "F_CTCAM_L": 0.0
            },
            "Truncated": 0,
            "ObjectMeta": {
                "SourceID": 609,
                "SubType": "unknown",
                "Text": "",
                "OcrVersion": 10006
            }
        },
        {
            "ActorName": "TRAFFIC_SIGN 610",
            "ObjectId": 610,
            "BoundingBox3D Origin X": 17.293697174616682,
            "BoundingBox3D Origin Y": 10.781378947460324,
            "BoundingBox3D Origin Z": 2.241489660926163,
            "BoundingBox3D Extent X": 0.1,
            "BoundingBox3D Extent Y": 0.5673764564289475,
            "BoundingBox3D Extent Z": 0.8397778011530023,
            "BoundingBox3D Orientation Quat W": -0.1661727747558887,
            "BoundingBox3D Orientation Quat X": 0.0058763286814924,
            "BoundingBox3D Orientation Quat Y": 0.0135521387550074,
            "BoundingBox3D Orientation Quat Z": 0.9859860126930406,
            "ObjectType": "TRAFFIC_SIGN",
            "Occluded": {
                "F_MIDRANGECAM_C": 0.0340358018875122
            },
            "Truncated": 0,
            "ObjectMeta": {
                "SourceID": 610,
                "SubType": "us_yellow_ground_diamond_unknown",
                "Text": "",
                "OcrVersion": 10006
            }
        },
        {
            "ActorName": "TRAFFIC_SIGN 611",
            "ObjectId": 611,
            "BoundingBox3D Origin X": 26.84725438454916,
            "BoundingBox3D Origin Y": -4.336723171669291,
            "BoundingBox3D Origin Z": 2.246515945531428,
            "BoundingBox3D Extent X": 0.1,
            "BoundingBox3D Extent Y": 0.6647898721773063,
            "BoundingBox3D Extent Z": 0.4925958622564428,
            "BoundingBox3D Orientation Quat W": 0.0812094525213377,
            "BoundingBox3D Orientation Quat X": 0.0023684716258858,
            "BoundingBox3D Orientation Quat Y": 0.0145800640310089,
            "BoundingBox3D Orientation Quat Z": 0.9965875961982436,
            "ObjectType": "TRAFFIC_SIGN",
            "Occluded": {
                "F_MIDRANGECAM_C": 7.852679846109822e-05
            },
            "Truncated": 0,
            "ObjectMeta": {
                "SourceID": 611,
                "SubType": "unknown",
                "Text": "P",
                "OcrVersion": 10006
            }
        },
        {
            "ActorName": "TRAFFIC_SIGN 612",
            "ObjectId": 612,
            "BoundingBox3D Origin X": 63.39951665791159,
            "BoundingBox3D Origin Y": -3.683240260666935,
            "BoundingBox3D Origin Z": 4.744404576718807,
            "BoundingBox3D Extent X": 0.1,
            "BoundingBox3D Extent Y": 2.015689627696113,
            "BoundingBox3D Extent Z": 0.6071013615992222,
            "BoundingBox3D Orientation Quat W": 0.0425656177606141,
            "BoundingBox3D Orientation Quat X": 0.0029328072652288,
            "BoundingBox3D Orientation Quat Y": 0.0144776783203436,
            "BoundingBox3D Orientation Quat Z": 0.9989844661738516,
            "ObjectType": "TRAFFIC_SIGN",
            "Occluded": {
                "F_MIDRANGECAM_C": 0.0114031266421079
            },
            "Truncated": 0,
            "ObjectMeta": {
                "SourceID": 612,
                "SubType": "unknown",
                "Text": "",
                "OcrVersion": 10006
            }
        },
        {
            "ActorName": "TRAFFIC_SIGN 613",
            "ObjectId": 613,
            "BoundingBox3D Origin X": 68.94556579593336,
            "BoundingBox3D Origin Y": -4.031332216167357,
            "BoundingBox3D Origin Z": 2.196970117278397,
            "BoundingBox3D Extent X": 0.1,
            "BoundingBox3D Extent Y": 0.821519601845871,
            "BoundingBox3D Extent Z": 1.04655705856691,
            "BoundingBox3D Orientation Quat W": 0.0434858356739075,
            "BoundingBox3D Orientation Quat X": 0.0029222920298975,
            "BoundingBox3D Orientation Quat Y": 0.0144802690080007,
            "BoundingBox3D Orientation Quat Z": 0.9989448253604852,
            "ObjectType": "TRAFFIC_SIGN",
            "Occluded": {
                "F_MIDRANGECAM_C": 3.594478243940103e-07
            },
            "Truncated": 0,
            "ObjectMeta": {
                "SourceID": 613,
                "SubType": "unknown",
                "Text": "AHEAD",
                "OcrVersion": 10006
            }
        },
        {
            "ActorName": "TRAFFIC_SIGN 614",
            "ObjectId": 614,
            "BoundingBox3D Origin X": 50.03471423035808,
            "BoundingBox3D Origin Y": 15.66691135513247,
            "BoundingBox3D Origin Z": 1.538570205681026,
            "BoundingBox3D Extent X": 0.1,
            "BoundingBox3D Extent Y": 0.7431382892211243,
            "BoundingBox3D Extent Z": 0.8068183363710659,
            "BoundingBox3D Orientation Quat W": -0.3960908547311523,
            "BoundingBox3D Orientation Quat X": 0.0089401305061775,
            "BoundingBox3D Orientation Quat Y": 0.0117643387373792,
            "BoundingBox3D Orientation Quat Z": 0.91809242955105,
            "ObjectType": "TRAFFIC_SIGN",
            "Occluded": {
                "F_MIDRANGECAM_C": 0.9593398571014404
            },
            "Truncated": 0,
            "ObjectMeta": {
                "SourceID": 614,
                "SubType": "unknown",
                "Text": "",
                "OcrVersion": 10006
            }
        },
        {
            "ActorName": "TRAFFIC_SIGN 615",
            "ObjectId": 615,
            "BoundingBox3D Origin X": 58.054410723059846,
            "BoundingBox3D Origin Y": -11.05184349915362,
            "BoundingBox3D Origin Z": 2.3382515842095017,
            "BoundingBox3D Extent X": 0.1,
            "BoundingBox3D Extent Y": 0.7208321150109754,
            "BoundingBox3D Extent Z": 0.6150844709069305,
            "BoundingBox3D Orientation Quat W": 0.1672047723400645,
            "BoundingBox3D Orientation Quat X": 0.0010969208522298,
            "BoundingBox3D Orientation Quat Y": 0.014730673788259,
            "BoundingBox3D Orientation Quat Z": 0.985811527687263,
            "ObjectType": "TRAFFIC_SIGN",
            "Occluded": {
                "F_MIDRANGECAM_C": 0.9985356330871582
            },
            "Truncated": 0,
            "ObjectMeta": {
                "SourceID": 615,
                "SubType": "us_yellow_ground_diamond_unknown",
                "Text": "",
                "OcrVersion": 10006
            }
        },
        {
            "ActorName": "TRAFFIC_SIGN 616",
            "ObjectId": 616,
            "BoundingBox3D Origin X": 83.44801283752895,
            "BoundingBox3D Origin Y": -4.004150189139182,
            "BoundingBox3D Origin Z": 2.563055626116693,
            "BoundingBox3D Extent X": 0.1,
            "BoundingBox3D Extent Y": 0.5572884027437033,
            "BoundingBox3D Extent Z": 0.5924573148805717,
            "BoundingBox3D Orientation Quat W": 0.0558078215544227,
            "BoundingBox3D Orientation Quat X": 0.0027424576222246,
            "BoundingBox3D Orientation Quat Y": 0.0145153686828618,