{
    "CapturedObjects": [
        {
            "ActorName": "TRAFFIC_SIGN 604",
            "ObjectId": 604,
            "BoundingBox3D Origin X": 23.352797312439293,
            "BoundingBox3D Origin Y": 13.728296613320708,
            "BoundingBox3D Origin Z": 1.586737689562142,
            "BoundingBox3D Extent X": 0.1,
            "BoundingBox3D Extent Y": 0.6542573677519435,
            "BoundingBox3D Extent Z": 0.6696639461456285,
            "BoundingBox3D Orientation Quat W": -0.4104452530227811,
            "BoundingBox3D Orientation Quat X": 0.0066211046308571,
            "BoundingBox3D Orientation Quat Y": 0.0148639401617707,
            "BoundingBox3D Orientation Quat Z": 0.9117400498647624,
            "ObjectType": "TRAFFIC_SIGN",
            "Occluded": {
                "F_MIDRANGECAM_C": 0.0012128881644457
            },
            "Truncated": 0,
            "ObjectMeta": {
                "SourceID": 604,
                "SubType": "us_stop",
                "Text": "",
                "OcrVersion": 10006
            }
        },
        {
            "ActorName": "TRAFFIC_SIGN 605",
            "ObjectId": 605,
            "BoundingBox3D Origin X": 40.10854174890756,
            "BoundingBox3D Origin Y": -3.829325491475174,
            "BoundingBox3D Origin Z": 5.4811003021895885,
            "BoundingBox3D Extent X": 0.1,
            "BoundingBox3D Extent Y": 1.675241656574072,
            "BoundingBox3D Extent Z": 0.7136703424772214,
            "BoundingBox3D Orientation Quat W": 0.0452168513405502,
            "BoundingBox3D Orientation Quat X": -0.000804165112896,
            "BoundingBox3D Orientation Quat Y": 0.0162471453127888,
            "BoundingBox3D Orientation Quat Z": 0.9988447426614924,
            "ObjectType": "TRAFFIC_SIGN",
            "Occluded": {
                "F_MIDRANGECAM_C": 0.0071298317052423
            },
            "Truncated": 0,
            "ObjectMeta": {
                "SourceID": 605,
                "SubType": "unknown",
                "Text": "Bryson",
                "OcrVersion": 10006
            }
        },
        {
            "ActorName": "TRAFFIC_SIGN 606",
            "ObjectId": 606,
            "BoundingBox3D Origin X": 40.010071315235336,
            "BoundingBox3D Origin Y": 2.2287423330999445,
            "BoundingBox3D Origin Z": 6.984981740824878,
            "BoundingBox3D Extent X": 0.1,
            "BoundingBox3D Extent Y": 0.6808865710446399,
            "BoundingBox3D Extent Z": 0.8102549796546726,
            "BoundingBox3D Orientation Quat W": -0.0234981146968049,
            "BoundingBox3D Orientation Quat X": 0.0003153392023583,
            "BoundingBox3D Orientation Quat Y": 0.0162641781506608,
            "BoundingBox3D Orientation Quat Z": 0.9995915244118302,
            "ObjectType": "TRAFFIC_SIGN",
            "Occluded": {
                "F_MIDRANGECAM_C": 0.0005294565344229
            },
            "Truncated": 0,
            "ObjectMeta": {
                "SourceID": 606,
                "SubType": "us_white_ground_rectangle_unknown",
                "Text": "",
                "OcrVersion": 10006
            }
        },
        {
            "ActorName": "TRAFFIC_SIGN 607",
            "ObjectId": 607,
            "BoundingBox3D Origin X": 20.43900225726486,
            "BoundingBox3D Origin Y": -10.715357496548677,
            "BoundingBox3D Origin Z": 2.8150810627266765,
            "BoundingBox3D Extent X": 0.1,
            "BoundingBox3D Extent Y": 0.6534787456868417,
            "BoundingBox3D Extent Z": 0.6851783530544237,
            "BoundingBox3D Orientation Quat W": 0.3693805603450854,
            "BoundingBox3D Orientation Quat X": -0.0060730391727505,
            "BoundingBox3D Orientation Quat Y": 0.0150908325407695,
            "BoundingBox3D Orientation Quat Z": 0.929135827857038,
            "ObjectType": "TRAFFIC_SIGN",
            "Occluded": {
                "F_MIDRANGECAM_C": 0.0032264308538287
            },
            "Truncated": 0,
            "ObjectMeta": {
                "SourceID": 607,
                "SubType": "us_yellow_ground_diamond_unknown",
                "Text": "OUTLET",
                "OcrVersion": 10006
            }
        },
        {
            "ActorName": "TRAFFIC_SIGN 608",
            "ObjectId": 608,
            "BoundingBox3D Origin X": 54.695878398481454,
            "BoundingBox3D Origin Y": -3.7703549414291047,
            "BoundingBox3D Origin Z": 2.6384836146607995,
            "BoundingBox3D Extent X": 0.1,
            "BoundingBox3D Extent Y": 0.3973643084709372,
            "BoundingBox3D Extent Z": 0.4863847471929617,
            "BoundingBox3D Orientation Quat W": 0.0860470355308238,
            "BoundingBox3D Orientation Quat X": -0.0014634963492076,
            "BoundingBox3D Orientation Quat Y": 0.0162006400466001,
            "BoundingBox3D Orientation Quat Z": 0.9961582731257488,
            "ObjectType": "TRAFFIC_SIGN",
            "Occluded": {
                "F_MIDRANGECAM_C": 0.0015093000838533
            },
            "Truncated": 0,
            "ObjectMeta": {
                "SourceID": 608,
                "SubType": "us_yellow_ground_diamond_unknown",
                "Text": "11",
                "OcrVersion": 10006
            }
        },
        {
            "ActorName": "TRAFFIC_SIGN 609",
            "ObjectId": 609,
            "BoundingBox3D Origin X": 89.4187387702168,
            "BoundingBox3D Origin Y": -8.570058185025118,
            "BoundingBox3D Origin Z": 2.5178139060735703,
            "BoundingBox3D Extent X": 0.1,
            "BoundingBox3D Extent Y": 0.4327197226534073,
            "BoundingBox3D Extent Z": 0.5787043291211466,
            "BoundingBox3D Orientation Quat W": 0.2083047494457398,
            "BoundingBox3D Orientation Quat X": -0.0034493397299925,
            "BoundingBox3D Orientation Quat Y": 0.015896344797917,
            "BoundingBox3D Orientation Quat Z": 0.9779286986461948,
            "ObjectType": "TRAFFIC_SIGN",
            "Occluded": {
                "F_MIDRANGECAM_C": 0.9968618154525756
            },
            "Truncated": 0,
            "ObjectMeta": {
                "SourceID": 609,
                "SubType": "unknown",
                "Text": "",
                "OcrVersion": 10006
            }
        },
        {
            "ActorName": "TRAFFIC_SIGN 610",
            "ObjectId": 610,
            "BoundingBox3D Origin X": 101.29878606687556,
            "BoundingBox3D Origin Y": 12.417203395511024,
            "BoundingBox3D Origin Z": 2.1567087871953845,
            "BoundingBox3D Extent X": 0.1,
            "BoundingBox3D Extent Y": 0.5673764564289475,
            "BoundingBox3D Extent Z": 0.8397778011530023,
            "BoundingBox3D Orientation Quat W": -0.1700864118057217,
            "BoundingBox3D Orientation Quat X": 0.0027068714267329,
            "BoundingBox3D Orientation Quat Y": 0.016041274184474,
            "BoundingBox3D Orientation Quat Z": 0.9852948608861574,
            "ObjectType": "TRAFFIC_SIGN",
            "Occluded": {
                "F_MIDRANGECAM_C": 0.9976414442062378
            },
            "Truncated": 0,
            "ObjectMeta": {
                "SourceID": 610,
                "SubType": "us_yellow_ground_diamond_unknown",
                "Text": "",
                "OcrVersion": 10006
            }
        },
        {
            "ActorName": "TRAFFIC_SIGN 611",
            "ObjectId": 611,
            "BoundingBox3D Origin X": 110.97362944698624,
            "BoundingBox3D Origin Y": -2.6230267623614054,
            "BoundingBox3D Origin Z": 2.286444306373596,
            "BoundingBox3D Extent X": 0.1,
            "BoundingBox3D Extent Y": 0.6647898721773063,
            "BoundingBox3D Extent Z": 0.4925958622564428,
            "BoundingBox3D Orientation Quat W": 0.0772447448131356,
            "BoundingBox3D Orientation Quat X": -0.0013158530858242,