{
    "CapturedObjects": [
        {
            "ActorName": "TRAFFIC_SIGN 604",
            "ObjectId": 604,
            "BoundingBox3D Origin X": 3.2145379403664265,
            "BoundingBox3D Origin Y": 13.718066469504263,
            "BoundingBox3D Origin Z": 1.604664096608758,
            "BoundingBox3D Extent X": 0.1,
            "BoundingBox3D Extent Y": 0.6542573677519435,
            "BoundingBox3D Extent Z": 0.6696639461456285,
            "BoundingBox3D Orientation Quat W": -0.4072879763961037,
            "BoundingBox3D Orientation Quat X": 0.0075917991007167,
            "BoundingBox3D Orientation Quat Y": 0.0133509007562403,
            "BoundingBox3D Orientation Quat Z": 0.913170642497106,
            "ObjectType": "TRAFFIC_SIGN",
            "Occluded": {
                "F_CTCAM_L": 0.0
            },
            "Truncated": 0,
            "ObjectMeta": {
                "SourceID": 604,
                "SubType": "us_stop",
                "Text": "",
                "OcrVersion": 10006
            }
        },
        {
            "ActorName": "TRAFFIC_SIGN 605",
            "ObjectId": 605,
            "BoundingBox3D Origin X": 19.85837292938959,
            "BoundingBox3D Origin Y": -3.9638057417760137,
            "BoundingBox3D Origin Z": 5.416138467378914,
            "BoundingBox3D Extent X": 0.1,
            "BoundingBox3D Extent Y": 1.675241656574072,
            "BoundingBox3D Extent Z": 0.7136703424772214,
            "BoundingBox3D Orientation Quat W": 0.0486810295108971,
            "BoundingBox3D Orientation Quat X": 0.0007440793381829,
            "BoundingBox3D Orientation Quat Y": 0.0153352675502516,
            "BoundingBox3D Orientation Quat Z": 0.9986963669108144,
            "ObjectType": "TRAFFIC_SIGN",
            "Occluded": {
                "F_MIDRANGECAM_C": 0.0004468762199394
            },
            "Truncated": 0,
            "ObjectMeta": {
                "SourceID": 605,
                "SubType": "unknown",
                "Text": "Bryson",
                "OcrVersion": 10006
            }
        },
        {
            "ActorName": "TRAFFIC_SIGN 606",
            "ObjectId": 606,
            "BoundingBox3D Origin X": 19.806585346414067,
            "BoundingBox3D Origin Y": 2.0918541081773583,
            "BoundingBox3D Origin Z": 6.932119294069707,
            "BoundingBox3D Extent X": 0.1,
            "BoundingBox3D Extent Y": 0.6808865710446399,
            "BoundingBox3D Extent Z": 0.8102549796546726,
            "BoundingBox3D Orientation Quat W": -0.0200323456432374,
            "BoundingBox3D Orientation Quat X": 0.0017973609965361,
            "BoundingBox3D Orientation Quat Y": 0.0152479777447975,
            "BoundingBox3D Orientation Quat Z": 0.9996814361566247,
            "ObjectType": "TRAFFIC_SIGN",
            "Occluded": {
                "F_MIDRANGECAM_C": 0.0535409897565841
            },
            "Truncated": 0,
            "ObjectMeta": {
                "SourceID": 606,
                "SubType": "us_white_ground_rectangle_unknown",
                "Text": "",
                "OcrVersion": 10006
            }
        },
        {
            "ActorName": "TRAFFIC_SIGN 608",
            "ObjectId": 608,
            "BoundingBox3D Origin X": 34.43747031640305,
            "BoundingBox3D Origin Y": -4.001035243825754,
            "BoundingBox3D Origin Z": 2.5312963388860226,
            "BoundingBox3D Extent X": 0.1,
            "BoundingBox3D Extent Y": 0.3973643084709372,
            "BoundingBox3D Extent Z": 0.4863847471929617,
            "BoundingBox3D Orientation Quat W": 0.089502498674743,
            "BoundingBox3D Orientation Quat X": 0.000120728971992,
            "BoundingBox3D Orientation Quat Y": 0.015352934230491,
            "BoundingBox3D Orientation Quat Z": 0.9958682521127016,
            "ObjectType": "TRAFFIC_SIGN",
            "Occluded": {
                "F_MIDRANGECAM_C": 0.0032133683562278
            },
            "Truncated": 0,
            "ObjectMeta": {
                "SourceID": 608,
                "SubType": "us_yellow_ground_diamond_unknown",
                "Text": "11",
                "OcrVersion": 10006
            }
        },
        {
            "ActorName": "TRAFFIC_SIGN 609",
            "ObjectId": 609,
            "BoundingBox3D Origin X": 69.12542346195914,
            "BoundingBox3D Origin Y": -9.042732942383736,
            "BoundingBox3D Origin Z": 2.300471547059715,
            "BoundingBox3D Extent X": 0.1,
            "BoundingBox3D Extent Y": 0.4327197226534073,
            "BoundingBox3D Extent Z": 0.5787043291211466,
            "BoundingBox3D Orientation Quat W": 0.2116987773321482,
            "BoundingBox3D Orientation Quat X": -0.0017726698063063,
            "BoundingBox3D Orientation Quat Y": 0.0152508311649518,
            "BoundingBox3D Orientation Quat Z": 0.9772143559458228,
            "ObjectType": "TRAFFIC_SIGN",
            "Occluded": {
                "F_MIDRANGECAM_C": 0.9994332194328308
            },
            "Truncated": 0,
            "ObjectMeta": {
                "SourceID": 609,
                "SubType": "unknown",
                "Text": "",
                "OcrVersion": 10006
            }
        },
        {
            "ActorName": "TRAFFIC_SIGN 610",
            "ObjectId": 610,
            "BoundingBox3D Origin X": 81.15072250410958,
            "BoundingBox3D Origin Y": 11.861883861216484,
            "BoundingBox3D Origin Z": 1.9458146709948776,
            "BoundingBox3D Extent X": 0.1,
            "BoundingBox3D Extent Y": 0.5673764564289475,
            "BoundingBox3D Extent Z": 0.8397778011530023,
            "BoundingBox3D Orientation Quat W": -0.1666721181054951,
            "BoundingBox3D Orientation Quat X": 0.0040237406808934,
            "BoundingBox3D Orientation Quat Y": 0.0148181451107318,
            "BoundingBox3D Orientation Quat Z": 0.9858928121923995,
            "ObjectType": "TRAFFIC_SIGN",
            "Occluded": {
                "F_MIDRANGECAM_C": 0.9868184328079224
            },
            "Truncated": 0,
            "ObjectMeta": {
                "SourceID": 610,
                "SubType": "us_yellow_ground_diamond_unknown",
                "Text": "",
                "OcrVersion": 10006
            }
        },
        {
            "ActorName": "TRAFFIC_SIGN 611",
            "ObjectId": 611,
            "BoundingBox3D Origin X": 90.720565181673,
            "BoundingBox3D Origin Y": -3.24580494541442,
            "BoundingBox3D Origin Z": 2.018131469376385,
            "BoundingBox3D Extent X": 0.1,
            "BoundingBox3D Extent Y": 0.6647898721773063,
            "BoundingBox3D Extent Z": 0.4925958622564428,
            "BoundingBox3D Orientation Quat W": 0.0807025729809471,
            "BoundingBox3D Orientation Quat X": 0.0002608300440165,
            "BoundingBox3D Orientation Quat Y": 0.0153516809352826,
            "BoundingBox3D Orientation Quat Z": 0.9966199639654046,
            "ObjectType": "TRAFFIC_SIGN",
            "Occluded": {
                "F_MIDRANGECAM_C": 0.999722182750702
            },
            "Truncated": 0,
            "ObjectMeta": {
                "SourceID": 611,
                "SubType": "unknown",
                "Text": "P",
                "OcrVersion": 10006
            }
        },
        {
            "ActorName": "TRAFFIC_SIGN 612",
            "ObjectId": 612,
            "BoundingBox3D Origin X": 127.2616670736461,
            "BoundingBox3D Origin Y": -2.54801549948752,
            "BoundingBox3D Origin Z": 4.663104618899524,
            "BoundingBox3D Extent X": 0.1,
            "BoundingBox3D Extent Y": 2.015689627696113,
            "BoundingBox3D Extent Z": 0.6071013615992222,
            "BoundingBox3D Orientation Quat W": 0.042057975898349,
            "BoundingBox3D Orientation Quat X": 0.0008567520151825,
            "BoundingBox3D Orientation Quat Y": 0.0153303094158085,