{
    "CapturedObjects": [
        {
            "ActorName": "TRAFFIC_SIGN 610",
            "ObjectId": 610,
            "BoundingBox3D Origin X": 5.2564697958205215,
            "BoundingBox3D Origin Y": 10.650632904056692,
            "BoundingBox3D Origin Z": 2.4126906115561724,
            "BoundingBox3D Extent X": 0.1,
            "BoundingBox3D Extent Y": 0.5673764564289475,
            "BoundingBox3D Extent Z": 0.8397778011530023,
            "BoundingBox3D Orientation Quat W": -0.164245246366298,
            "BoundingBox3D Orientation Quat X": 0.0028945538737866,
            "BoundingBox3D Orientation Quat Y": 0.0116739872943524,
            "BoundingBox3D Orientation Quat Z": 0.9863462062706974,
            "ObjectType": "TRAFFIC_SIGN",
            "Occluded": {
                "F_CTCAM_L": 0.0
            },
            "Truncated": 0,
            "ObjectMeta": {
                "SourceID": 610,
                "SubType": "us_yellow_ground_diamond_unknown",
                "Text": "",
                "OcrVersion": 10006
            }
        },
        {
            "ActorName": "TRAFFIC_SIGN 611",
            "ObjectId": 611,
            "BoundingBox3D Origin X": 14.751565026164826,
            "BoundingBox3D Origin Y": -4.504234453168465,
            "BoundingBox3D Origin Z": 2.3974719010293484,
            "BoundingBox3D Extent X": 0.1,
            "BoundingBox3D Extent Y": 0.6647898721773063,
            "BoundingBox3D Extent Z": 0.4925958622564428,
            "BoundingBox3D Orientation Quat W": 0.0831663651178579,
            "BoundingBox3D Orientation Quat X": -6.062583363560756e-05,
            "BoundingBox3D Orientation Quat Y": 0.0120262156408829,
            "BoundingBox3D Orientation Quat Z": 0.996463106278878,
            "ObjectType": "TRAFFIC_SIGN",
            "Occluded": {
                "F_MIDRANGECAM_C": 3.816038224613294e-05
            },
            "Truncated": 0,
            "ObjectMeta": {
                "SourceID": 611,
                "SubType": "unknown",
                "Text": "P",
                "OcrVersion": 10006
            }
        },
        {
            "ActorName": "TRAFFIC_SIGN 612",
            "ObjectId": 612,
            "BoundingBox3D Origin X": 51.29226451678369,
            "BoundingBox3D Origin Y": -4.004048813774716,
            "BoundingBox3D Origin Z": 5.09212510753423,
            "BoundingBox3D Extent X": 0.1,
            "BoundingBox3D Extent Y": 2.015689627696113,
            "BoundingBox3D Extent Z": 0.6071013615992222,
            "BoundingBox3D Orientation Quat W": 0.0445258442565841,
            "BoundingBox3D Orientation Quat X": 0.0004067391284501,
            "BoundingBox3D Orientation Quat Y": 0.0120198472858412,
            "BoundingBox3D Orientation Quat Z": 0.9989358372927388,
            "ObjectType": "TRAFFIC_SIGN",
            "Occluded": {
                "F_MIDRANGECAM_C": 0.0064694634638726
            },
            "Truncated": 0,
            "ObjectMeta": {
                "SourceID": 612,
                "SubType": "unknown",
                "Text": "",
                "OcrVersion": 10006
            }
        },
        {
            "ActorName": "TRAFFIC_SIGN 613",
            "ObjectId": 613,
            "BoundingBox3D Origin X": 56.85041594086033,
            "BoundingBox3D Origin Y": -4.361718882311834,
            "BoundingBox3D Origin Z": 2.572539949789644,
            "BoundingBox3D Extent X": 0.1,
            "BoundingBox3D Extent Y": 0.821519601845871,
            "BoundingBox3D Extent Z": 1.04655705856691,
            "BoundingBox3D Orientation Quat W": 0.0454460103274122,
            "BoundingBox3D Orientation Quat X": 0.0003984870409407,
            "BoundingBox3D Orientation Quat Y": 0.0120201049962491,
            "BoundingBox3D Orientation Quat Z": 0.9988943980367884,
            "ObjectType": "TRAFFIC_SIGN",
            "Occluded": {
                "F_MIDRANGECAM_C": 1.1184570070099653e-07
            },
            "Truncated": 0,
            "ObjectMeta": {
                "SourceID": 613,
                "SubType": "unknown",
                "Text": "AHEAD",
                "OcrVersion": 10006
            }
        },
        {
            "ActorName": "TRAFFIC_SIGN 614",
            "ObjectId": 614,
            "BoundingBox3D Origin X": 38.01934633339079,
            "BoundingBox3D Origin Y": 15.41251343296608,
            "BoundingBox3D Origin Z": 1.9062759531661868,
            "BoundingBox3D Extent X": 0.1,
            "BoundingBox3D Extent Y": 0.7431382892211243,
            "BoundingBox3D Extent Z": 0.8068183363710659,
            "BoundingBox3D Orientation Quat W": -0.3943040419905987,
            "BoundingBox3D Orientation Quat X": 0.0055969698405592,
            "BoundingBox3D Orientation Quat Y": 0.0106505180870968,
            "BoundingBox3D Orientation Quat Z": 0.9189012802597222,
            "ObjectType": "TRAFFIC_SIGN",
            "Occluded": {
                "F_MIDRANGECAM_C": 0.9992890357971193
            },
            "Truncated": 0,
            "ObjectMeta": {
                "SourceID": 614,
                "SubType": "unknown",
                "Text": "",
                "OcrVersion": 10006
            }
        },
        {
            "ActorName": "TRAFFIC_SIGN 615",
            "ObjectId": 615,
            "BoundingBox3D Origin X": 45.93170059289332,
            "BoundingBox3D Origin Y": -11.340568600222468,
            "BoundingBox3D Origin Z": 2.6231578160077333,
            "BoundingBox3D Extent X": 0.1,
            "BoundingBox3D Extent Y": 0.7208321150109754,
            "BoundingBox3D Extent Z": 0.6150844709069305,
            "BoundingBox3D Orientation Quat W": 0.1691436773098291,
            "BoundingBox3D Orientation Quat X": -0.0011020939025848,
            "BoundingBox3D Orientation Quat Y": 0.0119759514183814,
            "BoundingBox3D Orientation Quat Z": 0.9855180254073304,
            "ObjectType": "TRAFFIC_SIGN",
            "Occluded": {
                "F_MIDRANGECAM_C": 0.1337134838104248
            },
            "Truncated": 0,
            "ObjectMeta": {
                "SourceID": 615,
                "SubType": "us_yellow_ground_diamond_unknown",
                "Text": "",
                "OcrVersion": 10006
            }
        },
        {
            "ActorName": "TRAFFIC_SIGN 616",
            "ObjectId": 616,
            "BoundingBox3D Origin X": 71.35070853587968,
            "BoundingBox3D Origin Y": -4.392434647539631,
            "BoundingBox3D Origin Z": 3.015624837949872,
            "BoundingBox3D Extent X": 0.1,
            "BoundingBox3D Extent Y": 0.5572884027437033,
            "BoundingBox3D Extent Z": 0.5924573148805717,
            "BoundingBox3D Orientation Quat W": 0.0577672373397471,
            "BoundingBox3D Orientation Quat X": 0.0002491750945461,
            "BoundingBox3D Orientation Quat Y": 0.0120242325666278,
            "BoundingBox3D Orientation Quat Z": 0.9982576330953292,
            "ObjectType": "TRAFFIC_SIGN",
            "Occluded": {
                "F_MIDRANGECAM_C": 0.0800158381462097
            },
            "Truncated": 0,
            "ObjectMeta": {
                "SourceID": 616,
                "SubType": "unknown",
                "Text": "",
                "OcrVersion": 10006
            }
        },
        {
            "ActorName": "TRAFFIC_SIGN 617",
            "ObjectId": 617,
            "BoundingBox3D Origin X": 50.748594298440366,
            "BoundingBox3D Origin Y": -4.667791403102456,
            "BoundingBox3D Origin Z": 2.985031691379845,
            "BoundingBox3D Extent X": 0.0999999999999999,
            "BoundingBox3D Extent Y": 0.7647942581555,
            "BoundingBox3D Extent Z": 0.185378029919662,
            "BoundingBox3D Orientation Quat W": 0.1821235451409599,
            "BoundingBox3D Orientation Quat X": -0.0012577565408164,
            "BoundingBox3D Orientation Quat Y": 0.0119606590738687,