{
    "CapturedObjects": [
        {
            "ActorName": "TRAFFIC_SIGN 612",
            "ObjectId": 612,
            "BoundingBox3D Origin X": 27.232014528490254,
            "BoundingBox3D Origin Y": -3.628977604108513,
            "BoundingBox3D Origin Z": 4.846778268925846,
            "BoundingBox3D Extent X": 0.1,
            "BoundingBox3D Extent Y": 2.015689627696113,
            "BoundingBox3D Extent Z": 0.6071013615992222,
            "BoundingBox3D Orientation Quat W": 0.0378869040440089,
            "BoundingBox3D Orientation Quat X": 0.0055927270771778,
            "BoundingBox3D Orientation Quat Y": 0.0070671021625731,
            "BoundingBox3D Orientation Quat Z": 0.9992413922435478,
            "ObjectType": "TRAFFIC_SIGN",
            "Occluded": {
                "F_MIDRANGECAM_C": 0.0157428793609142
            },
            "Truncated": 0,
            "ObjectMeta": {
                "SourceID": 612,
                "SubType": "unknown",
                "Text": "",
                "OcrVersion": 10006
            }
        },
        {
            "ActorName": "TRAFFIC_SIGN 613",
            "ObjectId": 613,
            "BoundingBox3D Origin X": 32.76854437057045,
            "BoundingBox3D Origin Y": -3.8871965880243806,
            "BoundingBox3D Origin Z": 2.2680789781734347,
            "BoundingBox3D Extent X": 0.1,
            "BoundingBox3D Extent Y": 0.821519601845871,
            "BoundingBox3D Extent Z": 1.04655705856691,
            "BoundingBox3D Orientation Quat W": 0.0388073326289387,
            "BoundingBox3D Orientation Quat X": 0.0055890312264938,
            "BoundingBox3D Orientation Quat Y": 0.0070721579557799,
            "BoundingBox3D Orientation Quat Z": 0.9992060539478456,
            "ObjectType": "TRAFFIC_SIGN",
            "Occluded": {
                "F_MIDRANGECAM_C": 1.0108735892799817e-07
            },
            "Truncated": 0,
            "ObjectMeta": {
                "SourceID": 613,
                "SubType": "unknown",
                "Text": "AHEAD",
                "OcrVersion": 10006
            }
        },
        {
            "ActorName": "TRAFFIC_SIGN 614",
            "ObjectId": 614,
            "BoundingBox3D Origin X": 13.673821930453414,
            "BoundingBox3D Origin Y": 15.64222965366207,
            "BoundingBox3D Origin Z": 1.996567978523672,
            "BoundingBox3D Extent X": 0.1,
            "BoundingBox3D Extent Y": 0.7431382892211243,
            "BoundingBox3D Extent Z": 0.8068183363710659,
            "BoundingBox3D Orientation Quat W": -0.4004159876945191,
            "BoundingBox3D Orientation Quat X": 0.0081149368345762,
            "BoundingBox3D Orientation Quat Y": 0.0039361322301557,
            "BoundingBox3D Orientation Quat Z": 0.9162890872764232,
            "ObjectType": "TRAFFIC_SIGN",
            "Occluded": {
                "F_MIDRANGECAM_C": 0.0007235141820274
            },
            "Truncated": 0,
            "ObjectMeta": {
                "SourceID": 614,
                "SubType": "unknown",
                "Text": "",
                "OcrVersion": 10006
            }
        },
        {
            "ActorName": "TRAFFIC_SIGN 615",
            "ObjectId": 615,
            "BoundingBox3D Origin X": 21.94336637525703,
            "BoundingBox3D Origin Y": -11.009833553165665,
            "BoundingBox3D Origin Z": 2.35524192545563,
            "BoundingBox3D Extent X": 0.1,
            "BoundingBox3D Extent Y": 0.7208321150109754,
            "BoundingBox3D Extent Z": 0.6150844709069305,
            "BoundingBox3D Orientation Quat W": 0.1625938609589396,
            "BoundingBox3D Orientation Quat X": 0.0046621596747888,
            "BoundingBox3D Orientation Quat Y": 0.0077109836250157,
            "BoundingBox3D Orientation Quat Z": 0.9866519352726,
            "ObjectType": "TRAFFIC_SIGN",
            "Occluded": {
                "F_MIDRANGECAM_C": 0.016346076503396
            },
            "Truncated": 0,
            "ObjectMeta": {
                "SourceID": 615,
                "SubType": "us_yellow_ground_diamond_unknown",
                "Text": "",
                "OcrVersion": 10006
            }
        },
        {
            "ActorName": "TRAFFIC_SIGN 616",
            "ObjectId": 616,
            "BoundingBox3D Origin X": 47.27178804144205,
            "BoundingBox3D Origin Y": -3.730876756584621,
            "BoundingBox3D Origin Z": 2.565631778910756,
            "BoundingBox3D Extent X": 0.1,
            "BoundingBox3D Extent Y": 0.5572884027437033,
            "BoundingBox3D Extent Z": 0.5924573148805717,
            "BoundingBox3D Orientation Quat W": 0.0511328085902064,
            "BoundingBox3D Orientation Quat X": 0.0055003131908778,
            "BoundingBox3D Orientation Quat Y": 0.0071407027799752,
            "BoundingBox3D Orientation Quat Z": 0.9986511867535568,
            "ObjectType": "TRAFFIC_SIGN",
            "Occluded": {
                "F_MIDRANGECAM_C": 0.2392311245203018
            },
            "Truncated": 0,
            "ObjectMeta": {
                "SourceID": 616,
                "SubType": "unknown",
                "Text": "",
                "OcrVersion": 10006
            }
        },
        {
            "ActorName": "TRAFFIC_SIGN 617",
            "ObjectId": 617,
            "BoundingBox3D Origin X": 26.67574361564766,
            "BoundingBox3D Origin Y": -4.278099654315156,
            "BoundingBox3D Origin Z": 2.7384242452681065,
            "BoundingBox3D Extent X": 0.0999999999999999,
            "BoundingBox3D Extent Y": 0.7647942581555,
            "BoundingBox3D Extent Z": 0.185378029919662,
            "BoundingBox3D Orientation Quat W": 0.1755890835185485,
            "BoundingBox3D Orientation Quat X": 0.004562172933178,
            "BoundingBox3D Orientation Quat Y": 0.0077721087155391,
            "BoundingBox3D Orientation Quat Z": 0.9844222948782488,
            "ObjectType": "TRAFFIC_SIGN",
            "Occluded": {
                "F_MIDRANGECAM_C": 0.9892517924308776
            },
            "Truncated": 0,
            "ObjectMeta": {
                "SourceID": 617,
                "SubType": "us_white_ground_rectangle_unknown",
                "Text": "",
                "OcrVersion": 10006
            }
        },
        {
            "ActorName": "TRAFFIC_SIGN 618",
            "ObjectId": 618,
            "BoundingBox3D Origin X": 49.02121231269848,
            "BoundingBox3D Origin Y": -3.19277502343175,
            "BoundingBox3D Origin Z": 1.950593756511808,
            "BoundingBox3D Extent X": 0.0999999999999999,
            "BoundingBox3D Extent Y": 0.3186681614729488,
            "BoundingBox3D Extent Z": 0.468749094353403,
            "BoundingBox3D Orientation Quat W": 0.286903940614907,
            "BoundingBox3D Orientation Quat X": 0.0036459627754234,
            "BoundingBox3D Orientation Quat Y": 0.0082431525449777,
            "BoundingBox3D Orientation Quat Z": 0.9579169516462266,
            "ObjectType": "TRAFFIC_SIGN",
            "Occluded": {
                "F_MIDRANGECAM_C": 0.9946061968803406
            },
            "Truncated": 0,
            "ObjectMeta": {
                "SourceID": 618,
                "SubType": "us_white_ground_rectangle_unknown",
                "Text": "",
                "OcrVersion": 10006
            }
        },
        {
            "ActorName": "TRAFFIC_SIGN 619",
            "ObjectId": 619,
            "BoundingBox3D Origin X": 78.36258902745612,
            "BoundingBox3D Origin Y": -2.7976075125916395,
            "BoundingBox3D Origin Z": 2.1704520992934704,
            "BoundingBox3D Extent X": 0.1,
            "BoundingBox3D Extent Y": 0.6539907426792017,
            "BoundingBox3D Extent Z": 1.2534023493860695,
            "BoundingBox3D Orientation Quat W": 0.0603819492420326,
            "BoundingBox3D Orientation Quat X": 0.0054357376864652,