{
    "CapturedObjects": [
        {
            "ActorName": "TRAFFIC_SIGN 604",
            "ObjectId": 604,
            "BoundingBox3D Origin X": 28.615244721754607,
            "BoundingBox3D Origin Y": 13.697200631635496,
            "BoundingBox3D Origin Z": 1.597638099454343,
            "BoundingBox3D Extent X": 0.1,
            "BoundingBox3D Extent Y": 0.6542573677519435,
            "BoundingBox3D Extent Z": 0.6696639461456285,
            "BoundingBox3D Orientation Quat W": -0.4094162016535939,
            "BoundingBox3D Orientation Quat X": 0.0064239728345936,
            "BoundingBox3D Orientation Quat Y": 0.012922826310743,
            "BoundingBox3D Orientation Quat Z": 0.9122335813577058,
            "ObjectType": "TRAFFIC_SIGN",
            "Occluded": {
                "F_MIDRANGECAM_C": 0.004329951480031
            },
            "Truncated": 0,
            "ObjectMeta": {
                "SourceID": 604,
                "SubType": "us_stop",
                "Text": "",
                "OcrVersion": 10006
            }
        },
        {
            "ActorName": "TRAFFIC_SIGN 605",
            "ObjectId": 605,
            "BoundingBox3D Origin X": 45.33493796217408,
            "BoundingBox3D Origin Y": -3.913239429501118,
            "BoundingBox3D Origin Z": 5.40688406676054,
            "BoundingBox3D Extent X": 0.1,
            "BoundingBox3D Extent Y": 1.675241656574072,
            "BoundingBox3D Extent Z": 0.7136703424772214,
            "BoundingBox3D Orientation Quat W": 0.046357174489982,
            "BoundingBox3D Orientation Quat X": -0.0001040669787201,
            "BoundingBox3D Orientation Quat Y": 0.0144254174683305,
            "BoundingBox3D Orientation Quat Z": 0.9988207591326054,
            "ObjectType": "TRAFFIC_SIGN",
            "Occluded": {
                "F_MIDRANGECAM_C": 0.0401948019862175
            },
            "Truncated": 0,
            "ObjectMeta": {
                "SourceID": 605,
                "SubType": "unknown",
                "Text": "Bryson",
                "OcrVersion": 10006
            }
        },
        {
            "ActorName": "TRAFFIC_SIGN 606",
            "ObjectId": 606,
            "BoundingBox3D Origin X": 45.25226272848613,
            "BoundingBox3D Origin Y": 2.139448385074502,
            "BoundingBox3D Origin Z": 6.933292819187045,
            "BoundingBox3D Extent X": 0.1,
            "BoundingBox3D Extent Y": 0.6808865710446399,
            "BoundingBox3D Extent Z": 0.8102549796546726,
            "BoundingBox3D Orientation Quat W": -0.0223593444795522,
            "BoundingBox3D Orientation Quat X": 0.0008887426378491,
            "BoundingBox3D Orientation Quat Y": 0.0143987202549256,
            "BoundingBox3D Orientation Quat Z": 0.9996459106633656,
            "ObjectType": "TRAFFIC_SIGN",
            "Occluded": {
                "F_MIDRANGECAM_C": 0.0010071266442537
            },
            "Truncated": 0,
            "ObjectMeta": {
                "SourceID": 606,
                "SubType": "us_white_ground_rectangle_unknown",
                "Text": "",
                "OcrVersion": 10006
            }
        },
        {
            "ActorName": "TRAFFIC_SIGN 607",
            "ObjectId": 607,
            "BoundingBox3D Origin X": 25.6464315741132,
            "BoundingBox3D Origin Y": -10.744172111531952,
            "BoundingBox3D Origin Z": 2.7390402872115374,
            "BoundingBox3D Extent X": 0.1,
            "BoundingBox3D Extent Y": 0.6534787456868417,
            "BoundingBox3D Extent Z": 0.6851783530544237,
            "BoundingBox3D Orientation Quat W": 0.3704537968073831,
            "BoundingBox3D Orientation Quat X": -0.004816170455664,
            "BoundingBox3D Orientation Quat Y": 0.0135981099184998,
            "BoundingBox3D Orientation Quat Z": 0.928738865526678,
            "ObjectType": "TRAFFIC_SIGN",
            "Occluded": {
                "F_MIDRANGECAM_C": 0.3649752140045166
            },
            "Truncated": 0,
            "ObjectMeta": {
                "SourceID": 607,
                "SubType": "us_yellow_ground_diamond_unknown",
                "Text": "OUTLET",
                "OcrVersion": 10006
            }
        },
        {
            "ActorName": "TRAFFIC_SIGN 608",
            "ObjectId": 608,
            "BoundingBox3D Origin X": 59.9189308695195,
            "BoundingBox3D Origin Y": -3.8772460470790975,
            "BoundingBox3D Origin Z": 2.54696106351912,
            "BoundingBox3D Extent X": 0.1,
            "BoundingBox3D Extent Y": 0.3973643084709372,
            "BoundingBox3D Extent Z": 0.4863847471929617,
            "BoundingBox3D Orientation Quat W": 0.0871857916084456,
            "BoundingBox3D Orientation Quat X": -0.0006895053153249,
            "BoundingBox3D Orientation Quat Y": 0.014409047731961,
            "BoundingBox3D Orientation Quat Z": 0.996087617465194,
            "ObjectType": "TRAFFIC_SIGN",
            "Occluded": {
                "F_MIDRANGECAM_C": 0.016039477661252
            },
            "Truncated": 0,
            "ObjectMeta": {
                "SourceID": 608,
                "SubType": "us_yellow_ground_diamond_unknown",
                "Text": "11",
                "OcrVersion": 10006
            }
        },
        {
            "ActorName": "TRAFFIC_SIGN 609",
            "ObjectId": 609,
            "BoundingBox3D Origin X": 94.63033079697834,
            "BoundingBox3D Origin Y": -8.756236605579033,
            "BoundingBox3D Origin Z": 2.3667948907241225,
            "BoundingBox3D Extent X": 0.1,
            "BoundingBox3D Extent Y": 0.4327197226534073,
            "BoundingBox3D Extent Z": 0.5787043291211466,
            "BoundingBox3D Orientation Quat W": 0.2094274353737017,
            "BoundingBox3D Orientation Quat X": -0.0024603896736942,
            "BoundingBox3D Orientation Quat Y": 0.0142138866248525,
            "BoundingBox3D Orientation Quat Z": 0.9777177819915436,
            "ObjectType": "TRAFFIC_SIGN",
            "Occluded": {
                "F_MIDRANGECAM_C": 0.9848669171333312
            },
            "Truncated": 0,
            "ObjectMeta": {
                "SourceID": 609,
                "SubType": "unknown",
                "Text": "",
                "OcrVersion": 10006
            }
        },
        {
            "ActorName": "TRAFFIC_SIGN 610",
            "ObjectId": 610,
            "BoundingBox3D Origin X": 106.5583826875727,
            "BoundingBox3D Origin Y": 12.204953894251958,
            "BoundingBox3D Origin Z": 2.069061691872776,
            "BoundingBox3D Extent X": 0.1,
            "BoundingBox3D Extent Y": 0.5673764564289475,
            "BoundingBox3D Extent Z": 0.8397778011530023,
            "BoundingBox3D Orientation Quat W": -0.1689683739090545,
            "BoundingBox3D Orientation Quat X": 0.0030001483608027,
            "BoundingBox3D Orientation Quat Y": 0.0141119783891565,
            "BoundingBox3D Orientation Quat Z": 0.9855158749580276,
            "ObjectType": "TRAFFIC_SIGN",
            "Occluded": {
                "F_MIDRANGECAM_C": 0.968735933303833
            },
            "Truncated": 0,
            "ObjectMeta": {
                "SourceID": 610,
                "SubType": "us_yellow_ground_diamond_unknown",
                "Text": "",
                "OcrVersion": 10006
            }
        },
        {
            "ActorName": "TRAFFIC_SIGN 611",
            "ObjectId": 611,
            "BoundingBox3D Origin X": 116.19855398633808,
            "BoundingBox3D Origin Y": -2.85789541475242,
            "BoundingBox3D Origin Z": 2.1315196584910154,
            "BoundingBox3D Extent X": 0.1,
            "BoundingBox3D Extent Y": 0.6647898721773063,
            "BoundingBox3D Extent Z": 0.4925958622564428,
            "BoundingBox3D Orientation Quat W": 0.0783839860308288,
            "BoundingBox3D Orientation Quat X": -0.0005577037404951,