{
    "CapturedObjects": [
        {
            "ActorName": "TRAFFIC_SIGN 604",
            "ObjectId": 604,
            "BoundingBox3D Origin X": 10.455150224448062,
            "BoundingBox3D Origin Y": 13.861455010453938,
            "BoundingBox3D Origin Z": 1.6166372066363692,
            "BoundingBox3D Extent X": 0.1,
            "BoundingBox3D Extent Y": 0.6542573677519435,
            "BoundingBox3D Extent Z": 0.6696639461456285,
            "BoundingBox3D Orientation Quat W": -0.4157130225338671,
            "BoundingBox3D Orientation Quat X": 0.0061025440332526,
            "BoundingBox3D Orientation Quat Y": 0.0137857968569836,
            "BoundingBox3D Orientation Quat Z": 0.9093708779464492,
            "ObjectType": "TRAFFIC_SIGN",
            "Occluded": {
                "F_MIDRANGECAM_C": 0.0014424290275201
            },
            "Truncated": 0,
            "ObjectMeta": {
                "SourceID": 604,
                "SubType": "us_stop",
                "Text": "",
                "OcrVersion": 10006
            }
        },
        {
            "ActorName": "TRAFFIC_SIGN 605",
            "ObjectId": 605,
            "BoundingBox3D Origin X": 27.413154859569204,
            "BoundingBox3D Origin Y": -3.510642891807948,
            "BoundingBox3D Origin Z": 5.467072240076959,
            "BoundingBox3D Extent X": 0.1,
            "BoundingBox3D Extent Y": 1.675241656574072,
            "BoundingBox3D Extent Z": 0.7136703424772214,
            "BoundingBox3D Orientation Quat W": 0.0394449931283293,
            "BoundingBox3D Orientation Quat X": -0.0007798866156144,
            "BoundingBox3D Orientation Quat Y": 0.0150503425285951,
            "BoundingBox3D Orientation Quat Z": 0.9991080879883544,
            "ObjectType": "TRAFFIC_SIGN",
            "Occluded": {
                "F_MIDRANGECAM_C": 0.0124912643805146
            },
            "Truncated": 0,
            "ObjectMeta": {
                "SourceID": 605,
                "SubType": "unknown",
                "Text": "Bryson",
                "OcrVersion": 10006
            }
        },
        {
            "ActorName": "TRAFFIC_SIGN 606",
            "ObjectId": 606,
            "BoundingBox3D Origin X": 27.24492845864006,
            "BoundingBox3D Origin Y": 2.542269485071301,
            "BoundingBox3D Origin Z": 6.985464503057301,
            "BoundingBox3D Extent X": 0.1,
            "BoundingBox3D Extent Y": 0.6808865710446399,
            "BoundingBox3D Extent Z": 0.8102549796546726,
            "BoundingBox3D Orientation Quat W": -0.0292742994824964,
            "BoundingBox3D Orientation Quat X": 0.0002573941285982,
            "BoundingBox3D Orientation Quat Y": 0.0150686646558176,
            "BoundingBox3D Orientation Quat Z": 0.9994577952487852,
            "ObjectType": "TRAFFIC_SIGN",
            "Occluded": {
                "F_MIDRANGECAM_C": 2.865694841602817e-05
            },
            "Truncated": 0,
            "ObjectMeta": {
                "SourceID": 606,
                "SubType": "us_white_ground_rectangle_unknown",
                "Text": "",
                "OcrVersion": 10006
            }
        },
        {
            "ActorName": "TRAFFIC_SIGN 607",
            "ObjectId": 607,
            "BoundingBox3D Origin X": 7.824049843633475,
            "BoundingBox3D Origin Y": -10.617104287201071,
            "BoundingBox3D Origin Z": 2.786854075267911,
            "BoundingBox3D Extent X": 0.1,
            "BoundingBox3D Extent Y": 0.6534787456868417,
            "BoundingBox3D Extent Z": 0.6851783530544237,
            "BoundingBox3D Orientation Quat W": 0.3640127471598502,
            "BoundingBox3D Orientation Quat X": -0.0056591047615554,
            "BoundingBox3D Orientation Quat Y": 0.0139673462270191,
            "BoundingBox3D Orientation Quat Z": 0.9312720374186116,
            "ObjectType": "TRAFFIC_SIGN",
            "Occluded": {
                "F_CTCAM_L": 0.0
            },
            "Truncated": 0,
            "ObjectMeta": {
                "SourceID": 607,
                "SubType": "us_yellow_ground_diamond_unknown",
                "Text": "OUTLET",
                "OcrVersion": 10006
            }
        },
        {
            "ActorName": "TRAFFIC_SIGN 608",
            "ObjectId": 608,
            "BoundingBox3D Origin X": 41.99846878445487,
            "BoundingBox3D Origin Y": -3.2763212161080446,
            "BoundingBox3D Origin Z": 2.622885609976948,
            "BoundingBox3D Extent X": 0.1,
            "BoundingBox3D Extent Y": 0.3973643084709372,
            "BoundingBox3D Extent Z": 0.4863847471929617,
            "BoundingBox3D Orientation Quat W": 0.0802907433610984,
            "BoundingBox3D Orientation Quat X": -0.0013903030493168,
            "BoundingBox3D Orientation Quat Y": 0.0150057913647776,
            "BoundingBox3D Orientation Quat Z": 0.996657558950651,
            "ObjectType": "TRAFFIC_SIGN",
            "Occluded": {
                "F_MIDRANGECAM_C": 0.0032178605906665
            },
            "Truncated": 0,
            "ObjectMeta": {
                "SourceID": 608,
                "SubType": "us_yellow_ground_diamond_unknown",
                "Text": "11",
                "OcrVersion": 10006
            }
        },
        {
            "ActorName": "TRAFFIC_SIGN 609",
            "ObjectId": 609,
            "BoundingBox3D Origin X": 76.77450577625677,
            "BoundingBox3D Origin Y": -7.67417581146583,
            "BoundingBox3D Origin Z": 2.486696452833712,
            "BoundingBox3D Extent X": 0.1,
            "BoundingBox3D Extent Y": 0.4327197226534073,
            "BoundingBox3D Extent Z": 0.5787043291211466,
            "BoundingBox3D Orientation Quat W": 0.2026541360319438,
            "BoundingBox3D Orientation Quat X": -0.0032294146964078,
            "BoundingBox3D Orientation Quat Y": 0.0147194869851061,
            "BoundingBox3D Orientation Quat Z": 0.9791344181126308,
            "ObjectType": "TRAFFIC_SIGN",
            "Occluded": {
                "F_MIDRANGECAM_C": 0.9998986721038818
            },
            "Truncated": 0,
            "ObjectMeta": {
                "SourceID": 609,
                "SubType": "unknown",
                "Text": "",
                "OcrVersion": 10006
            }
        },
        {
            "ActorName": "TRAFFIC_SIGN 610",
            "ObjectId": 610,
            "BoundingBox3D Origin X": 88.41132298865614,
            "BoundingBox3D Origin Y": 13.449763737793546,
            "BoundingBox3D Origin Z": 2.174411764368415,
            "BoundingBox3D Extent X": 0.1,
            "BoundingBox3D Extent Y": 0.5673764564289475,
            "BoundingBox3D Extent Z": 0.8397778011530023,
            "BoundingBox3D Orientation Quat W": -0.1757797684491578,
            "BoundingBox3D Orientation Quat X": 0.0024739366941306,
            "BoundingBox3D Orientation Quat Y": 0.0148675486799962,
            "BoundingBox3D Orientation Quat Z": 0.9843141310767828,
            "ObjectType": "TRAFFIC_SIGN",
            "Occluded": {
                "F_MIDRANGECAM_C": 0.9992154836654664
            },
            "Truncated": 0,
            "ObjectMeta": {
                "SourceID": 610,
                "SubType": "us_yellow_ground_diamond_unknown",
                "Text": "",
                "OcrVersion": 10006
            }
        },
        {
            "ActorName": "TRAFFIC_SIGN 611",
            "ObjectId": 611,
            "BoundingBox3D Origin X": 98.2592797836669,
            "BoundingBox3D Origin Y": -1.4779361456166953,
            "BoundingBox3D Origin Z": 2.267045236192644,
            "BoundingBox3D Extent X": 0.1,
            "BoundingBox3D Extent Y": 0.6647898721773063,
            "BoundingBox3D Extent Z": 0.4925958622564428,
            "BoundingBox3D Orientation Quat W": 0.071484266786412,
            "BoundingBox3D Orientation Quat X": -0.0012532111278348,