{
    "CapturedObjects": [
        {
            "ActorName": "TRAFFIC_SIGN 612",
            "ObjectId": 612,
            "BoundingBox3D Origin X": 28.03040547434648,
            "BoundingBox3D Origin Y": -3.597808770602569,
            "BoundingBox3D Origin Z": 4.916274022310972,
            "BoundingBox3D Extent X": 0.1,
            "BoundingBox3D Extent Y": 2.015689627696113,
            "BoundingBox3D Extent Z": 0.6071013615992222,
            "BoundingBox3D Orientation Quat W": 0.0377853701742773,
            "BoundingBox3D Orientation Quat X": 0.0044527459588063,
            "BoundingBox3D Orientation Quat Y": 0.0090687941420232,
            "BoundingBox3D Orientation Quat Z": 0.9992348051519367,
            "ObjectType": "TRAFFIC_SIGN",
            "Occluded": {
                "F_MIDRANGECAM_C": 0.0264566820114851
            },
            "Truncated": 0,
            "ObjectMeta": {
                "SourceID": 612,
                "SubType": "unknown",
                "Text": "",
                "OcrVersion": 10006
            }
        },
        {
            "ActorName": "TRAFFIC_SIGN 613",
            "ObjectId": 613,
            "BoundingBox3D Origin X": 33.57243318241672,
            "BoundingBox3D Origin Y": -3.865200175830978,
            "BoundingBox3D Origin Z": 2.350421822629869,
            "BoundingBox3D Extent X": 0.1,
            "BoundingBox3D Extent Y": 0.821519601845871,
            "BoundingBox3D Extent Z": 1.04655705856691,
            "BoundingBox3D Orientation Quat W": 0.0387058053390434,
            "BoundingBox3D Orientation Quat X": 0.0044472097579302,
            "BoundingBox3D Orientation Quat Y": 0.0090727972582517,
            "BoundingBox3D Orientation Quat Z": 0.9991995633047164,
            "ObjectType": "TRAFFIC_SIGN",
            "Occluded": {
                "F_MIDRANGECAM_C": 9.963006277757811e-07
            },
            "Truncated": 0,
            "ObjectMeta": {
                "SourceID": 613,
                "SubType": "unknown",
                "Text": "AHEAD",
                "OcrVersion": 10006
            }
        },
        {
            "ActorName": "TRAFFIC_SIGN 614",
            "ObjectId": 614,
            "BoundingBox3D Origin X": 14.473841667502713,
            "BoundingBox3D Origin Y": 15.65827878525306,
            "BoundingBox3D Origin Z": 1.958716053515673,
            "BoundingBox3D Extent X": 0.1,
            "BoundingBox3D Extent Y": 0.7431382892211243,
            "BoundingBox3D Extent Z": 0.8068183363710659,
            "BoundingBox3D Orientation Quat W": -0.4005063704245692,
            "BoundingBox3D Orientation Quat X": 0.0079573084251141,
            "BoundingBox3D Orientation Quat Y": 0.0062346007084415,
            "BoundingBox3D Orientation Quat Z": 0.916238210426727,
            "ObjectType": "TRAFFIC_SIGN",
            "Occluded": {
                "F_MIDRANGECAM_C": 0.0668359622359275
            },
            "Truncated": 0,
            "ObjectMeta": {
                "SourceID": 614,
                "SubType": "unknown",
                "Text": "",
                "OcrVersion": 10006
            }
        },
        {
            "ActorName": "TRAFFIC_SIGN 615",
            "ObjectId": 615,
            "BoundingBox3D Origin X": 22.74885124008142,
            "BoundingBox3D Origin Y": -10.99008912887075,
            "BoundingBox3D Origin Z": 2.443656033836305,
            "BoundingBox3D Extent X": 0.1,
            "BoundingBox3D Extent Y": 0.7208321150109754,
            "BoundingBox3D Extent Z": 0.6150844709069305,
            "BoundingBox3D Orientation Quat W": 0.1624931756255185,
            "BoundingBox3D Orientation Quat X": 0.0032810879374254,
            "BoundingBox3D Orientation Quat Y": 0.0095540130258122,
            "BoundingBox3D Orientation Quat Z": 0.9866579565240348,
            "ObjectType": "TRAFFIC_SIGN",
            "Occluded": {
                "F_MIDRANGECAM_C": 0.0485094934701919
            },
            "Truncated": 0,
            "ObjectMeta": {
                "SourceID": 615,
                "SubType": "us_yellow_ground_diamond_unknown",
                "Text": "",
                "OcrVersion": 10006
            }
        },
        {
            "ActorName": "TRAFFIC_SIGN 616",
            "ObjectId": 616,
            "BoundingBox3D Origin X": 48.074876593018416,
            "BoundingBox3D Origin Y": -3.704100978255156,
            "BoundingBox3D Origin Z": 2.678121842443943,
            "BoundingBox3D Extent X": 0.1,
            "BoundingBox3D Extent Y": 0.5572884027437033,
            "BoundingBox3D Extent Z": 0.5924573148805717,
            "BoundingBox3D Orientation Quat W": 0.0510312997684998,
            "BoundingBox3D Orientation Quat X": 0.0043339338891652,
            "BoundingBox3D Orientation Quat Y": 0.0091270735829337,
            "BoundingBox3D Orientation Quat Z": 0.9986459432595686,
            "ObjectType": "TRAFFIC_SIGN",
            "Occluded": {
                "F_MIDRANGECAM_C": 0.9584307074546814
            },
            "Truncated": 0,
            "ObjectMeta": {
                "SourceID": 616,
                "SubType": "unknown",
                "Text": "",
                "OcrVersion": 10006
            }
        },
        {
            "ActorName": "TRAFFIC_SIGN 617",
            "ObjectId": 617,
            "BoundingBox3D Origin X": 27.47877884824265,
            "BoundingBox3D Origin Y": -4.255676369211869,
            "BoundingBox3D Origin Z": 2.809419664554298,
            "BoundingBox3D Extent X": 0.0999999999999999,
            "BoundingBox3D Extent Y": 0.7647942581555,
            "BoundingBox3D Extent Z": 0.185378029919662,
            "BoundingBox3D Orientation Quat W": 0.1754885723017369,
            "BoundingBox3D Orientation Quat X": 0.0031569485588328,
            "BoundingBox3D Orientation Quat Y": 0.0095967243593636,
            "BoundingBox3D Orientation Quat Z": 0.9844296305723764,
            "ObjectType": "TRAFFIC_SIGN",
            "Occluded": {
                "F_MIDRANGECAM_C": 0.9842249155044556
            },
            "Truncated": 0,
            "ObjectMeta": {
                "SourceID": 617,
                "SubType": "us_white_ground_rectangle_unknown",
                "Text": "",
                "OcrVersion": 10006
            }
        },
        {
            "ActorName": "TRAFFIC_SIGN 618",
            "ObjectId": 618,
            "BoundingBox3D Origin X": 49.82546648319112,
            "BoundingBox3D Origin Y": -3.1680859436746687,
            "BoundingBox3D Origin Z": 2.0646123411133885,
            "BoundingBox3D Extent X": 0.0999999999999999,
            "BoundingBox3D Extent Y": 0.3186681614729488,
            "BoundingBox3D Extent Z": 0.468749094353403,
            "BoundingBox3D Orientation Quat W": 0.2868054729555801,
            "BoundingBox3D Orientation Quat X": 0.0020416764098379,
            "BoundingBox3D Orientation Quat Y": 0.0098948734161943,
            "BoundingBox3D Orientation Quat Z": 0.9579355634489416,
            "ObjectType": "TRAFFIC_SIGN",
            "Occluded": {
                "F_MIDRANGECAM_C": 0.9980905652046204
            },
            "Truncated": 0,
            "ObjectMeta": {
                "SourceID": 618,
                "SubType": "us_white_ground_rectangle_unknown",
                "Text": "",
                "OcrVersion": 10006
            }
        },
        {
            "ActorName": "TRAFFIC_SIGN 619",
            "ObjectId": 619,
            "BoundingBox3D Origin X": 79.1660185420551,
            "BoundingBox3D Origin Y": -2.764811057888437,
            "BoundingBox3D Origin Z": 2.3451452683657408,
            "BoundingBox3D Extent X": 0.1,
            "BoundingBox3D Extent Y": 0.6539907426792017,
            "BoundingBox3D Extent Z": 1.2534023493860695,
            "BoundingBox3D Orientation Quat W": 0.0602804694666638,
            "BoundingBox3D Orientation Quat X": 0.0042510360104322,