{
    "CapturedObjects": [
        {
            "ActorName": "TRAFFIC_SIGN 610",
            "ObjectId": 610,
            "BoundingBox3D Origin X": 7.657991338901411,
            "BoundingBox3D Origin Y": 10.666441509441938,
            "BoundingBox3D Origin Z": 2.4218642050400376,
            "BoundingBox3D Extent X": 0.1,
            "BoundingBox3D Extent Y": 0.5673764564289475,
            "BoundingBox3D Extent Z": 0.8397778011530023,
            "BoundingBox3D Orientation Quat W": -0.1642541397068454,
            "BoundingBox3D Orientation Quat X": 0.0012931344686668,
            "BoundingBox3D Orientation Quat Y": 0.0120850991481425,
            "BoundingBox3D Orientation Quat Z": 0.9863431734295064,
            "ObjectType": "TRAFFIC_SIGN",
            "Occluded": {
                "F_CTCAM_L": 0.0
            },
            "Truncated": 0,
            "ObjectMeta": {
                "SourceID": 610,
                "SubType": "us_yellow_ground_diamond_unknown",
                "Text": "",
                "OcrVersion": 10006
            }
        },
        {
            "ActorName": "TRAFFIC_SIGN 611",
            "ObjectId": 611,
            "BoundingBox3D Origin X": 17.15418308552762,
            "BoundingBox3D Origin Y": -4.487763568526134,
            "BoundingBox3D Origin Z": 2.442313766106963,
            "BoundingBox3D Extent X": 0.1,
            "BoundingBox3D Extent Y": 0.6647898721773063,
            "BoundingBox3D Extent Z": 0.4925958622564428,
            "BoundingBox3D Orientation Quat W": 0.0831559695251913,
            "BoundingBox3D Orientation Quat X": -0.0017146745861068,
            "BoundingBox3D Orientation Quat Y": 0.0120301984666912,
            "BoundingBox3D Orientation Quat Z": 0.996462452352441,
            "ObjectType": "TRAFFIC_SIGN",
            "Occluded": {
                "F_MIDRANGECAM_C": 6.024411050020717e-06
            },
            "Truncated": 0,
            "ObjectMeta": {
                "SourceID": 611,
                "SubType": "unknown",
                "Text": "P",
                "OcrVersion": 10006
            }
        },
        {
            "ActorName": "TRAFFIC_SIGN 612",
            "ObjectId": 612,
            "BoundingBox3D Origin X": 53.68576287620999,
            "BoundingBox3D Origin Y": -3.984650574042462,
            "BoundingBox3D Origin Z": 5.257079443894327,
            "BoundingBox3D Extent X": 0.1,
            "BoundingBox3D Extent Y": 2.015689627696113,
            "BoundingBox3D Extent Z": 0.6071013615992222,
            "BoundingBox3D Orientation Quat W": 0.0445158691746848,
            "BoundingBox3D Orientation Quat X": -0.0012457426122274,
            "BoundingBox3D Orientation Quat Y": 0.0120879583517392,
            "BoundingBox3D Orientation Quat Z": 0.9989347660282192,
            "ObjectType": "TRAFFIC_SIGN",
            "Occluded": {
                "F_MIDRANGECAM_C": 0.0011663885088637
            },
            "Truncated": 0,
            "ObjectMeta": {
                "SourceID": 612,
                "SubType": "unknown",
                "Text": "",
                "OcrVersion": 10006
            }
        },
        {
            "ActorName": "TRAFFIC_SIGN 613",
            "ObjectId": 613,
            "BoundingBox3D Origin X": 59.2522193522982,
            "BoundingBox3D Origin Y": -4.342703205678845,
            "BoundingBox3D Origin Z": 2.755903941579163,
            "BoundingBox3D Extent X": 0.1,
            "BoundingBox3D Extent Y": 0.821519601845871,
            "BoundingBox3D Extent Z": 1.04655705856691,
            "BoundingBox3D Orientation Quat W": 0.0454360261189284,
            "BoundingBox3D Orientation Quat X": -0.0012540606807867,
            "BoundingBox3D Orientation Quat Y": 0.0120866913409721,
            "BoundingBox3D Orientation Quat Z": 0.9988933410303412,
            "ObjectType": "TRAFFIC_SIGN",
            "Occluded": {
                "F_MIDRANGECAM_C": 2.342063254445748e-07
            },
            "Truncated": 0,
            "ObjectMeta": {
                "SourceID": 613,
                "SubType": "unknown",
                "Text": "AHEAD",
                "OcrVersion": 10006
            }
        },
        {
            "ActorName": "TRAFFIC_SIGN 614",
            "ObjectId": 614,
            "BoundingBox3D Origin X": 40.42201643017143,
            "BoundingBox3D Origin Y": 15.43008842994459,
            "BoundingBox3D Origin Z": 2.021900203078985,
            "BoundingBox3D Extent X": 0.1,
            "BoundingBox3D Extent Y": 0.7431382892211243,
            "BoundingBox3D Extent Z": 0.8068183363710659,
            "BoundingBox3D Orientation Quat W": -0.3943140507418293,
            "BoundingBox3D Orientation Quat X": 0.0041396207569851,
            "BoundingBox3D Orientation Quat Y": 0.0114321817465751,
            "BoundingBox3D Orientation Quat Z": 0.9188953140309686,
            "ObjectType": "TRAFFIC_SIGN",
            "Occluded": {
                "F_MIDRANGECAM_C": 0.9998787641525269
            },
            "Truncated": 0,
            "ObjectMeta": {
                "SourceID": 614,
                "SubType": "unknown",
                "Text": "",
                "OcrVersion": 10006
            }
        },
        {
            "ActorName": "TRAFFIC_SIGN 615",
            "ObjectId": 615,
            "BoundingBox3D Origin X": 48.33390135875925,
            "BoundingBox3D Origin Y": -11.322138243878726,
            "BoundingBox3D Origin Z": 2.7726172180846334,
            "BoundingBox3D Extent X": 0.1,
            "BoundingBox3D Extent Y": 0.7208321150109754,
            "BoundingBox3D Extent Z": 0.6150844709069305,
            "BoundingBox3D Orientation Quat W": 0.1691321911515048,
            "BoundingBox3D Orientation Quat X": -0.0027506803342636,
            "BoundingBox3D Orientation Quat Y": 0.0118365275553773,
            "BoundingBox3D Orientation Quat Z": 0.9855184586244036,
            "ObjectType": "TRAFFIC_SIGN",
            "Occluded": {
                "F_MIDRANGECAM_C": 0.9989859461784364
            },
            "Truncated": 0,
            "ObjectMeta": {
                "SourceID": 615,
                "SubType": "us_yellow_ground_diamond_unknown",
                "Text": "",
                "OcrVersion": 10006
            }
        },
        {
            "ActorName": "TRAFFIC_SIGN 616",
            "ObjectId": 616,
            "BoundingBox3D Origin X": 73.75097477962663,
            "BoundingBox3D Origin Y": -4.372433352458756,
            "BoundingBox3D Origin Z": 3.246722153387964,
            "BoundingBox3D Extent X": 0.1,
            "BoundingBox3D Extent Y": 0.5572884027437033,
            "BoundingBox3D Extent Z": 0.5924573148805717,
            "BoundingBox3D Orientation Quat W": 0.0577571249816135,
            "BoundingBox3D Orientation Quat X": -0.0014041215886713,
            "BoundingBox3D Orientation Quat Y": 0.0120703905384269,
            "BoundingBox3D Orientation Quat Z": 0.9982567047752158,
            "ObjectType": "TRAFFIC_SIGN",
            "Occluded": {
                "F_MIDRANGECAM_C": 0.2850759029388428
            },
            "Truncated": 0,
            "ObjectMeta": {
                "SourceID": 616,
                "SubType": "unknown",
                "Text": "",
                "OcrVersion": 10006
            }
        },
        {
            "ActorName": "TRAFFIC_SIGN 617",
            "ObjectId": 617,
            "BoundingBox3D Origin X": 53.14909245492527,
            "BoundingBox3D Origin Y": -4.649018437892664,
            "BoundingBox3D Origin Z": 3.148399444296956,
            "BoundingBox3D Extent X": 0.0999999999999999,
            "BoundingBox3D Extent Y": 0.7647942581555,
            "BoundingBox3D Extent Z": 0.185378029919662,
            "BoundingBox3D Orientation Quat W": 0.1821118830210427,
            "BoundingBox3D Orientation Quat X": -0.002904426589849,
            "BoundingBox3D Orientation Quat Y": 0.011799498205929,