{
    "CapturedObjects": [
        {
            "ActorName": "TRAFFIC_SIGN 604",
            "ObjectId": 604,
            "BoundingBox3D Origin X": 16.496018476627796,
            "BoundingBox3D Origin Y": 13.84956656114082,
            "BoundingBox3D Origin Z": 1.5527063002809882,
            "BoundingBox3D Extent X": 0.1,
            "BoundingBox3D Extent Y": 0.6542573677519435,
            "BoundingBox3D Extent Z": 0.6696639461456285,
            "BoundingBox3D Orientation Quat W": -0.4142707169108158,
            "BoundingBox3D Orientation Quat X": 0.0081041348324223,
            "BoundingBox3D Orientation Quat Y": 0.0128403083563777,
            "BoundingBox3D Orientation Quat Z": 0.9100270449773074,
            "ObjectType": "TRAFFIC_SIGN",
            "Occluded": {
                "F_MIDRANGECAM_C": 0.0015528736403211
            },
            "Truncated": 0,
            "ObjectMeta": {
                "SourceID": 604,
                "SubType": "us_stop",
                "Text": "",
                "OcrVersion": 10006
            }
        },
        {
            "ActorName": "TRAFFIC_SIGN 605",
            "ObjectId": 605,
            "BoundingBox3D Origin X": 33.41435049955544,
            "BoundingBox3D Origin Y": -3.577765256603016,
            "BoundingBox3D Origin Z": 5.327891652472317,
            "BoundingBox3D Extent X": 0.1,
            "BoundingBox3D Extent Y": 1.675241656574072,
            "BoundingBox3D Extent Z": 0.7136703424772214,
            "BoundingBox3D Orientation Quat W": 0.0410321109210887,
            "BoundingBox3D Orientation Quat X": 0.0014336637511775,
            "BoundingBox3D Orientation Quat Y": 0.01511138858294,
            "BoundingBox3D Orientation Quat Z": 0.999042519824208,
            "ObjectType": "TRAFFIC_SIGN",
            "Occluded": {
                "F_MIDRANGECAM_C": 0.0035935817286372
            },
            "Truncated": 0,
            "ObjectMeta": {
                "SourceID": 605,
                "SubType": "unknown",
                "Text": "Bryson",
                "OcrVersion": 10006
            }
        },
        {
            "ActorName": "TRAFFIC_SIGN 606",
            "ObjectId": 606,
            "BoundingBox3D Origin X": 33.27237598839565,
            "BoundingBox3D Origin Y": 2.475605272367829,
            "BoundingBox3D Origin Z": 6.847317685373128,
            "BoundingBox3D Extent X": 0.1,
            "BoundingBox3D Extent Y": 0.6808865710446399,
            "BoundingBox3D Extent Z": 0.8102549796546726,
            "BoundingBox3D Orientation Quat W": -0.0276870027557546,
            "BoundingBox3D Orientation Quat X": 0.0024696528912419,
            "BoundingBox3D Orientation Quat Y": 0.0149774627863448,
            "BoundingBox3D Orientation Quat Z": 0.9995013788392104,
            "ObjectType": "TRAFFIC_SIGN",
            "Occluded": {
                "F_MIDRANGECAM_C": 2.894277531595435e-05
            },
            "Truncated": 0,
            "ObjectMeta": {
                "SourceID": 606,
                "SubType": "us_white_ground_rectangle_unknown",
                "Text": "",
                "OcrVersion": 10006
            }
        },
        {
            "ActorName": "TRAFFIC_SIGN 607",
            "ObjectId": 607,
            "BoundingBox3D Origin X": 13.790838053653715,
            "BoundingBox3D Origin Y": -10.620552112988662,
            "BoundingBox3D Origin Z": 2.733117506839335,
            "BoundingBox3D Extent X": 0.1,
            "BoundingBox3D Extent Y": 0.6534787456868417,
            "BoundingBox3D Extent Z": 0.6851783530544237,
            "BoundingBox3D Orientation Quat W": 0.3654917242641928,
            "BoundingBox3D Orientation Quat X": -0.0035860374081188,
            "BoundingBox3D Orientation Quat Y": 0.0147486935865385,
            "BoundingBox3D Orientation Quat Z": 0.9306908272179252,
            "ObjectType": "TRAFFIC_SIGN",
            "Occluded": {
                "F_MIDRANGECAM_C": 5.365414472180419e-05
            },
            "Truncated": 0,
            "ObjectMeta": {
                "SourceID": 607,
                "SubType": "us_yellow_ground_diamond_unknown",
                "Text": "OUTLET",
                "OcrVersion": 10006
            }
        },
        {
            "ActorName": "TRAFFIC_SIGN 608",
            "ObjectId": 608,
            "BoundingBox3D Origin X": 47.98770824769599,
            "BoundingBox3D Origin Y": -3.390563496737741,
            "BoundingBox3D Origin Z": 2.419899517670274,
            "BoundingBox3D Extent X": 0.1,
            "BoundingBox3D Extent Y": 0.3973643084709372,
            "BoundingBox3D Extent Z": 0.4863847471929617,
            "BoundingBox3D Orientation Quat W": 0.0818741359630201,
            "BoundingBox3D Orientation Quat X": 0.0008190529446133,
            "BoundingBox3D Orientation Quat Y": 0.0151573631203122,
            "BoundingBox3D Orientation Quat Z": 0.9965270740706555,
            "ObjectType": "TRAFFIC_SIGN",
            "Occluded": {
                "F_MIDRANGECAM_C": 0.0044250348582863
            },
            "Truncated": 0,
            "ObjectMeta": {
                "SourceID": 608,
                "SubType": "us_yellow_ground_diamond_unknown",
                "Text": "11",
                "OcrVersion": 10006
            }
        },
        {
            "ActorName": "TRAFFIC_SIGN 609",
            "ObjectId": 609,
            "BoundingBox3D Origin X": 82.74830228950304,
            "BoundingBox3D Origin Y": -7.901174401980825,
            "BoundingBox3D Origin Z": 2.13119930960238,
            "BoundingBox3D Extent X": 0.1,
            "BoundingBox3D Extent Y": 0.4327197226534073,
            "BoundingBox3D Extent Z": 0.5787043291211466,
            "BoundingBox3D Orientation Quat W": 0.2042098530175271,
            "BoundingBox3D Orientation Quat X": -0.0010551693646549,
            "BoundingBox3D Orientation Quat Y": 0.015142456945374,
            "BoundingBox3D Orientation Quat Z": 0.97880944445067,
            "ObjectType": "TRAFFIC_SIGN",
            "Occluded": {
                "F_MIDRANGECAM_C": 0.9997095465660096
            },
            "Truncated": 0,
            "ObjectMeta": {
                "SourceID": 609,
                "SubType": "unknown",
                "Text": "",
                "OcrVersion": 10006
            }
        },
        {
            "ActorName": "TRAFFIC_SIGN 610",
            "ObjectId": 610,
            "BoundingBox3D Origin X": 94.4519396224132,
            "BoundingBox3D Origin Y": 13.185068774124376,
            "BoundingBox3D Origin Z": 1.769091938622296,
            "BoundingBox3D Extent X": 0.1,
            "BoundingBox3D Extent Y": 0.5673764564289475,
            "BoundingBox3D Extent Z": 0.8397778011530023,
            "BoundingBox3D Orientation Quat W": -0.1742175099532795,
            "BoundingBox3D Orientation Quat X": 0.0046483103916583,
            "BoundingBox3D Orientation Quat Y": 0.0144520598698862,
            "BoundingBox3D Orientation Quat Z": 0.9845901636730374,
            "ObjectType": "TRAFFIC_SIGN",
            "Occluded": {
                "F_MIDRANGECAM_C": 0.9996711015701294
            },
            "Truncated": 0,
            "ObjectMeta": {
                "SourceID": 610,
                "SubType": "us_yellow_ground_diamond_unknown",
                "Text": "",
                "OcrVersion": 10006
            }
        },
        {
            "ActorName": "TRAFFIC_SIGN 611",
            "ObjectId": 611,
            "BoundingBox3D Origin X": 104.25179974656568,
            "BoundingBox3D Origin Y": -1.7745806481980253,
            "BoundingBox3D Origin Z": 1.817804311402142,
            "BoundingBox3D Extent X": 0.1,
            "BoundingBox3D Extent Y": 0.6647898721773063,
            "BoundingBox3D Extent Z": 0.4925958622564428,
            "BoundingBox3D Orientation Quat W": 0.0730686911423102,
            "BoundingBox3D Orientation Quat X": 0.0009573641061001,