{
    "CapturedObjects": [
        {
            "ActorName": "TRAFFIC_SIGN 610",
            "ObjectId": 610,
            "BoundingBox3D Origin X": 6.857398665880282,
            "BoundingBox3D Origin Y": 10.66117956751259,
            "BoundingBox3D Origin Z": 2.41535446420312,
            "BoundingBox3D Extent X": 0.1,
            "BoundingBox3D Extent Y": 0.5673764564289475,
            "BoundingBox3D Extent Z": 0.8397778011530023,
            "BoundingBox3D Orientation Quat W": -0.1642450091437362,
            "BoundingBox3D Orientation Quat X": 0.0018221982111354,
            "BoundingBox3D Orientation Quat Y": 0.0120504321660076,
            "BoundingBox3D Orientation Quat Z": 0.9863442825148152,
            "ObjectType": "TRAFFIC_SIGN",
            "Occluded": {
                "F_CTCAM_L": 0.0
            },
            "Truncated": 0,
            "ObjectMeta": {
                "SourceID": 610,
                "SubType": "us_yellow_ground_diamond_unknown",
                "Text": "",
                "OcrVersion": 10006
            }
        },
        {
            "ActorName": "TRAFFIC_SIGN 611",
            "ObjectId": 611,
            "BoundingBox3D Origin X": 16.352956050013745,
            "BoundingBox3D Origin Y": -4.4934018008061685,
            "BoundingBox3D Origin Z": 2.427409466356039,
            "BoundingBox3D Extent X": 0.1,
            "BoundingBox3D Extent Y": 0.6647898721773063,
            "BoundingBox3D Extent Z": 0.4925958622564428,
            "BoundingBox3D Orientation Quat W": 0.0831659725866501,
            "BoundingBox3D Orientation Quat X": -0.0011933317671504,
            "BoundingBox3D Orientation Quat Y": 0.0121273187638155,
            "BoundingBox3D Orientation Quat Z": 0.996461201002132,
            "ObjectType": "TRAFFIC_SIGN",
            "Occluded": {
                "F_MIDRANGECAM_C": 4.902190994471312e-06
            },
            "Truncated": 0,
            "ObjectMeta": {
                "SourceID": 611,
                "SubType": "unknown",
                "Text": "P",
                "OcrVersion": 10006
            }
        },
        {
            "ActorName": "TRAFFIC_SIGN 612",
            "ObjectId": 612,
            "BoundingBox3D Origin X": 52.8874945354014,
            "BoundingBox3D Origin Y": -3.991149039065931,
            "BoundingBox3D Origin Z": 5.203690283000469,
            "BoundingBox3D Extent X": 0.1,
            "BoundingBox3D Extent Y": 2.015689627696113,
            "BoundingBox3D Extent Z": 0.6071013615992222,
            "BoundingBox3D Orientation Quat W": 0.0445256001712963,
            "BoundingBox3D Orientation Quat X": -0.0007210774276535,
            "BoundingBox3D Orientation Quat Y": 0.0121647171871902,
            "BoundingBox3D Orientation Quat Z": 0.9989339170498144,
            "ObjectType": "TRAFFIC_SIGN",
            "Occluded": {
                "F_MIDRANGECAM_C": 0.0022245720028877
            },
            "Truncated": 0,
            "ObjectMeta": {
                "SourceID": 612,
                "SubType": "unknown",
                "Text": "",
                "OcrVersion": 10006
            }
        },
        {
            "ActorName": "TRAFFIC_SIGN 613",
            "ObjectId": 613,
            "BoundingBox3D Origin X": 58.45128502678381,
            "BoundingBox3D Origin Y": -4.349646086222492,
            "BoundingBox3D Origin Z": 2.696704786270857,
            "BoundingBox3D Extent X": 0.1,
            "BoundingBox3D Extent Y": 0.821519601845871,
            "BoundingBox3D Extent Z": 1.04655705856691,
            "BoundingBox3D Orientation Quat W": 0.0454457633380842,
            "BoundingBox3D Orientation Quat X": -0.0007294655006296,
            "BoundingBox3D Orientation Quat Y": 0.0121639359826614,
            "BoundingBox3D Orientation Quat Z": 0.9988924812691864,
            "ObjectType": "TRAFFIC_SIGN",
            "Occluded": {
                "F_MIDRANGECAM_C": 1.4585447516424212e-08
            },
            "Truncated": 0,
            "ObjectMeta": {
                "SourceID": 613,
                "SubType": "unknown",
                "Text": "AHEAD",
                "OcrVersion": 10006
            }
        },
        {
            "ActorName": "TRAFFIC_SIGN 614",
            "ObjectId": 614,
            "BoundingBox3D Origin X": 39.62116876854452,
            "BoundingBox3D Origin Y": 15.423766192921905,
            "BoundingBox3D Origin Z": 1.9804294733330607,
            "BoundingBox3D Extent X": 0.1,
            "BoundingBox3D Extent Y": 0.7431382892211243,
            "BoundingBox3D Extent Z": 0.8068183363710659,
            "BoundingBox3D Orientation Quat W": -0.3943038499267772,
            "BoundingBox3D Orientation Quat X": 0.0046455398061294,
            "BoundingBox3D Orientation Quat Y": 0.0112719722985659,
            "BoundingBox3D Orientation Quat Z": 0.9188992521127288,
            "ObjectType": "TRAFFIC_SIGN",
            "Occluded": {
                "F_MIDRANGECAM_C": 0.9998637437820436
            },
            "Truncated": 0,
            "ObjectMeta": {
                "SourceID": 614,
                "SubType": "unknown",
                "Text": "",
                "OcrVersion": 10006
            }
        },
        {
            "ActorName": "TRAFFIC_SIGN 615",
            "ObjectId": 615,
            "BoundingBox3D Origin X": 47.532698954023545,
            "BoundingBox3D Origin Y": -11.328767386003165,
            "BoundingBox3D Origin Z": 2.7256358452141285,
            "BoundingBox3D Extent X": 0.1,
            "BoundingBox3D Extent Y": 0.7208321150109754,
            "BoundingBox3D Extent Z": 0.6150844709069305,
            "BoundingBox3D Orientation Quat W": 0.1691429063245141,
            "BoundingBox3D Orientation Quat X": -0.0022395751607538,
            "BoundingBox3D Orientation Quat Y": 0.0119786454069596,
            "BoundingBox3D Orientation Quat Z": 0.9855161965170388,
            "ObjectType": "TRAFFIC_SIGN",
            "Occluded": {
                "F_MIDRANGECAM_C": 0.8678969740867615
            },
            "Truncated": 0,
            "ObjectMeta": {
                "SourceID": 615,
                "SubType": "us_yellow_ground_diamond_unknown",
                "Text": "",
                "OcrVersion": 10006
            }
        },
        {
            "ActorName": "TRAFFIC_SIGN 616",
            "ObjectId": 616,
            "BoundingBox3D Origin X": 72.95054266231045,
            "BoundingBox3D Origin Y": -4.379785310738953,
            "BoundingBox3D Origin Z": 3.1722749331966043,
            "BoundingBox3D Extent X": 0.1,
            "BoundingBox3D Extent Y": 0.5572884027437033,
            "BoundingBox3D Extent Z": 0.5924573148805717,
            "BoundingBox3D Orientation Quat W": 0.0577669448607121,
            "BoundingBox3D Orientation Quat X": -0.0008805065326533,
            "BoundingBox3D Orientation Quat Y": 0.0121541362938704,
            "BoundingBox3D Orientation Quat Z": 0.9982557196233118,
            "ObjectType": "TRAFFIC_SIGN",
            "Occluded": {
                "F_MIDRANGECAM_C": 0.7764438986778259
            },
            "Truncated": 0,
            "ObjectMeta": {
                "SourceID": 616,
                "SubType": "unknown",
                "Text": "",
                "OcrVersion": 10006
            }
        },
        {
            "ActorName": "TRAFFIC_SIGN 617",
            "ObjectId": 617,
            "BoundingBox3D Origin X": 52.348566636978376,
            "BoundingBox3D Origin Y": -4.6557271117926575,
            "BoundingBox3D Origin Z": 3.0956506449729204,
            "BoundingBox3D Extent X": 0.0999999999999999,
            "BoundingBox3D Extent Y": 0.7647942581555,
            "BoundingBox3D Extent Z": 0.185378029919662,
            "BoundingBox3D Orientation Quat W": 0.1821227130811508,
            "BoundingBox3D Orientation Quat X": -0.002395214061871,
            "BoundingBox3D Orientation Quat Y": 0.0119483712464796,