{
    "CapturedObjects": [
        {
            "ActorName": "TRAFFIC_SIGN 609",
            "ObjectId": 609,
            "BoundingBox3D Origin X": 23.033811042492744,
            "BoundingBox3D Origin Y": -9.990165594383145,
            "BoundingBox3D Origin Z": 2.667781070806086,
            "BoundingBox3D Extent X": 0.1,
            "BoundingBox3D Extent Y": 0.4327197226534073,
            "BoundingBox3D Extent Z": 0.5787043291211466,
            "BoundingBox3D Orientation Quat W": 0.2115632710406226,
            "BoundingBox3D Orientation Quat X": -0.002595497847104,
            "BoundingBox3D Orientation Quat Y": 0.0200213919315171,
            "BoundingBox3D Orientation Quat Z": 0.9771557652711476,
            "ObjectType": "TRAFFIC_SIGN",
            "Occluded": {
                "F_MIDRANGECAM_C": 0.0070805675350129
            },
            "Truncated": 0,
            "ObjectMeta": {
                "SourceID": 609,
                "SubType": "unknown",
                "Text": "",
                "OcrVersion": 10006
            }
        },
        {
            "ActorName": "TRAFFIC_SIGN 610",
            "ObjectId": 610,
            "BoundingBox3D Origin X": 35.05374167575428,
            "BoundingBox3D Origin Y": 10.912955975072691,
            "BoundingBox3D Origin Z": 2.1058836430311203,
            "BoundingBox3D Extent X": 0.1,
            "BoundingBox3D Extent Y": 0.5673764564289475,
            "BoundingBox3D Extent Z": 0.8397778011530023,
            "BoundingBox3D Orientation Quat W": -0.1667744600010479,
            "BoundingBox3D Orientation Quat X": 0.0050326504220934,
            "BoundingBox3D Orientation Quat Y": 0.0195543869797651,
            "BoundingBox3D Orientation Quat Z": 0.985788302766336,
            "ObjectType": "TRAFFIC_SIGN",
            "Occluded": {
                "F_MIDRANGECAM_C": 0.6967666745185852
            },
            "Truncated": 0,
            "ObjectMeta": {
                "SourceID": 610,
                "SubType": "us_yellow_ground_diamond_unknown",
                "Text": "",
                "OcrVersion": 10006
            }
        },
        {
            "ActorName": "TRAFFIC_SIGN 611",
            "ObjectId": 611,
            "BoundingBox3D Origin X": 44.627455158755765,
            "BoundingBox3D Origin Y": -4.190984042536002,
            "BoundingBox3D Origin Z": 2.320293582044542,
            "BoundingBox3D Extent X": 0.1,
            "BoundingBox3D Extent Y": 0.6647898721773063,
            "BoundingBox3D Extent Z": 0.4925958622564428,
            "BoundingBox3D Orientation Quat W": 0.0805768008897523,
            "BoundingBox3D Orientation Quat X": 7.568535331103226e-05,
            "BoundingBox3D Orientation Quat Y": 0.0201897522060578,
            "BoundingBox3D Orientation Quat Z": 0.9965439013590712,
            "ObjectType": "TRAFFIC_SIGN",
            "Occluded": {
                "F_MIDRANGECAM_C": 0.0068091987632215
            },
            "Truncated": 0,
            "ObjectMeta": {
                "SourceID": 611,
                "SubType": "unknown",
                "Text": "P",
                "OcrVersion": 10006
            }
        },
        {
            "ActorName": "TRAFFIC_SIGN 612",
            "ObjectId": 612,
            "BoundingBox3D Origin X": 81.16959930082885,
            "BoundingBox3D Origin Y": -3.4587323046580423,
            "BoundingBox3D Origin Z": 4.943008193746209,
            "BoundingBox3D Extent X": 0.1,
            "BoundingBox3D Extent Y": 2.015689627696113,
            "BoundingBox3D Extent Z": 0.6071013615992222,
            "BoundingBox3D Orientation Quat W": 0.0419354605444875,
            "BoundingBox3D Orientation Quat X": 0.0008590075623803,
            "BoundingBox3D Orientation Quat Y": 0.0201720988154309,
            "BoundingBox3D Orientation Quat Z": 0.9989162956345792,
            "ObjectType": "TRAFFIC_SIGN",
            "Occluded": {
                "F_MIDRANGECAM_C": 0.0132596492767333
            },
            "Truncated": 0,
            "ObjectMeta": {
                "SourceID": 612,
                "SubType": "unknown",
                "Text": "",
                "OcrVersion": 10006
            }
        },
        {
            "ActorName": "TRAFFIC_SIGN 613",
            "ObjectId": 613,
            "BoundingBox3D Origin X": 86.72539861606128,
            "BoundingBox3D Origin Y": -3.82864100119332,
            "BoundingBox3D Origin Z": 2.419916476123035,
            "BoundingBox3D Extent X": 0.1,
            "BoundingBox3D Extent Y": 0.821519601845871,
            "BoundingBox3D Extent Z": 1.04655705856691,
            "BoundingBox3D Orientation Quat W": 0.04285562515886,
            "BoundingBox3D Orientation Quat X": 0.0008432458713561,
            "BoundingBox3D Orientation Quat Y": 0.0201727743825992,
            "BoundingBox3D Orientation Quat Z": 0.9988772414578044,
            "ObjectType": "TRAFFIC_SIGN",
            "Occluded": {
                "F_MIDRANGECAM_C": 2.159054201911204e-05
            },
            "Truncated": 0,
            "ObjectMeta": {
                "SourceID": 613,
                "SubType": "unknown",
                "Text": "AHEAD",
                "OcrVersion": 10006
            }
        },
        {
            "ActorName": "TRAFFIC_SIGN 614",
            "ObjectId": 614,
            "BoundingBox3D Origin X": 67.79068650723275,
            "BoundingBox3D Origin Y": 15.834786905295914,
            "BoundingBox3D Origin Z": 1.4653088627383113,
            "BoundingBox3D Extent X": 0.1,
            "BoundingBox3D Extent Y": 0.7431382892211243,
            "BoundingBox3D Extent Z": 0.8068183363710659,
            "BoundingBox3D Orientation Quat W": -0.3966298706327443,
            "BoundingBox3D Orientation Quat X": 0.0095489502027134,
            "BoundingBox3D Orientation Quat Y": 0.0177959341344109,
            "BoundingBox3D Orientation Quat Z": 0.9177564317400136,
            "ObjectType": "TRAFFIC_SIGN",
            "Occluded": {
                "F_MIDRANGECAM_C": 0.997765302658081
            },
            "Truncated": 0,
            "ObjectMeta": {
                "SourceID": 614,
                "SubType": "unknown",
                "Text": "",
                "OcrVersion": 10006
            }
        },
        {
            "ActorName": "TRAFFIC_SIGN 615",
            "ObjectId": 615,
            "BoundingBox3D Origin X": 75.84314745582742,
            "BoundingBox3D Origin Y": -10.861922702984884,
            "BoundingBox3D Origin Z": 2.60282530542463,
            "BoundingBox3D Extent X": 0.1,
            "BoundingBox3D Extent Y": 0.7208321150109754,
            "BoundingBox3D Extent Z": 0.6150844709069305,
            "BoundingBox3D Orientation Quat W": 0.1665698295931086,
            "BoundingBox3D Orientation Quat X": -0.0016732681885944,
            "BoundingBox3D Orientation Quat Y": 0.0201203923666047,
            "BoundingBox3D Orientation Quat Z": 0.98582293636023,
            "ObjectType": "TRAFFIC_SIGN",
            "Occluded": {
                "F_MIDRANGECAM_C": 0.0847822502255439
            },
            "Truncated": 0,
            "ObjectMeta": {
                "SourceID": 615,
                "SubType": "us_yellow_ground_diamond_unknown",
                "Text": "",
                "OcrVersion": 10006
            }
        },
        {
            "ActorName": "TRAFFIC_SIGN 616",
            "ObjectId": 616,
            "BoundingBox3D Origin X": 101.22642387251835,
            "BoundingBox3D Origin Y": -3.777408884983743,
            "BoundingBox3D Origin Z": 2.838260270655155,
            "BoundingBox3D Extent X": 0.1,
            "BoundingBox3D Extent Y": 0.5572884027437033,
            "BoundingBox3D Extent Z": 0.5924573148805717,
            "BoundingBox3D Orientation Quat W": 0.0551767244258106,
            "BoundingBox3D Orientation Quat X": 0.0005933088946628,
            "BoundingBox3D Orientation Quat Y": 0.0201817317276093,