{
    "CapturedObjects": [
        {
            "ActorName": "TRAFFIC_SIGN 609",
            "ObjectId": 609,
            "BoundingBox3D Origin X": 1.1852291016125491,
            "BoundingBox3D Origin Y": -10.15567469378584,
            "BoundingBox3D Origin Z": 2.5602749148383737,
            "BoundingBox3D Extent X": 0.1,
            "BoundingBox3D Extent Y": 0.4327197226534073,
            "BoundingBox3D Extent Z": 0.5787043291211466,
            "BoundingBox3D Orientation Quat W": 0.2130123307769582,
            "BoundingBox3D Orientation Quat X": -0.0024754776163147,
            "BoundingBox3D Orientation Quat Y": 0.0110095821758499,
            "BoundingBox3D Orientation Quat Z": 0.9769843438089744,
            "ObjectType": "TRAFFIC_SIGN",
            "Occluded": {
                "F_CTCAM_L": 0.0
            },
            "Truncated": 0,
            "ObjectMeta": {
                "SourceID": 609,
                "SubType": "unknown",
                "Text": "",
                "OcrVersion": 10006
            }
        },
        {
            "ActorName": "TRAFFIC_SIGN 610",
            "ObjectId": 610,
            "BoundingBox3D Origin X": 13.266309245414618,
            "BoundingBox3D Origin Y": 10.719332291395403,
            "BoundingBox3D Origin Z": 2.411265424452722,
            "BoundingBox3D Extent X": 0.1,
            "BoundingBox3D Extent Y": 0.5673764564289475,
            "BoundingBox3D Extent Z": 0.8397778011530023,
            "BoundingBox3D Orientation Quat W": -0.165367706478239,
            "BoundingBox3D Orientation Quat X": 0.0017942538489986,
            "BoundingBox3D Orientation Quat Y": 0.0111429782522851,
            "BoundingBox3D Orientation Quat Z": 0.9861673977286624,
            "ObjectType": "TRAFFIC_SIGN",
            "Occluded": {
                "F_MIDRANGECAM_C": 0.0022888234816491
            },
            "Truncated": 0,
            "ObjectMeta": {
                "SourceID": 610,
                "SubType": "us_yellow_ground_diamond_unknown",
                "Text": "",
                "OcrVersion": 10006
            }
        },
        {
            "ActorName": "TRAFFIC_SIGN 611",
            "ObjectId": 611,
            "BoundingBox3D Origin X": 22.79628922289146,
            "BoundingBox3D Origin Y": -4.41369369532913,
            "BoundingBox3D Origin Z": 2.393362896516919,
            "BoundingBox3D Extent X": 0.1,
            "BoundingBox3D Extent Y": 0.6647898721773063,
            "BoundingBox3D Extent Z": 0.4925958622564428,
            "BoundingBox3D Orientation Quat W": 0.0820345678499308,
            "BoundingBox3D Orientation Quat X": -0.0009964421213753,
            "BoundingBox3D Orientation Quat Y": 0.0112409477812944,
            "BoundingBox3D Orientation Quat Z": 0.9965655913555072,
            "ObjectType": "TRAFFIC_SIGN",
            "Occluded": {
                "F_MIDRANGECAM_C": 4.856629311689176e-05
            },
            "Truncated": 0,
            "ObjectMeta": {
                "SourceID": 611,
                "SubType": "unknown",
                "Text": "P",
                "OcrVersion": 10006
            }
        },
        {
            "ActorName": "TRAFFIC_SIGN 612",
            "ObjectId": 612,
            "BoundingBox3D Origin X": 59.33040505044323,
            "BoundingBox3D Origin Y": -3.833507685310906,
            "BoundingBox3D Origin Z": 5.16065616812557,
            "BoundingBox3D Extent X": 0.1,
            "BoundingBox3D Extent Y": 2.015689627696113,
            "BoundingBox3D Extent Z": 0.6071013615992222,
            "BoundingBox3D Orientation Quat W": 0.0433909873789236,
            "BoundingBox3D Orientation Quat X": -0.0005588046247288,
            "BoundingBox3D Orientation Quat Y": 0.0112714432307817,
            "BoundingBox3D Orientation Quat Z": 0.9989944266707238,
            "ObjectType": "TRAFFIC_SIGN",
            "Occluded": {
                "F_MIDRANGECAM_C": 0.0047641242854297
            },
            "Truncated": 0,
            "ObjectMeta": {
                "SourceID": 612,
                "SubType": "unknown",
                "Text": "",
                "OcrVersion": 10006
            }
        },
        {
            "ActorName": "TRAFFIC_SIGN 613",
            "ObjectId": 613,
            "BoundingBox3D Origin X": 64.8943179212988,
            "BoundingBox3D Origin Y": -4.174865971726831,
            "BoundingBox3D Origin Z": 2.651531021110713,
            "BoundingBox3D Extent X": 0.1,
            "BoundingBox3D Extent Y": 0.821519601845871,
            "BoundingBox3D Extent Z": 1.04655705856691,
            "BoundingBox3D Orientation Quat W": 0.0443112047433036,
            "BoundingBox3D Orientation Quat X": -0.0005663660749829,
            "BoundingBox3D Orientation Quat Y": 0.0112708141004341,
            "BoundingBox3D Orientation Quat Z": 0.9989540355357592,
            "ObjectType": "TRAFFIC_SIGN",
            "Occluded": {
                "F_MIDRANGECAM_C": 1.0604133393599113e-07
            },
            "Truncated": 0,
            "ObjectMeta": {
                "SourceID": 613,
                "SubType": "unknown",
                "Text": "AHEAD",
                "OcrVersion": 10006
            }
        },
        {
            "ActorName": "TRAFFIC_SIGN 614",
            "ObjectId": 614,
            "BoundingBox3D Origin X": 46.0191033063777,
            "BoundingBox3D Origin Y": 15.55706240364816,
            "BoundingBox3D Origin Z": 1.9760892149060965,
            "BoundingBox3D Extent X": 0.1,
            "BoundingBox3D Extent Y": 0.7431382892211243,
            "BoundingBox3D Extent Z": 0.8068183363710659,
            "BoundingBox3D Orientation Quat W": -0.39535276575964,
            "BoundingBox3D Orientation Quat X": 0.0044016099603229,
            "BoundingBox3D Orientation Quat Y": 0.0103967003522419,
            "BoundingBox3D Orientation Quat Z": 0.9184599746628844,
            "ObjectType": "TRAFFIC_SIGN",
            "Occluded": {
                "F_MIDRANGECAM_C": 0.9994761347770692
            },
            "Truncated": 0,
            "ObjectMeta": {
                "SourceID": 614,
                "SubType": "unknown",
                "Text": "",
                "OcrVersion": 10006
            }
        },
        {
            "ActorName": "TRAFFIC_SIGN 615",
            "ObjectId": 615,
            "BoundingBox3D Origin X": 53.99160803889197,
            "BoundingBox3D Origin Y": -11.178811902413145,
            "BoundingBox3D Origin Z": 2.670801300555468,
            "BoundingBox3D Extent X": 0.1,
            "BoundingBox3D Extent Y": 0.7208321150109754,
            "BoundingBox3D Extent Z": 0.6150844709069305,
            "BoundingBox3D Orientation Quat W": 0.1680247628125049,
            "BoundingBox3D Orientation Quat X": -0.0019663449138302,
            "BoundingBox3D Orientation Quat Y": 0.011112493348665,
            "BoundingBox3D Orientation Quat Z": 0.9857181773007218,
            "ObjectType": "TRAFFIC_SIGN",
            "Occluded": {
                "F_MIDRANGECAM_C": 0.998172402381897
            },
            "Truncated": 0,
            "ObjectMeta": {
                "SourceID": 615,
                "SubType": "us_yellow_ground_diamond_unknown",
                "Text": "",
                "OcrVersion": 10006
            }
        },
        {
            "ActorName": "TRAFFIC_SIGN 616",
            "ObjectId": 616,
            "BoundingBox3D Origin X": 79.39375782569527,
            "BoundingBox3D Origin Y": -4.172949506377336,
            "BoundingBox3D Origin Z": 3.123122863471508,
            "BoundingBox3D Extent X": 0.1,
            "BoundingBox3D Extent Y": 0.5572884027437033,
            "BoundingBox3D Extent Z": 0.5924573148805717,
            "BoundingBox3D Orientation Quat W": 0.056633238815502,
            "BoundingBox3D Orientation Quat X": -0.000706350301016,
            "BoundingBox3D Orientation Quat Y": 0.0112630797929714,