{
    "CapturedObjects": [
        {
            "ActorName": "TRAFFIC_SIGN 604",
            "ObjectId": 604,
            "BoundingBox3D Origin X": 33.7685415546257,
            "BoundingBox3D Origin Y": 13.82526889120345,
            "BoundingBox3D Origin Z": 1.5572104984894397,
            "BoundingBox3D Extent X": 0.1,
            "BoundingBox3D Extent Y": 0.6542573677519435,
            "BoundingBox3D Extent Z": 0.6696639461456285,
            "BoundingBox3D Orientation Quat W": -0.410833918815757,
            "BoundingBox3D Orientation Quat X": 0.0066879211235924,
            "BoundingBox3D Orientation Quat Y": 0.0136978079952451,
            "BoundingBox3D Orientation Quat Z": 0.9115827625167436,
            "ObjectType": "TRAFFIC_SIGN",
            "Occluded": {
                "F_MIDRANGECAM_C": 0.6010303497314453
            },
            "Truncated": 0,
            "ObjectMeta": {
                "SourceID": 604,
                "SubType": "us_stop",
                "Text": "",
                "OcrVersion": 10006
            }
        },
        {
            "ActorName": "TRAFFIC_SIGN 605",
            "ObjectId": 605,
            "BoundingBox3D Origin X": 50.54293300197696,
            "BoundingBox3D Origin Y": -3.726516778784571,
            "BoundingBox3D Origin Z": 5.396750748157501,
            "BoundingBox3D Extent X": 0.1,
            "BoundingBox3D Extent Y": 1.675241656574072,
            "BoundingBox3D Extent Z": 0.7136703424772214,
            "BoundingBox3D Orientation Quat W": 0.0447963150668263,
            "BoundingBox3D Orientation Quat X": -0.0002169127081259,
            "BoundingBox3D Orientation Quat Y": 0.0152372208298948,
            "BoundingBox3D Orientation Quat Z": 0.998879907800078,
            "ObjectType": "TRAFFIC_SIGN",
            "Occluded": {
                "F_MIDRANGECAM_C": 0.0132105890661478
            },
            "Truncated": 0,
            "ObjectMeta": {
                "SourceID": 605,
                "SubType": "unknown",
                "Text": "Bryson",
                "OcrVersion": 10006
            }
        },
        {
            "ActorName": "TRAFFIC_SIGN 606",
            "ObjectId": 606,
            "BoundingBox3D Origin X": 50.44115471897749,
            "BoundingBox3D Origin Y": 2.32834031136008,
            "BoundingBox3D Origin Z": 6.913338239304721,
            "BoundingBox3D Extent X": 0.1,
            "BoundingBox3D Extent Y": 0.6808865710446399,
            "BoundingBox3D Extent Z": 0.8102549796546726,
            "BoundingBox3D Orientation Quat W": -0.023919896788304,
            "BoundingBox3D Orientation Quat X": 0.0008316212787824,
            "BoundingBox3D Orientation Quat Y": 0.0152164111832342,
            "BoundingBox3D Orientation Quat Z": 0.9995977229737908,
            "ObjectType": "TRAFFIC_SIGN",
            "Occluded": {
                "F_MIDRANGECAM_C": 0.0009947166545316
            },
            "Truncated": 0,
            "ObjectMeta": {
                "SourceID": 606,
                "SubType": "us_white_ground_rectangle_unknown",
                "Text": "",
                "OcrVersion": 10006
            }
        },
        {
            "ActorName": "TRAFFIC_SIGN 607",
            "ObjectId": 607,
            "BoundingBox3D Origin X": 30.87607390129142,
            "BoundingBox3D Origin Y": -10.623272528144298,
            "BoundingBox3D Origin Z": 2.737959139980376,
            "BoundingBox3D Extent X": 0.1,
            "BoundingBox3D Extent Y": 0.6534787456868417,
            "BoundingBox3D Extent Z": 0.6851783530544237,
            "BoundingBox3D Orientation Quat W": 0.3689955660232351,
            "BoundingBox3D Orientation Quat X": -0.0051871317051526,
            "BoundingBox3D Orientation Quat Y": 0.0143276591723385,
            "BoundingBox3D Orientation Quat Z": 0.9293062380628396,
            "ObjectType": "TRAFFIC_SIGN",
            "Occluded": {
                "F_MIDRANGECAM_C": 0.738377034664154
            },
            "Truncated": 0,
            "ObjectMeta": {
                "SourceID": 607,
                "SubType": "us_yellow_ground_diamond_unknown",
                "Text": "OUTLET",
                "OcrVersion": 10006
            }
        },
        {
            "ActorName": "TRAFFIC_SIGN 608",
            "ObjectId": 608,
            "BoundingBox3D Origin X": 65.12713410048036,
            "BoundingBox3D Origin Y": -3.6496019984188015,
            "BoundingBox3D Origin Z": 2.5382547611370683,
            "BoundingBox3D Extent X": 0.1,
            "BoundingBox3D Extent Y": 0.3973643084709372,
            "BoundingBox3D Extent Z": 0.4863847471929617,
            "BoundingBox3D Orientation Quat W": 0.0856282433618612,
            "BoundingBox3D Orientation Quat X": -0.0008352953818559,
            "BoundingBox3D Orientation Quat Y": 0.0152155127872238,
            "BoundingBox3D Orientation Quat Z": 0.9962106174855844,
            "ObjectType": "TRAFFIC_SIGN",
            "Occluded": {
                "F_MIDRANGECAM_C": 0.0082657914608716
            },
            "Truncated": 0,
            "ObjectMeta": {
                "SourceID": 608,
                "SubType": "us_yellow_ground_diamond_unknown",
                "Text": "11",
                "OcrVersion": 10006
            }
        },
        {
            "ActorName": "TRAFFIC_SIGN 609",
            "ObjectId": 609,
            "BoundingBox3D Origin X": 99.8538442351819,
            "BoundingBox3D Origin Y": -8.420336824230617,
            "BoundingBox3D Origin Z": 2.369561773724854,
            "BoundingBox3D Extent X": 0.1,
            "BoundingBox3D Extent Y": 0.4327197226534073,
            "BoundingBox3D Extent Z": 0.5787043291211466,
            "BoundingBox3D Orientation Quat W": 0.2078957819220794,
            "BoundingBox3D Orientation Quat X": -0.0027040886726146,
            "BoundingBox3D Orientation Quat Y": 0.0149959579313586,
            "BoundingBox3D Orientation Quat Z": 0.978032286281582,
            "ObjectType": "TRAFFIC_SIGN",
            "Occluded": {
                "F_MIDRANGECAM_C": 0.999474823474884
            },
            "Truncated": 0,
            "ObjectMeta": {
                "SourceID": 609,
                "SubType": "unknown",
                "Text": "",
                "OcrVersion": 10006
            }
        },
        {
            "ActorName": "TRAFFIC_SIGN 610",
            "ObjectId": 610,
            "BoundingBox3D Origin X": 111.71635440069986,
            "BoundingBox3D Origin Y": 12.577438367909052,
            "BoundingBox3D Origin Z": 2.039049118757248,
            "BoundingBox3D Extent X": 0.1,
            "BoundingBox3D Extent Y": 0.5673764564289475,
            "BoundingBox3D Extent Z": 0.8397778011530023,
            "BoundingBox3D Orientation Quat W": -0.1705037810587221,
            "BoundingBox3D Orientation Quat X": 0.0030631257671294,
            "BoundingBox3D Orientation Quat Y": 0.0149291304218589,
            "BoundingBox3D Orientation Quat Z": 0.9852391582606032,
            "ObjectType": "TRAFFIC_SIGN",
            "Occluded": {
                "F_MIDRANGECAM_C": 0.9995005130767822
            },
            "Truncated": 0,
            "ObjectMeta": {
                "SourceID": 610,
                "SubType": "us_yellow_ground_diamond_unknown",
                "Text": "",
                "OcrVersion": 10006
            }
        },
        {
            "ActorName": "TRAFFIC_SIGN 611",
            "ObjectId": 611,
            "BoundingBox3D Origin X": 121.40365418385682,
            "BoundingBox3D Origin Y": -2.4550223377882503,
            "BoundingBox3D Origin Z": 2.1269296230748296,
            "BoundingBox3D Extent X": 0.1,
            "BoundingBox3D Extent Y": 0.6647898721773063,
            "BoundingBox3D Extent Z": 0.4925958622564428,
            "BoundingBox3D Orientation Quat W": 0.076825506646202,
            "BoundingBox3D Orientation Quat X": -0.0006964026377854,