{
    "CapturedObjects": [
        {
            "ActorName": "TRAFFIC_SIGN 609",
            "ObjectId": 609,
            "BoundingBox3D Origin X": 18.19940825074445,
            "BoundingBox3D Origin Y": -9.98600746478769,
            "BoundingBox3D Origin Z": 2.6916730273514986,
            "BoundingBox3D Extent X": 0.1,
            "BoundingBox3D Extent Y": 0.4327197226534073,
            "BoundingBox3D Extent Z": 0.5787043291211466,
            "BoundingBox3D Orientation Quat W": 0.2107970464942129,
            "BoundingBox3D Orientation Quat X": -0.0030294266873404,
            "BoundingBox3D Orientation Quat Y": 0.0187985613080569,
            "BoundingBox3D Orientation Quat Z": 0.9773443824241328,
            "ObjectType": "TRAFFIC_SIGN",
            "Occluded": {
                "F_MIDRANGECAM_C": 0.0004381121543701
            },
            "Truncated": 0,
            "ObjectMeta": {
                "SourceID": 609,
                "SubType": "unknown",
                "Text": "",
                "OcrVersion": 10006
            }
        },
        {
            "ActorName": "TRAFFIC_SIGN 610",
            "ObjectId": 610,
            "BoundingBox3D Origin X": 30.18655517220396,
            "BoundingBox3D Origin Y": 10.93753764493158,
            "BoundingBox3D Origin Z": 2.191890735179186,
            "BoundingBox3D Extent X": 0.1,
            "BoundingBox3D Extent Y": 0.5673764564289475,
            "BoundingBox3D Extent Z": 0.8397778011530023,
            "BoundingBox3D Orientation Quat W": -0.1675590487102231,
            "BoundingBox3D Orientation Quat X": 0.0041760535739782,
            "BoundingBox3D Orientation Quat Y": 0.0185809330665427,
            "BoundingBox3D Orientation Quat Z": 0.9856780786333076,
            "ObjectType": "TRAFFIC_SIGN",
            "Occluded": {
                "F_MIDRANGECAM_C": 0.0149121489375829
            },
            "Truncated": 0,
            "ObjectMeta": {
                "SourceID": 610,
                "SubType": "us_yellow_ground_diamond_unknown",
                "Text": "",
                "OcrVersion": 10006
            }
        },
        {
            "ActorName": "TRAFFIC_SIGN 611",
            "ObjectId": 611,
            "BoundingBox3D Origin X": 39.78400001441878,
            "BoundingBox3D Origin Y": -4.151444644638104,
            "BoundingBox3D Origin Z": 2.3857492534443736,
            "BoundingBox3D Extent X": 0.1,
            "BoundingBox3D Extent Y": 0.6647898721773063,
            "BoundingBox3D Extent Z": 0.4925958622564428,
            "BoundingBox3D Orientation Quat W": 0.0797907441674,
            "BoundingBox3D Orientation Quat X": -0.0005157056373335,
            "BoundingBox3D Orientation Quat Y": 0.0190351171017953,
            "BoundingBox3D Orientation Quat Z": 0.9966297384233672,
            "ObjectType": "TRAFFIC_SIGN",
            "Occluded": {
                "F_MIDRANGECAM_C": 0.0019930670969188
            },
            "Truncated": 0,
            "ObjectMeta": {
                "SourceID": 611,
                "SubType": "unknown",
                "Text": "P",
                "OcrVersion": 10006
            }
        },
        {
            "ActorName": "TRAFFIC_SIGN 612",
            "ObjectId": 612,
            "BoundingBox3D Origin X": 76.32105235802192,
            "BoundingBox3D Origin Y": -3.3663709695392754,
            "BoundingBox3D Origin Z": 5.05877242423594,
            "BoundingBox3D Extent X": 0.1,
            "BoundingBox3D Extent Y": 2.015689627696113,
            "BoundingBox3D Extent Z": 0.6071013615992222,
            "BoundingBox3D Orientation Quat W": 0.0411462609006135,
            "BoundingBox3D Orientation Quat X": 0.0002234391819832,
            "BoundingBox3D Orientation Quat Y": 0.0190412876458458,
            "BoundingBox3D Orientation Quat Z": 0.9989716535786284,
            "ObjectType": "TRAFFIC_SIGN",
            "Occluded": {
                "F_MIDRANGECAM_C": 0.031079726293683
            },
            "Truncated": 0,
            "ObjectMeta": {
                "SourceID": 612,
                "SubType": "unknown",
                "Text": "",
                "OcrVersion": 10006
            }
        },
        {
            "ActorName": "TRAFFIC_SIGN 613",
            "ObjectId": 613,
            "BoundingBox3D Origin X": 81.88074171973494,
            "BoundingBox3D Origin Y": -3.7217884743004106,
            "BoundingBox3D Origin Z": 2.5422689020633698,
            "BoundingBox3D Extent X": 0.1,
            "BoundingBox3D Extent Y": 0.821519601845871,
            "BoundingBox3D Extent Z": 1.04655705856691,
            "BoundingBox3D Orientation Quat W": 0.0420664828110268,
            "BoundingBox3D Orientation Quat X": 0.0002087177557796,
            "BoundingBox3D Orientation Quat Y": 0.0190413788919694,
            "BoundingBox3D Orientation Quat Z": 0.9989333277805384,
            "ObjectType": "TRAFFIC_SIGN",
            "Occluded": {
                "F_MIDRANGECAM_C": 5.7499933063809294e-06
            },
            "Truncated": 0,
            "ObjectMeta": {
                "SourceID": 613,
                "SubType": "unknown",
                "Text": "AHEAD",
                "OcrVersion": 10006
            }
        },
        {
            "ActorName": "TRAFFIC_SIGN 614",
            "ObjectId": 614,
            "BoundingBox3D Origin X": 62.91611024443773,
            "BoundingBox3D Origin Y": 15.913278370746411,
            "BoundingBox3D Origin Z": 1.605793934315443,
            "BoundingBox3D Extent X": 0.1,
            "BoundingBox3D Extent Y": 0.7431382892211243,
            "BoundingBox3D Extent Z": 0.8068183363710659,
            "BoundingBox3D Orientation Quat W": -0.3973645000299401,
            "BoundingBox3D Orientation Quat X": 0.0084851959202403,
            "BoundingBox3D Orientation Quat Y": 0.0170549427800881,
            "BoundingBox3D Orientation Quat Z": 0.917463124323217,
            "ObjectType": "TRAFFIC_SIGN",
            "Occluded": {
                "F_MIDRANGECAM_C": 0.9997888207435608
            },
            "Truncated": 0,
            "ObjectMeta": {
                "SourceID": 614,
                "SubType": "unknown",
                "Text": "",
                "OcrVersion": 10006
            }
        },
        {
            "ActorName": "TRAFFIC_SIGN 615",
            "ObjectId": 615,
            "BoundingBox3D Origin X": 71.00960911554466,
            "BoundingBox3D Origin Y": -10.772898105351487,
            "BoundingBox3D Origin Z": 2.695165971294045,
            "BoundingBox3D Extent X": 0.1,
            "BoundingBox3D Extent Y": 0.7208321150109754,
            "BoundingBox3D Extent Z": 0.6150844709069305,
            "BoundingBox3D Orientation Quat W": 0.1657951857348752,
            "BoundingBox3D Orientation Quat X": -0.0021626508796317,
            "BoundingBox3D Orientation Quat Y": 0.0189187649744243,
            "BoundingBox3D Orientation Quat Z": 0.985976348428376,
            "ObjectType": "TRAFFIC_SIGN",
            "Occluded": {
                "F_MIDRANGECAM_C": 0.7894130945205688
            },
            "Truncated": 0,
            "ObjectMeta": {
                "SourceID": 615,
                "SubType": "us_yellow_ground_diamond_unknown",
                "Text": "",
                "OcrVersion": 10006
            }
        },
        {
            "ActorName": "TRAFFIC_SIGN 616",
            "ObjectId": 616,
            "BoundingBox3D Origin X": 96.3809585799263,
            "BoundingBox3D Origin Y": -3.648218158719829,
            "BoundingBox3D Origin Z": 2.980048956349492,
            "BoundingBox3D Extent X": 0.1,
            "BoundingBox3D Extent Y": 0.5572884027437033,
            "BoundingBox3D Extent Z": 0.5924573148805717,
            "BoundingBox3D Orientation Quat W": 0.0543884604720565,
            "BoundingBox3D Orientation Quat X": -2.723608726038001e-05,
            "BoundingBox3D Orientation Quat Y": 0.0190425716138505,