{
    "CapturedObjects": [
        {
            "ActorName": "TRAFFIC_SIGN 604",
            "ObjectId": 604,
            "BoundingBox3D Origin X": 14.2155120848347,
            "BoundingBox3D Origin Y": 13.87017159941024,
            "BoundingBox3D Origin Z": 1.5803441340103743,
            "BoundingBox3D Extent X": 0.1,
            "BoundingBox3D Extent Y": 0.6542573677519435,
            "BoundingBox3D Extent Z": 0.6696639461456285,
            "BoundingBox3D Orientation Quat W": -0.4152749387422715,
            "BoundingBox3D Orientation Quat X": 0.0072867109441505,
            "BoundingBox3D Orientation Quat Y": 0.0133478754066757,
            "BoundingBox3D Orientation Quat Z": 0.9095688337439598,
            "ObjectType": "TRAFFIC_SIGN",
            "Occluded": {
                "F_MIDRANGECAM_C": 0.0007885697996243
            },
            "Truncated": 0,
            "ObjectMeta": {
                "SourceID": 604,
                "SubType": "us_stop",
                "Text": "",
                "OcrVersion": 10006
            }
        },
        {
            "ActorName": "TRAFFIC_SIGN 605",
            "ObjectId": 605,
            "BoundingBox3D Origin X": 31.16568376007308,
            "BoundingBox3D Origin Y": -3.5182909313880373,
            "BoundingBox3D Origin Z": 5.39161058422178,
            "BoundingBox3D Extent X": 0.1,
            "BoundingBox3D Extent Y": 1.675241656574072,
            "BoundingBox3D Extent Z": 0.7136703424772214,
            "BoundingBox3D Orientation Quat W": 0.0399275238315483,
            "BoundingBox3D Orientation Quat X": 0.0004744481625533,
            "BoundingBox3D Orientation Quat Y": 0.015193099228408,
            "BoundingBox3D Orientation Quat Z": 0.9990869519093212,
            "ObjectType": "TRAFFIC_SIGN",
            "Occluded": {
                "F_MIDRANGECAM_C": 0.0089985374361276
            },
            "Truncated": 0,
            "ObjectMeta": {
                "SourceID": 605,
                "SubType": "unknown",
                "Text": "Bryson",
                "OcrVersion": 10006
            }
        },
        {
            "ActorName": "TRAFFIC_SIGN 606",
            "ObjectId": 606,
            "BoundingBox3D Origin X": 31.00731299648578,
            "BoundingBox3D Origin Y": 2.5350904804072343,
            "BoundingBox3D Origin Z": 6.909266397356987,
            "BoundingBox3D Extent X": 0.1,
            "BoundingBox3D Extent Y": 0.6808865710446399,
            "BoundingBox3D Extent Z": 0.8102549796546726,
            "BoundingBox3D Orientation Quat W": -0.0287918088879416,
            "BoundingBox3D Orientation Quat X": 0.0015186909547904,
            "BoundingBox3D Orientation Quat Y": 0.0151250269755169,
            "BoundingBox3D Orientation Quat Z": 0.9994698389034729,
            "ObjectType": "TRAFFIC_SIGN",
            "Occluded": {
                "F_MIDRANGECAM_C": 0.0002124920865753
            },
            "Truncated": 0,
            "ObjectMeta": {
                "SourceID": 606,
                "SubType": "us_white_ground_rectangle_unknown",
                "Text": "",
                "OcrVersion": 10006
            }
        },
        {
            "ActorName": "TRAFFIC_SIGN 607",
            "ObjectId": 607,
            "BoundingBox3D Origin X": 11.562862018899978,
            "BoundingBox3D Origin Y": -10.6056084849115,
            "BoundingBox3D Origin Z": 2.7618191484361887,
            "BoundingBox3D Extent X": 0.1,
            "BoundingBox3D Extent Y": 0.6534787456868417,
            "BoundingBox3D Extent Z": 0.6851783530544237,
            "BoundingBox3D Orientation Quat W": 0.3644622790458861,
            "BoundingBox3D Orientation Quat X": -0.0045210820874016,
            "BoundingBox3D Orientation Quat Y": 0.0145122345747884,
            "BoundingBox3D Orientation Quat Z": 0.9310940887026852,
            "ObjectType": "TRAFFIC_SIGN",
            "Occluded": {
                "F_MIDRANGECAM_C": 0.0001762214669724
            },
            "Truncated": 0,
            "ObjectMeta": {
                "SourceID": 607,
                "SubType": "us_yellow_ground_diamond_unknown",
                "Text": "OUTLET",
                "OcrVersion": 10006
            }
        },
        {
            "ActorName": "TRAFFIC_SIGN 608",
            "ObjectId": 608,
            "BoundingBox3D Origin X": 45.74404261069503,
            "BoundingBox3D Origin Y": -3.299134386877995,
            "BoundingBox3D Origin Z": 2.5108524188399315,
            "BoundingBox3D Extent X": 0.1,
            "BoundingBox3D Extent Y": 0.3973643084709372,
            "BoundingBox3D Extent Z": 0.4863847471929617,
            "BoundingBox3D Orientation Quat W": 0.0807721853129568,
            "BoundingBox3D Orientation Quat X": -0.0001429361770211,
            "BoundingBox3D Orientation Quat Y": 0.0151996950064047,
            "BoundingBox3D Orientation Quat Z": 0.9966166780265772,
            "ObjectType": "TRAFFIC_SIGN",
            "Occluded": {
                "F_MIDRANGECAM_C": 0.0810396298766136
            },
            "Truncated": 0,
            "ObjectMeta": {
                "SourceID": 608,
                "SubType": "us_yellow_ground_diamond_unknown",
                "Text": "11",
                "OcrVersion": 10006
            }
        },
        {
            "ActorName": "TRAFFIC_SIGN 609",
            "ObjectId": 609,
            "BoundingBox3D Origin X": 80.51516324053227,
            "BoundingBox3D Origin Y": -7.73193416648428,
            "BoundingBox3D Origin Z": 2.2883976409211755,
            "BoundingBox3D Extent X": 0.1,
            "BoundingBox3D Extent Y": 0.4327197226534073,
            "BoundingBox3D Extent Z": 0.5787043291211466,
            "BoundingBox3D Orientation Quat W": 0.2031272055210729,
            "BoundingBox3D Orientation Quat X": -0.0020157596264213,
            "BoundingBox3D Orientation Quat Y": 0.0150657100524815,
            "BoundingBox3D Orientation Quat Z": 0.9790343709344134,
            "ObjectType": "TRAFFIC_SIGN",
            "Occluded": {
                "F_MIDRANGECAM_C": 0.999086856842041
            },
            "Truncated": 0,
            "ObjectMeta": {
                "SourceID": 609,
                "SubType": "unknown",
                "Text": "",
                "OcrVersion": 10006
            }
        },
        {
            "ActorName": "TRAFFIC_SIGN 610",
            "ObjectId": 610,
            "BoundingBox3D Origin X": 92.1722748387765,
            "BoundingBox3D Origin Y": 13.380334786168532,
            "BoundingBox3D Origin Z": 1.9429361568763848,
            "BoundingBox3D Extent X": 0.1,
            "BoundingBox3D Extent Y": 0.5673764564289475,
            "BoundingBox3D Extent Z": 0.8397778011530023,
            "BoundingBox3D Orientation Quat W": -0.1753051165226971,
            "BoundingBox3D Orientation Quat X": 0.0037300125340428,
            "BoundingBox3D Orientation Quat Y": 0.0147382789861836,
            "BoundingBox3D Orientation Quat Z": 0.98439676262165,
            "ObjectType": "TRAFFIC_SIGN",
            "Occluded": {
                "F_MIDRANGECAM_C": 0.9851821064949036
            },
            "Truncated": 0,
            "ObjectMeta": {
                "SourceID": 610,
                "SubType": "us_yellow_ground_diamond_unknown",
                "Text": "",
                "OcrVersion": 10006
            }
        },
        {
            "ActorName": "TRAFFIC_SIGN 611",
            "ObjectId": 611,
            "BoundingBox3D Origin X": 102.00547854494836,
            "BoundingBox3D Origin Y": -1.5572803776012734,
            "BoundingBox3D Origin Z": 2.013750902377069,
            "BoundingBox3D Extent X": 0.1,
            "BoundingBox3D Extent Y": 0.6647898721773063,
            "BoundingBox3D Extent Z": 0.4925958622564428,
            "BoundingBox3D Orientation Quat W": 0.0719660142933026,
            "BoundingBox3D Orientation Quat X": -4.162649708611903e-06,