{
    "CapturedObjects": [
        {
            "ActorName": "TRAFFIC_SIGN 612",
            "ObjectId": 612,
            "BoundingBox3D Origin X": 30.430991956338403,
            "BoundingBox3D Origin Y": -3.513951163826277,
            "BoundingBox3D Origin Z": 5.099109723232687,
            "BoundingBox3D Extent X": 0.1,
            "BoundingBox3D Extent Y": 2.015689627696113,
            "BoundingBox3D Extent Z": 0.6071013615992222,
            "BoundingBox3D Orientation Quat W": 0.0376785705434898,
            "BoundingBox3D Orientation Quat X": 0.0016329214175202,
            "BoundingBox3D Orientation Quat Y": 0.0151209910815166,
            "BoundingBox3D Orientation Quat Z": 0.9991741662583936,
            "ObjectType": "TRAFFIC_SIGN",
            "Occluded": {
                "F_MIDRANGECAM_C": 0.0220165662467479
            },
            "Truncated": 0,
            "ObjectMeta": {
                "SourceID": 612,
                "SubType": "unknown",
                "Text": "",
                "OcrVersion": 10006
            }
        },
        {
            "ActorName": "TRAFFIC_SIGN 613",
            "ObjectId": 613,
            "BoundingBox3D Origin X": 35.98632117550005,
            "BoundingBox3D Origin Y": -3.810986649914412,
            "BoundingBox3D Origin Z": 2.565457002259791,
            "BoundingBox3D Extent X": 0.1,
            "BoundingBox3D Extent Y": 0.821519601845871,
            "BoundingBox3D Extent Z": 1.04655705856691,
            "BoundingBox3D Orientation Quat W": 0.0385989597956919,
            "BoundingBox3D Orientation Quat X": 0.0016218097515674,
            "BoundingBox3D Orientation Quat Y": 0.0151223969849592,
            "BoundingBox3D Orientation Quat Z": 0.9991390309387628,
            "ObjectType": "TRAFFIC_SIGN",
            "Occluded": {
                "F_MIDRANGECAM_C": 2.182961651442384e-07
            },
            "Truncated": 0,
            "ObjectMeta": {
                "SourceID": 613,
                "SubType": "unknown",
                "Text": "AHEAD",
                "OcrVersion": 10006
            }
        },
        {
            "ActorName": "TRAFFIC_SIGN 614",
            "ObjectId": 614,
            "BoundingBox3D Origin X": 16.88452131919621,
            "BoundingBox3D Origin Y": 15.69951388586196,
            "BoundingBox3D Origin Z": 1.834544044919312,
            "BoundingBox3D Extent X": 0.1,
            "BoundingBox3D Extent Y": 0.7431382892211243,
            "BoundingBox3D Extent Z": 0.8068183363710659,
            "BoundingBox3D Orientation Quat W": -0.4005728073859767,
            "BoundingBox3D Orientation Quat X": 0.0080510315491949,
            "BoundingBox3D Orientation Quat Y": 0.0129102168475118,
            "BoundingBox3D Orientation Quat Z": 0.9161385993259216,
            "ObjectType": "TRAFFIC_SIGN",
            "Occluded": {
                "F_MIDRANGECAM_C": 0.0955819860100746
            },
            "Truncated": 0,
            "ObjectMeta": {
                "SourceID": 614,
                "SubType": "unknown",
                "Text": "",
                "OcrVersion": 10006
            }
        },
        {
            "ActorName": "TRAFFIC_SIGN 615",
            "ObjectId": 615,
            "BoundingBox3D Origin X": 25.164328969967755,
            "BoundingBox3D Origin Y": -10.93789322048542,
            "BoundingBox3D Origin Z": 2.6903907507658005,
            "BoundingBox3D Extent X": 0.1,
            "BoundingBox3D Extent Y": 0.7208321150109754,
            "BoundingBox3D Extent Z": 0.6150844709069305,
            "BoundingBox3D Orientation Quat W": 0.1623788541745226,
            "BoundingBox3D Orientation Quat X": -0.0002738943008466,
            "BoundingBox3D Orientation Quat Y": 0.0152062655016242,
            "BoundingBox3D Orientation Quat Z": 0.9866112720764822,
            "ObjectType": "TRAFFIC_SIGN",
            "Occluded": {
                "F_MIDRANGECAM_C": 0.0047425138764083
            },
            "Truncated": 0,
            "ObjectMeta": {
                "SourceID": 615,
                "SubType": "us_yellow_ground_diamond_unknown",
                "Text": "",
                "OcrVersion": 10006
            }
        },
        {
            "ActorName": "TRAFFIC_SIGN 616",
            "ObjectId": 616,
            "BoundingBox3D Origin X": 50.48689244308844,
            "BoundingBox3D Origin Y": -3.640861184190726,
            "BoundingBox3D Origin Z": 2.9662065068259835,
            "BoundingBox3D Extent X": 0.1,
            "BoundingBox3D Extent Y": 0.5572884027437033,
            "BoundingBox3D Extent Z": 0.5924573148805717,
            "BoundingBox3D Orientation Quat W": 0.0509236149976903,
            "BoundingBox3D Orientation Quat X": 0.001434085802821,
            "BoundingBox3D Orientation Quat Y": 0.0151413855673786,
            "BoundingBox3D Orientation Quat Z": 0.9985867349792792,
            "ObjectType": "TRAFFIC_SIGN",
            "Occluded": {
                "F_MIDRANGECAM_C": 0.8112514615058899
            },
            "Truncated": 0,
            "ObjectMeta": {
                "SourceID": 616,
                "SubType": "unknown",
                "Text": "",
                "OcrVersion": 10006
            }
        },
        {
            "ActorName": "TRAFFIC_SIGN 617",
            "ObjectId": 617,
            "BoundingBox3D Origin X": 29.89045514774261,
            "BoundingBox3D Origin Y": -4.197886013804236,
            "BoundingBox3D Origin Z": 2.9976834477856755,
            "BoundingBox3D Extent X": 0.0999999999999999,
            "BoundingBox3D Extent Y": 0.7647942581555,
            "BoundingBox3D Extent Z": 0.185378029919662,
            "BoundingBox3D Orientation Quat W": 0.1753736077780189,
            "BoundingBox3D Orientation Quat X": -0.0004722607779617,
            "BoundingBox3D Orientation Quat Y": 0.0152016541460908,
            "BoundingBox3D Orientation Quat Z": 0.984384469796178,
            "ObjectType": "TRAFFIC_SIGN",
            "Occluded": {
                "F_MIDRANGECAM_C": 0.9848814010620116
            },
            "Truncated": 0,
            "ObjectMeta": {
                "SourceID": 617,
                "SubType": "us_white_ground_rectangle_unknown",
                "Text": "",
                "OcrVersion": 10006
            }
        },
        {
            "ActorName": "TRAFFIC_SIGN 618",
            "ObjectId": 618,
            "BoundingBox3D Origin X": 52.24049272255797,
            "BoundingBox3D Origin Y": -3.111835439718561,
            "BoundingBox3D Origin Z": 2.35521103721112,
            "BoundingBox3D Extent X": 0.0999999999999999,
            "BoundingBox3D Extent Y": 0.3186681614729488,
            "BoundingBox3D Extent Z": 0.468749094353403,
            "BoundingBox3D Orientation Quat W": 0.2866859395210172,
            "BoundingBox3D Orientation Quat X": -0.0022041311166298,
            "BoundingBox3D Orientation Quat Y": 0.0150488610441228,
            "BoundingBox3D Orientation Quat Z": 0.9579038812262152,
            "ObjectType": "TRAFFIC_SIGN",
            "Occluded": {
                "F_MIDRANGECAM_C": 0.9938175082206726
            },
            "Truncated": 0,
            "ObjectMeta": {
                "SourceID": 618,
                "SubType": "us_white_ground_rectangle_unknown",
                "Text": "",
                "OcrVersion": 10006
            }
        },
        {
            "ActorName": "TRAFFIC_SIGN 619",
            "ObjectId": 619,
            "BoundingBox3D Origin X": 81.57921484670806,
            "BoundingBox3D Origin Y": -2.6950122286507394,
            "BoundingBox3D Origin Z": 2.782614522613585,
            "BoundingBox3D Extent X": 0.1,
            "BoundingBox3D Extent Y": 0.6539907426792017,
            "BoundingBox3D Extent Z": 1.2534023493860695,
            "BoundingBox3D Orientation Quat W": 0.0601721841371253,
            "BoundingBox3D Orientation Quat X": 0.0012955811642162,