{
    "CapturedObjects": [
        {
            "ActorName": "TRAFFIC_SIGN 612",
            "ObjectId": 612,
            "BoundingBox3D Origin X": 1.4030420184426475,
            "BoundingBox3D Origin Y": -3.901422492839629,
            "BoundingBox3D Origin Z": 5.296430872753263,
            "BoundingBox3D Extent X": 0.1,
            "BoundingBox3D Extent Y": 2.015689627696113,
            "BoundingBox3D Extent Z": 0.6071013615992222,
            "BoundingBox3D Orientation Quat W": 0.0466999516147968,
            "BoundingBox3D Orientation Quat X": 0.0013855775518773,
            "BoundingBox3D Orientation Quat Y": 0.0197277986399172,
            "BoundingBox3D Orientation Quat Z": 0.9987131763698954,
            "ObjectType": "TRAFFIC_SIGN",
            "Occluded": {
                "F_CTCAM_L": 0.0
            },
            "Truncated": 0,
            "ObjectMeta": {
                "SourceID": 612,
                "SubType": "unknown",
                "Text": "",
                "OcrVersion": 10006
            }
        },
        {
            "ActorName": "TRAFFIC_SIGN 613",
            "ObjectId": 613,
            "BoundingBox3D Origin X": 6.952954144937394,
            "BoundingBox3D Origin Y": -4.322087685461156,
            "BoundingBox3D Origin Z": 2.768433780409396,
            "BoundingBox3D Extent X": 0.1,
            "BoundingBox3D Extent Y": 0.821519601845871,
            "BoundingBox3D Extent Z": 1.04655705856691,
            "BoundingBox3D Orientation Quat W": 0.0476199329009664,
            "BoundingBox3D Orientation Quat X": 0.0013702222608516,
            "BoundingBox3D Orientation Quat Y": 0.0197289510637209,
            "BoundingBox3D Orientation Quat Z": 0.9986697316787913,
            "ObjectType": "TRAFFIC_SIGN",
            "Occluded": {
                "F_MIDRANGECAM_C": 0.0001221516431542
            },
            "Truncated": 0,
            "ObjectMeta": {
                "SourceID": 613,
                "SubType": "unknown",
                "Text": "AHEAD",
                "OcrVersion": 10006
            }
        },
        {
            "ActorName": "TRAFFIC_SIGN 616",
            "ObjectId": 616,
            "BoundingBox3D Origin X": 21.454103469921392,
            "BoundingBox3D Origin Y": -4.40981957144686,
            "BoundingBox3D Origin Z": 3.1749006090685725,
            "BoundingBox3D Extent X": 0.1,
            "BoundingBox3D Extent Y": 0.5572884027437033,
            "BoundingBox3D Extent Z": 0.5924573148805717,
            "BoundingBox3D Orientation Quat W": 0.0599382045886065,
            "BoundingBox3D Orientation Quat X": 0.0011256941001507,
            "BoundingBox3D Orientation Quat Y": 0.0197445172142772,
            "BoundingBox3D Orientation Quat Z": 0.9980061615458404,
            "ObjectType": "TRAFFIC_SIGN",
            "Occluded": {
                "F_MIDRANGECAM_C": 2.9308801003935514e-06
            },
            "Truncated": 0,
            "ObjectMeta": {
                "SourceID": 616,
                "SubType": "unknown",
                "Text": "",
                "OcrVersion": 10006
            }
        },
        {
            "ActorName": "TRAFFIC_SIGN 617",
            "ObjectId": 617,
            "BoundingBox3D Origin X": 0.8509572704133461,
            "BoundingBox3D Origin Y": -4.594956003391417,
            "BoundingBox3D Origin Z": 3.201153175905347,
            "BoundingBox3D Extent X": 0.0999999999999999,
            "BoundingBox3D Extent Y": 0.7647942581555,
            "BoundingBox3D Extent Z": 0.185378029919662,
            "BoundingBox3D Orientation Quat W": 0.1842455742212645,
            "BoundingBox3D Orientation Quat X": -0.0013535869996217,
            "BoundingBox3D Orientation Quat Y": 0.0197303356046004,
            "BoundingBox3D Orientation Quat Z": 0.98268125556512,
            "ObjectType": "TRAFFIC_SIGN",
            "Occluded": {
                "F_CTCAM_L": 0.0
            },
            "Truncated": 0,
            "ObjectMeta": {
                "SourceID": 617,
                "SubType": "us_white_ground_rectangle_unknown",
                "Text": "",
                "OcrVersion": 10006
            }
        },
        {
            "ActorName": "TRAFFIC_SIGN 618",
            "ObjectId": 618,
            "BoundingBox3D Origin X": 23.21716314123114,
            "BoundingBox3D Origin Y": -3.9181909161852673,
            "BoundingBox3D Origin Z": 2.559914260171354,
            "BoundingBox3D Extent X": 0.0999999999999999,
            "BoundingBox3D Extent Y": 0.3186681614729488,
            "BoundingBox3D Extent Z": 0.468749094353403,
            "BoundingBox3D Orientation Quat W": 0.2953053615248632,
            "BoundingBox3D Orientation Quat X": -0.0035968435406794,
            "BoundingBox3D Orientation Quat Y": 0.0194473099222888,
            "BoundingBox3D Orientation Quat Z": 0.9551982036771216,
            "ObjectType": "TRAFFIC_SIGN",
            "Occluded": {
                "F_MIDRANGECAM_C": 0.3346883356571197
            },
            "Truncated": 0,
            "ObjectMeta": {
                "SourceID": 618,
                "SubType": "us_white_ground_rectangle_unknown",
                "Text": "",
                "OcrVersion": 10006
            }
        },
        {
            "ActorName": "TRAFFIC_SIGN 619",
            "ObjectId": 619,
            "BoundingBox3D Origin X": 52.55849197974749,
            "BoundingBox3D Origin Y": -4.026654404384317,
            "BoundingBox3D Origin Z": 2.99822869990021,
            "BoundingBox3D Extent X": 0.1,
            "BoundingBox3D Extent Y": 0.6539907426792017,
            "BoundingBox3D Extent Z": 1.2534023493860695,
            "BoundingBox3D Orientation Quat W": 0.0691810878586985,
            "BoundingBox3D Orientation Quat X": 0.0009445719456054,
            "BoundingBox3D Orientation Quat Y": 0.019754358465945,
            "BoundingBox3D Orientation Quat Z": 0.9974080660332189,
            "ObjectType": "TRAFFIC_SIGN",
            "Occluded": {
                "F_MIDRANGECAM_C": 5.12170390720712e-06
            },
            "Truncated": 0,
            "ObjectMeta": {
                "SourceID": 619,
                "SubType": "us_speedlimit_20",
                "Text": "SCHOOL CED UMIT 20",
                "OcrVersion": 10006
            }
        },
        {
            "ActorName": "TRAFFIC_SIGN 620",
            "ObjectId": 620,
            "BoundingBox3D Origin X": 69.00121610577844,
            "BoundingBox3D Origin Y": -7.283824707963504,
            "BoundingBox3D Origin Z": 2.440964210778475,
            "BoundingBox3D Extent X": 0.0999999999999999,
            "BoundingBox3D Extent Y": 0.4680118431516936,
            "BoundingBox3D Extent Z": 0.6304466963182337,
            "BoundingBox3D Orientation Quat W": 0.3576678200352647,
            "BoundingBox3D Orientation Quat X": -0.004869977565274,
            "BoundingBox3D Orientation Quat Y": 0.0191695347761909,
            "BoundingBox3D Orientation Quat Z": 0.9336394072478944,
            "ObjectType": "TRAFFIC_SIGN",
            "Occluded": {
                "F_MIDRANGECAM_C": 0.994356334209442
            },
            "Truncated": 0,
            "ObjectMeta": {
                "SourceID": 620,
                "SubType": "us_white_ground_rectangle_unknown",
                "Text": "",
                "OcrVersion": 10006
            }
        },
        {
            "ActorName": "TRAFFIC_SIGN 621",
            "ObjectId": 621,
            "BoundingBox3D Origin X": 124.21696965133378,
            "BoundingBox3D Origin Y": 11.804350264312234,
            "BoundingBox3D Origin Z": 1.266116352751851,
            "BoundingBox3D Extent X": 0.1,
            "BoundingBox3D Extent Y": 0.7125868482925369,
            "BoundingBox3D Extent Z": 0.551406407640237,
            "BoundingBox3D Orientation Quat W": -0.3463727682003913,
            "BoundingBox3D Orientation Quat X": 0.0089865919526455,