{
    "CapturedObjects": [
        {
            "ActorName": "TRAFFIC_SIGN 609",
            "ObjectId": 609,
            "BoundingBox3D Origin X": 6.054744078828662,
            "BoundingBox3D Origin Y": -10.098873664828716,
            "BoundingBox3D Origin Z": 2.6339407274499536,
            "BoundingBox3D Extent X": 0.1,
            "BoundingBox3D Extent Y": 0.4327197226534073,
            "BoundingBox3D Extent Z": 0.5787043291211466,
            "BoundingBox3D Orientation Quat W": 0.2120002536125395,
            "BoundingBox3D Orientation Quat X": -0.0008054036863174,
            "BoundingBox3D Orientation Quat Y": 0.0156327221878007,
            "BoundingBox3D Orientation Quat Z": 0.977144237965982,
            "ObjectType": "TRAFFIC_SIGN",
            "Occluded": {
                "F_CTCAM_L": 0.0
            },
            "Truncated": 0,
            "ObjectMeta": {
                "SourceID": 609,
                "SubType": "unknown",
                "Text": "",
                "OcrVersion": 10006
            }
        },
        {
            "ActorName": "TRAFFIC_SIGN 610",
            "ObjectId": 610,
            "BoundingBox3D Origin X": 18.09294024436531,
            "BoundingBox3D Origin Y": 10.797726419434184,
            "BoundingBox3D Origin Z": 2.2474066112190485,
            "BoundingBox3D Extent X": 0.1,
            "BoundingBox3D Extent Y": 0.5673764564289475,
            "BoundingBox3D Extent Z": 0.8397778011530023,
            "BoundingBox3D Orientation Quat W": -0.1663652033718318,
            "BoundingBox3D Orientation Quat X": 0.0050651120369799,
            "BoundingBox3D Orientation Quat Y": 0.0148144581779177,
            "BoundingBox3D Orientation Quat Z": 0.985939904647335,
            "ObjectType": "TRAFFIC_SIGN",
            "Occluded": {
                "F_MIDRANGECAM_C": 0.0028508813120424
            },
            "Truncated": 0,
            "ObjectMeta": {
                "SourceID": 610,
                "SubType": "us_yellow_ground_diamond_unknown",
                "Text": "",
                "OcrVersion": 10006
            }
        },
        {
            "ActorName": "TRAFFIC_SIGN 611",
            "ObjectId": 611,
            "BoundingBox3D Origin X": 27.6530491500198,
            "BoundingBox3D Origin Y": -4.316118400660344,
            "BoundingBox3D Origin Z": 2.305341307073832,
            "BoundingBox3D Extent X": 0.1,
            "BoundingBox3D Extent Y": 0.6647898721773063,
            "BoundingBox3D Extent Z": 0.4925958622564428,
            "BoundingBox3D Orientation Quat W": 0.0810108137218265,
            "BoundingBox3D Orientation Quat X": 0.0012707394604405,
            "BoundingBox3D Orientation Quat Y": 0.0156027318916768,
            "BoundingBox3D Orientation Quat Z": 0.9965902809273566,
            "ObjectType": "TRAFFIC_SIGN",
            "Occluded": {
                "F_MIDRANGECAM_C": 0.000556205457542
            },
            "Truncated": 0,
            "ObjectMeta": {
                "SourceID": 611,
                "SubType": "unknown",
                "Text": "P",
                "OcrVersion": 10006
            }
        },
        {
            "ActorName": "TRAFFIC_SIGN 612",
            "ObjectId": 612,
            "BoundingBox3D Origin X": 64.19992678297422,
            "BoundingBox3D Origin Y": -3.641223818412982,
            "BoundingBox3D Origin Z": 4.875179254449904,
            "BoundingBox3D Extent X": 0.1,
            "BoundingBox3D Extent Y": 2.015689627696113,
            "BoundingBox3D Extent Z": 0.6071013615992222,
            "BoundingBox3D Orientation Quat W": 0.0423672260236142,
            "BoundingBox3D Orientation Quat X": 0.0018757792159157,
            "BoundingBox3D Orientation Quat Y": 0.0155422259264591,
            "BoundingBox3D Orientation Quat Z": 0.9989794486497948,
            "ObjectType": "TRAFFIC_SIGN",
            "Occluded": {
                "F_MIDRANGECAM_C": 0.0043719708919525
            },
            "Truncated": 0,
            "ObjectMeta": {
                "SourceID": 612,
                "SubType": "unknown",
                "Text": "",
                "OcrVersion": 10006
            }
        },
        {
            "ActorName": "TRAFFIC_SIGN 613",
            "ObjectId": 613,
            "BoundingBox3D Origin X": 69.7512665092654,
            "BoundingBox3D Origin Y": -3.992548296460882,
            "BoundingBox3D Origin Z": 2.3396959053352475,
            "BoundingBox3D Extent X": 0.1,
            "BoundingBox3D Extent Y": 0.821519601845871,
            "BoundingBox3D Extent Z": 1.04655705856691,
            "BoundingBox3D Orientation Quat W": 0.043287437916693,
            "BoundingBox3D Orientation Quat X": 0.0018642772155071,
            "BoundingBox3D Orientation Quat Y": 0.0155438390349028,
            "BoundingBox3D Orientation Quat Z": 0.9989399938220158,
            "ObjectType": "TRAFFIC_SIGN",
            "Occluded": {
                "F_MIDRANGECAM_C": 1.908757894852897e-06
            },
            "Truncated": 0,
            "ObjectMeta": {
                "SourceID": 613,
                "SubType": "unknown",
                "Text": "AHEAD",
                "OcrVersion": 10006
            }
        },
        {
            "ActorName": "TRAFFIC_SIGN 614",
            "ObjectId": 614,
            "BoundingBox3D Origin X": 50.83320488719255,
            "BoundingBox3D Origin Y": 15.695895856712012,
            "BoundingBox3D Origin Z": 1.5993818771094084,
            "BoundingBox3D Extent X": 0.1,
            "BoundingBox3D Extent Y": 0.7431382892211243,
            "BoundingBox3D Extent Z": 0.8068183363710659,
            "BoundingBox3D Orientation Quat W": -0.3962672993704534,
            "BoundingBox3D Orientation Quat X": 0.0084530134760061,
            "BoundingBox3D Orientation Quat Y": 0.0131853938507571,
            "BoundingBox3D Orientation Quat Z": 0.9180015900867612,
            "ObjectType": "TRAFFIC_SIGN",
            "Occluded": {
                "F_MIDRANGECAM_C": 0.8902631998062134
            },
            "Truncated": 0,
            "ObjectMeta": {
                "SourceID": 614,
                "SubType": "unknown",
                "Text": "",
                "OcrVersion": 10006
            }
        },
        {
            "ActorName": "TRAFFIC_SIGN 615",
            "ObjectId": 615,
            "BoundingBox3D Origin X": 58.862895475631376,
            "BoundingBox3D Origin Y": -11.017434252717068,
            "BoundingBox3D Origin Z": 2.474749991670251,
            "BoundingBox3D Extent X": 0.1,
            "BoundingBox3D Extent Y": 0.7208321150109754,
            "BoundingBox3D Extent Z": 0.6150844709069305,
            "BoundingBox3D Orientation Quat W": 0.1670066124464954,
            "BoundingBox3D Orientation Quat X": -8.592487230982644e-05,
            "BoundingBox3D Orientation Quat Y": 0.0156541971321125,
            "BoundingBox3D Orientation Quat Z": 0.985831491751106,
            "ObjectType": "TRAFFIC_SIGN",
            "Occluded": {
                "F_MIDRANGECAM_C": 0.9996312856674194
            },
            "Truncated": 0,
            "ObjectMeta": {
                "SourceID": 615,
                "SubType": "us_yellow_ground_diamond_unknown",
                "Text": "",
                "OcrVersion": 10006
            }
        },
        {
            "ActorName": "TRAFFIC_SIGN 616",
            "ObjectId": 616,
            "BoundingBox3D Origin X": 84.2529409000781,
            "BoundingBox3D Origin Y": -3.958254287106684,
            "BoundingBox3D Origin Z": 2.734853431582451,
            "BoundingBox3D Extent X": 0.1,
            "BoundingBox3D Extent Y": 0.5572884027437033,
            "BoundingBox3D Extent Z": 0.5924573148805717,
            "BoundingBox3D Orientation Quat W": 0.0556093168428124,
            "BoundingBox3D Orientation Quat X": 0.0016713117275074,
            "BoundingBox3D Orientation Quat Y": 0.0155657507541725,