{
    "CapturedObjects": [
        {
            "ActorName": "TRAFFIC_SIGN 604",
            "ObjectId": 604,
            "BoundingBox3D Origin X": 27.12488551879688,
            "BoundingBox3D Origin Y": 13.692408228525892,
            "BoundingBox3D Origin Z": 1.545217962935567,
            "BoundingBox3D Extent X": 0.1,
            "BoundingBox3D Extent Y": 0.6542573677519435,
            "BoundingBox3D Extent Z": 0.6696639461456285,
            "BoundingBox3D Orientation Quat W": -0.4094605960395348,
            "BoundingBox3D Orientation Quat X": 0.007364588399794,
            "BoundingBox3D Orientation Quat Y": 0.0132508679534825,
            "BoundingBox3D Orientation Quat Z": 0.9122018403988942,
            "ObjectType": "TRAFFIC_SIGN",
            "Occluded": {
                "F_MIDRANGECAM_C": 0.0013761700829491
            },
            "Truncated": 0,
            "ObjectMeta": {
                "SourceID": 604,
                "SubType": "us_stop",
                "Text": "",
                "OcrVersion": 10006
            }
        },
        {
            "ActorName": "TRAFFIC_SIGN 605",
            "ObjectId": 605,
            "BoundingBox3D Origin X": 43.85176558331477,
            "BoundingBox3D Origin Y": -3.9113185989263,
            "BoundingBox3D Origin Z": 5.354266544803977,
            "BoundingBox3D Extent X": 0.1,
            "BoundingBox3D Extent Y": 1.675241656574072,
            "BoundingBox3D Extent Z": 0.7136703424772214,
            "BoundingBox3D Orientation Quat W": 0.0463021051440452,
            "BoundingBox3D Orientation Quat X": 0.0005877760218182,
            "BoundingBox3D Orientation Quat Y": 0.0151415921635165,
            "BoundingBox3D Orientation Quat Z": 0.9988125458589971,
            "ObjectType": "TRAFFIC_SIGN",
            "Occluded": {
                "F_MIDRANGECAM_C": 0.0063025937415659
            },
            "Truncated": 0,
            "ObjectMeta": {
                "SourceID": 605,
                "SubType": "unknown",
                "Text": "Bryson",
                "OcrVersion": 10006
            }
        },
        {
            "ActorName": "TRAFFIC_SIGN 606",
            "ObjectId": 606,
            "BoundingBox3D Origin X": 43.77074370429,
            "BoundingBox3D Origin Y": 2.143434005934978,
            "BoundingBox3D Origin Z": 6.872504166327417,
            "BoundingBox3D Extent X": 0.1,
            "BoundingBox3D Extent Y": 0.6808865710446399,
            "BoundingBox3D Extent Z": 0.8102549796546726,
            "BoundingBox3D Orientation Quat W": -0.0224133080159032,
            "BoundingBox3D Orientation Quat X": 0.0016282217449187,
            "BoundingBox3D Orientation Quat Y": 0.0150658662492499,
            "BoundingBox3D Orientation Quat Z": 0.9996339390956536,
            "ObjectType": "TRAFFIC_SIGN",
            "Occluded": {
                "F_MIDRANGECAM_C": 0.0008242688491009
            },
            "Truncated": 0,
            "ObjectMeta": {
                "SourceID": 606,
                "SubType": "us_white_ground_rectangle_unknown",
                "Text": "",
                "OcrVersion": 10006
            }
        },
        {
            "ActorName": "TRAFFIC_SIGN 607",
            "ObjectId": 607,
            "BoundingBox3D Origin X": 24.159958161895705,
            "BoundingBox3D Origin Y": -10.7476045882795,
            "BoundingBox3D Origin Z": 2.724390090443194,
            "BoundingBox3D Extent X": 0.1,
            "BoundingBox3D Extent Y": 0.6534787456868417,
            "BoundingBox3D Extent Z": 0.6851783530544237,
            "BoundingBox3D Orientation Quat W": 0.3703974827130878,
            "BoundingBox3D Orientation Quat X": -0.0043972271742111,
            "BoundingBox3D Orientation Quat Y": 0.0145005529886881,
            "BoundingBox3D Orientation Quat Z": 0.9287497527084504,
            "ObjectType": "TRAFFIC_SIGN",
            "Occluded": {
                "F_MIDRANGECAM_C": 0.0964747369289398
            },
            "Truncated": 0,
            "ObjectMeta": {
                "SourceID": 607,
                "SubType": "us_yellow_ground_diamond_unknown",
                "Text": "OUTLET",
                "OcrVersion": 10006
            }
        },
        {
            "ActorName": "TRAFFIC_SIGN 608",
            "ObjectId": 608,
            "BoundingBox3D Origin X": 58.43166523390573,
            "BoundingBox3D Origin Y": -3.8779589285259135,
            "BoundingBox3D Origin Z": 2.47311379108578,
            "BoundingBox3D Extent X": 0.1,
            "BoundingBox3D Extent Y": 0.3973643084709372,
            "BoundingBox3D Extent Z": 0.4863847471929617,
            "BoundingBox3D Orientation Quat W": 0.0871301805603922,
            "BoundingBox3D Orientation Quat X": -2.76021868535444e-05,
            "BoundingBox3D Orientation Quat Y": 0.015152826887205,
            "BoundingBox3D Orientation Quat Z": 0.996081684758313,
            "ObjectType": "TRAFFIC_SIGN",
            "Occluded": {
                "F_MIDRANGECAM_C": 0.1750942319631576
            },
            "Truncated": 0,
            "ObjectMeta": {
                "SourceID": 608,
                "SubType": "us_yellow_ground_diamond_unknown",
                "Text": "11",
                "OcrVersion": 10006
            }
        },
        {
            "ActorName": "TRAFFIC_SIGN 609",
            "ObjectId": 609,
            "BoundingBox3D Origin X": 93.14336998914769,
            "BoundingBox3D Origin Y": -8.754146695981035,
            "BoundingBox3D Origin Z": 2.2491929261013865,
            "BoundingBox3D Extent X": 0.1,
            "BoundingBox3D Extent Y": 0.4327197226534073,
            "BoundingBox3D Extent Z": 0.5787043291211466,
            "BoundingBox3D Orientation Quat W": 0.2093707876248251,
            "BoundingBox3D Orientation Quat X": -0.0018955526295508,
            "BoundingBox3D Orientation Quat Y": 0.015033390965374,
            "BoundingBox3D Orientation Quat Z": 0.9777189152950204,
            "ObjectType": "TRAFFIC_SIGN",
            "Occluded": {
                "F_MIDRANGECAM_C": 0.9997887015342712
            },
            "Truncated": 0,
            "ObjectMeta": {
                "SourceID": 609,
                "SubType": "unknown",
                "Text": "",
                "OcrVersion": 10006
            }
        },
        {
            "ActorName": "TRAFFIC_SIGN 610",
            "ObjectId": 610,
            "BoundingBox3D Origin X": 105.06910706944656,
            "BoundingBox3D Origin Y": 12.207629615964834,
            "BoundingBox3D Origin Z": 1.905433803796768,
            "BoundingBox3D Extent X": 0.1,
            "BoundingBox3D Extent Y": 0.5673764564289475,
            "BoundingBox3D Extent Z": 0.8397778011530023,
            "BoundingBox3D Orientation Quat W": -0.1690193237623687,
            "BoundingBox3D Orientation Quat X": 0.0038296619617664,
            "BoundingBox3D Orientation Quat Y": 0.0146636800676305,
            "BoundingBox3D Orientation Quat Z": 0.9854962092119096,
            "ObjectType": "TRAFFIC_SIGN",
            "Occluded": {
                "F_MIDRANGECAM_C": 0.9990280866622924
            },
            "Truncated": 0,
            "ObjectMeta": {
                "SourceID": 610,
                "SubType": "us_yellow_ground_diamond_unknown",
                "Text": "",
                "OcrVersion": 10006
            }
        },
        {
            "ActorName": "TRAFFIC_SIGN 611",
            "ObjectId": 611,
            "BoundingBox3D Origin X": 114.71078428047804,
            "BoundingBox3D Origin Y": -2.8542542365030386,
            "BoundingBox3D Origin Z": 1.974505687132477,
            "BoundingBox3D Extent X": 0.1,
            "BoundingBox3D Extent Y": 0.6647898721773063,
            "BoundingBox3D Extent Z": 0.4925958622564428,
            "BoundingBox3D Orientation Quat W": 0.0783284876488003,
            "BoundingBox3D Orientation Quat X": 0.0001107573753445,