{
    "CapturedObjects": [
        {
            "ActorName": "TRAFFIC_SIGN 604",
            "ObjectId": 604,
            "BoundingBox3D Origin X": 34.499080504911035,
            "BoundingBox3D Origin Y": 13.854343002283713,
            "BoundingBox3D Origin Z": 1.5220503685995936,
            "BoundingBox3D Extent X": 0.1,
            "BoundingBox3D Extent Y": 0.6542573677519435,
            "BoundingBox3D Extent Z": 0.6696639461456285,
            "BoundingBox3D Orientation Quat W": -0.411178249328918,
            "BoundingBox3D Orientation Quat X": 0.0071346753781913,
            "BoundingBox3D Orientation Quat Y": 0.013385004390253,
            "BoundingBox3D Orientation Quat Z": 0.9114287604325022,
            "ObjectType": "TRAFFIC_SIGN",
            "Occluded": {
                "F_MIDRANGECAM_C": 0.3101759850978851
            },
            "Truncated": 0,
            "ObjectMeta": {
                "SourceID": 604,
                "SubType": "us_stop",
                "Text": "",
                "OcrVersion": 10006
            }
        },
        {
            "ActorName": "TRAFFIC_SIGN 605",
            "ObjectId": 605,
            "BoundingBox3D Origin X": 51.29051972932393,
            "BoundingBox3D Origin Y": -3.685952654137509,
            "BoundingBox3D Origin Z": 5.3399012023583055,
            "BoundingBox3D Extent X": 0.1,
            "BoundingBox3D Extent Y": 1.675241656574072,
            "BoundingBox3D Extent Z": 0.7136703424772214,
            "BoundingBox3D Orientation Quat W": 0.0444221706785737,
            "BoundingBox3D Orientation Quat X": 0.0003222208395998,
            "BoundingBox3D Orientation Quat Y": 0.0151585806618683,
            "BoundingBox3D Orientation Quat Z": 0.998897784739886,
            "ObjectType": "TRAFFIC_SIGN",
            "Occluded": {
                "F_MIDRANGECAM_C": 0.0177504271268844
            },
            "Truncated": 0,
            "ObjectMeta": {
                "SourceID": 605,
                "SubType": "unknown",
                "Text": "Bryson",
                "OcrVersion": 10006
            }
        },
        {
            "ActorName": "TRAFFIC_SIGN 606",
            "ObjectId": 606,
            "BoundingBox3D Origin X": 51.18591244896379,
            "BoundingBox3D Origin Y": 2.3685238854959607,
            "BoundingBox3D Origin Z": 6.857794989831746,
            "BoundingBox3D Extent X": 0.1,
            "BoundingBox3D Extent Y": 0.6808865710446399,
            "BoundingBox3D Extent Z": 0.8102549796546726,
            "BoundingBox3D Orientation Quat W": -0.0242946476125992,
            "BoundingBox3D Orientation Quat X": 0.0013643042647563,
            "BoundingBox3D Orientation Quat Y": 0.0151009629011288,
            "BoundingBox3D Orientation Quat Z": 0.9995898507341456,
            "ObjectType": "TRAFFIC_SIGN",
            "Occluded": {
                "F_MIDRANGECAM_C": 0.002090654335916
            },
            "Truncated": 0,
            "ObjectMeta": {
                "SourceID": 606,
                "SubType": "us_white_ground_rectangle_unknown",
                "Text": "",
                "OcrVersion": 10006
            }
        },
        {
            "ActorName": "TRAFFIC_SIGN 607",
            "ObjectId": 607,
            "BoundingBox3D Origin X": 31.62594489112962,
            "BoundingBox3D Origin Y": -10.596585352090187,
            "BoundingBox3D Origin Z": 2.7010420691221952,
            "BoundingBox3D Extent X": 0.1,
            "BoundingBox3D Extent Y": 0.6534787456868417,
            "BoundingBox3D Extent Z": 0.6851783530544237,
            "BoundingBox3D Orientation Quat W": 0.3686474872332568,
            "BoundingBox3D Orientation Quat X": -0.004652900966922,
            "BoundingBox3D Orientation Quat Y": 0.0144298898512021,
            "BoundingBox3D Orientation Quat Z": 0.9294456191451336,
            "ObjectType": "TRAFFIC_SIGN",
            "Occluded": {
                "F_MIDRANGECAM_C": 0.9941810965538024
            },
            "Truncated": 0,
            "ObjectMeta": {
                "SourceID": 607,
                "SubType": "us_yellow_ground_diamond_unknown",
                "Text": "OUTLET",
                "OcrVersion": 10006
            }
        },
        {
            "ActorName": "TRAFFIC_SIGN 608",
            "ObjectId": 608,
            "BoundingBox3D Origin X": 65.87152273755964,
            "BoundingBox3D Origin Y": -3.597758991410956,
            "BoundingBox3D Origin Z": 2.465657224878669,
            "BoundingBox3D Extent X": 0.1,
            "BoundingBox3D Extent Y": 0.3973643084709372,
            "BoundingBox3D Extent Z": 0.4863847471929617,
            "BoundingBox3D Orientation Quat W": 0.0852552475596006,
            "BoundingBox3D Orientation Quat X": -0.0002935304986653,
            "BoundingBox3D Orientation Quat Y": 0.015158991087976,
            "BoundingBox3D Orientation Quat Z": 0.9962437761876316,
            "ObjectType": "TRAFFIC_SIGN",
            "Occluded": {
                "F_MIDRANGECAM_C": 0.1756419390439987
            },
            "Truncated": 0,
            "ObjectMeta": {
                "SourceID": 608,
                "SubType": "us_yellow_ground_diamond_unknown",
                "Text": "11",
                "OcrVersion": 10006
            }
        },
        {
            "ActorName": "TRAFFIC_SIGN 609",
            "ObjectId": 609,
            "BoundingBox3D Origin X": 100.601450889626,
            "BoundingBox3D Origin Y": -8.343007121933624,
            "BoundingBox3D Origin Z": 2.258425235748291,
            "BoundingBox3D Extent X": 0.1,
            "BoundingBox3D Extent Y": 0.4327197226534073,
            "BoundingBox3D Extent Z": 0.5787043291211466,
            "BoundingBox3D Orientation Quat W": 0.2075297820431487,
            "BoundingBox3D Orientation Quat X": -0.002159885786704,
            "BoundingBox3D Orientation Quat Y": 0.0150067750897494,
            "BoundingBox3D Orientation Quat Z": 0.97811120081508,
            "ObjectType": "TRAFFIC_SIGN",
            "Occluded": {
                "F_MIDRANGECAM_C": 0.8140305876731873
            },
            "Truncated": 0,
            "ObjectMeta": {
                "SourceID": 609,
                "SubType": "unknown",
                "Text": "",
                "OcrVersion": 10006
            }
        },
        {
            "ActorName": "TRAFFIC_SIGN 610",
            "ObjectId": 610,
            "BoundingBox3D Origin X": 112.4480640574111,
            "BoundingBox3D Origin Y": 12.663552373065611,
            "BoundingBox3D Origin Z": 1.919264987111092,
            "BoundingBox3D Extent X": 0.1,
            "BoundingBox3D Extent Y": 0.5673764564289475,
            "BoundingBox3D Extent Z": 0.8397778011530023,
            "BoundingBox3D Orientation Quat W": -0.170874129180711,
            "BoundingBox3D Orientation Quat X": 0.0035735085273921,
            "BoundingBox3D Orientation Quat Y": 0.0147368891035102,
            "BoundingBox3D Orientation Quat Z": 0.9851761700899432,
            "ObjectType": "TRAFFIC_SIGN",
            "Occluded": {
                "F_MIDRANGECAM_C": 0.999872088432312
            },
            "Truncated": 0,
            "ObjectMeta": {
                "SourceID": 610,
                "SubType": "us_yellow_ground_diamond_unknown",
                "Text": "",
                "OcrVersion": 10006
            }
        },
        {
            "ActorName": "TRAFFIC_SIGN 611",
            "ObjectId": 611,
            "BoundingBox3D Origin X": 122.14652053802274,
            "BoundingBox3D Origin Y": -2.3618396997917444,
            "BoundingBox3D Origin Z": 1.993659666739404,
            "BoundingBox3D Extent X": 0.1,
            "BoundingBox3D Extent Y": 0.6647898721773063,
            "BoundingBox3D Extent Z": 0.4925958622564428,
            "BoundingBox3D Orientation Quat W": 0.0764522127307224,
            "BoundingBox3D Orientation Quat X": -0.0001551291945986,