{
    "CapturedObjects": [
        {
            "ActorName": "TRAFFIC_SIGN 610",
            "ObjectId": 610,
            "BoundingBox3D Origin X": 0.4013069237166746,
            "BoundingBox3D Origin Y": 10.627038042293862,
            "BoundingBox3D Origin Z": 2.4273253167048097,
            "BoundingBox3D Extent X": 0.1,
            "BoundingBox3D Extent Y": 0.5673764564289475,
            "BoundingBox3D Extent Z": 0.8397778011530023,
            "BoundingBox3D Orientation Quat W": -0.166091726630303,
            "BoundingBox3D Orientation Quat X": 0.0022303030872023,
            "BoundingBox3D Orientation Quat Y": 0.0115953634727092,
            "BoundingBox3D Orientation Quat Z": 0.9860396095690274,
            "ObjectType": "TRAFFIC_SIGN",
            "Occluded": {
                "F_CTCAM_L": 0.0
            },
            "Truncated": 0,
            "ObjectMeta": {
                "SourceID": 610,
                "SubType": "us_yellow_ground_diamond_unknown",
                "Text": "",
                "OcrVersion": 10006
            }
        },
        {
            "ActorName": "TRAFFIC_SIGN 611",
            "ObjectId": 611,
            "BoundingBox3D Origin X": 9.953397489904546,
            "BoundingBox3D Origin Y": -4.491993561096024,
            "BoundingBox3D Origin Z": 2.4183243913576007,
            "BoundingBox3D Extent X": 0.1,
            "BoundingBox3D Extent Y": 0.6647898721773063,
            "BoundingBox3D Extent Z": 0.4925958622564428,
            "BoundingBox3D Orientation Quat W": 0.0813000434846097,
            "BoundingBox3D Orientation Quat X": -0.0006859401226814,
            "BoundingBox3D Orientation Quat Y": 0.0117870564297227,
            "BoundingBox3D Orientation Quat Z": 0.996619735764986,
            "ObjectType": "TRAFFIC_SIGN",
            "Occluded": {
                "F_MIDRANGECAM_C": 6.474573638115544e-06
            },
            "Truncated": 0,
            "ObjectMeta": {
                "SourceID": 611,
                "SubType": "unknown",
                "Text": "P",
                "OcrVersion": 10006
            }
        },
        {
            "ActorName": "TRAFFIC_SIGN 612",
            "ObjectId": 612,
            "BoundingBox3D Origin X": 46.48872445289044,
            "BoundingBox3D Origin Y": -3.855459379323293,
            "BoundingBox3D Origin Z": 5.158603532239795,
            "BoundingBox3D Extent X": 0.1,
            "BoundingBox3D Extent Y": 2.015689627696113,
            "BoundingBox3D Extent Z": 0.6071013615992222,
            "BoundingBox3D Orientation Quat W": 0.0426550746434862,
            "BoundingBox3D Orientation Quat X": -0.0002272767234244,
            "BoundingBox3D Orientation Quat Y": 0.0118049845060375,
            "BoundingBox3D Orientation Quat Z": 0.9990200875324092,
            "ObjectType": "TRAFFIC_SIGN",
            "Occluded": {
                "F_MIDRANGECAM_C": 0.0008719993638806
            },
            "Truncated": 0,
            "ObjectMeta": {
                "SourceID": 612,
                "SubType": "unknown",
                "Text": "",
                "OcrVersion": 10006
            }
        },
        {
            "ActorName": "TRAFFIC_SIGN 613",
            "ObjectId": 613,
            "BoundingBox3D Origin X": 52.051317269424544,
            "BoundingBox3D Origin Y": -4.191276389232371,
            "BoundingBox3D Origin Z": 2.6457876274362206,
            "BoundingBox3D Extent X": 0.1,
            "BoundingBox3D Extent Y": 0.821519601845871,
            "BoundingBox3D Extent Z": 1.04655705856691,
            "BoundingBox3D Orientation Quat W": 0.0435753134392792,
            "BoundingBox3D Orientation Quat X": -0.0002353327051695,
            "BoundingBox3D Orientation Quat Y": 0.0118046656700051,
            "BoundingBox3D Orientation Quat Z": 0.9989803734536562,
            "ObjectType": "TRAFFIC_SIGN",
            "Occluded": {
                "F_MIDRANGECAM_C": 4.871817438356629e-08
            },
            "Truncated": 0,
            "ObjectMeta": {
                "SourceID": 613,
                "SubType": "unknown",
                "Text": "AHEAD",
                "OcrVersion": 10006
            }
        },
        {
            "ActorName": "TRAFFIC_SIGN 614",
            "ObjectId": 614,
            "BoundingBox3D Origin X": 33.146756235601515,
            "BoundingBox3D Origin Y": 15.512239301431691,
            "BoundingBox3D Origin Z": 1.963398915715516,
            "BoundingBox3D Extent X": 0.1,
            "BoundingBox3D Extent Y": 0.7431382892211243,
            "BoundingBox3D Extent Z": 0.8068183363710659,
            "BoundingBox3D Orientation Quat W": -0.3960244803861293,
            "BoundingBox3D Orientation Quat X": 0.0049338766680999,
            "BoundingBox3D Orientation Quat Y": 0.0107323909632084,
            "BoundingBox3D Orientation Quat Z": 0.9181639742334334,
            "ObjectType": "TRAFFIC_SIGN",
            "Occluded": {
                "F_MIDRANGECAM_C": 0.5661019682884216
            },
            "Truncated": 0,
            "ObjectMeta": {
                "SourceID": 614,
                "SubType": "unknown",
                "Text": "",
                "OcrVersion": 10006
            }
        },
        {
            "ActorName": "TRAFFIC_SIGN 615",
            "ObjectId": 615,
            "BoundingBox3D Origin X": 41.15884179010209,
            "BoundingBox3D Origin Y": -11.211132323922357,
            "BoundingBox3D Origin Z": 2.680257251486182,
            "BoundingBox3D Extent X": 0.1,
            "BoundingBox3D Extent Y": 0.7208321150109754,
            "BoundingBox3D Extent Z": 0.6150844709069305,
            "BoundingBox3D Orientation Quat W": 0.1672974454921753,
            "BoundingBox3D Orientation Quat X": -0.0017045201670053,
            "BoundingBox3D Orientation Quat Y": 0.0116837773703485,
            "BoundingBox3D Orientation Quat Z": 0.9858357615186992,
            "ObjectType": "TRAFFIC_SIGN",
            "Occluded": {
                "F_MIDRANGECAM_C": 0.9991610050201416
            },
            "Truncated": 0,
            "ObjectMeta": {
                "SourceID": 615,
                "SubType": "us_yellow_ground_diamond_unknown",
                "Text": "",
                "OcrVersion": 10006
            }
        },
        {
            "ActorName": "TRAFFIC_SIGN 616",
            "ObjectId": 616,
            "BoundingBox3D Origin X": 66.55111549799904,
            "BoundingBox3D Origin Y": -4.167646347952541,
            "BoundingBox3D Origin Z": 3.1068912241607904,
            "BoundingBox3D Extent X": 0.1,
            "BoundingBox3D Extent Y": 0.5572884027437033,
            "BoundingBox3D Extent Z": 0.5924573148805717,
            "BoundingBox3D Orientation Quat W": 0.0558976754950499,
            "BoundingBox3D Orientation Quat X": -0.0003819687926359,
            "BoundingBox3D Orientation Quat Y": 0.0118010160240157,
            "BoundingBox3D Orientation Quat Z": 0.9983666861403644,
            "ObjectType": "TRAFFIC_SIGN",
            "Occluded": {
                "F_MIDRANGECAM_C": 0.9173969626426696
            },
            "Truncated": 0,
            "ObjectMeta": {
                "SourceID": 616,
                "SubType": "unknown",
                "Text": "",
                "OcrVersion": 10006
            }
        },
        {
            "ActorName": "TRAFFIC_SIGN 617",
            "ObjectId": 617,
            "BoundingBox3D Origin X": 45.9501623164947,
            "BoundingBox3D Origin Y": -4.520442020089831,
            "BoundingBox3D Origin Z": 3.050581593066454,
            "BoundingBox3D Extent X": 0.0999999999999999,
            "BoundingBox3D Extent Y": 0.7647942581555,
            "BoundingBox3D Extent Z": 0.185378029919662,
            "BoundingBox3D Orientation Quat W": 0.1802815916671697,
            "BoundingBox3D Orientation Quat X": -0.0018562974790345,
            "BoundingBox3D Orientation Quat Y": 0.0116606117667589,