{
    "CapturedObjects": [
        {
            "ActorName": "TRAFFIC_SIGN 612",
            "ObjectId": 612,
            "BoundingBox3D Origin X": 15.897964977484662,
            "BoundingBox3D Origin Y": -3.935468298977866,
            "BoundingBox3D Origin Z": 4.935534542426467,
            "BoundingBox3D Extent X": 0.1,
            "BoundingBox3D Extent Y": 2.015689627696113,
            "BoundingBox3D Extent Z": 0.6071013615992222,
            "BoundingBox3D Orientation Quat W": -0.0417712875995897,
            "BoundingBox3D Orientation Quat X": -0.0031081542249804,
            "BoundingBox3D Orientation Quat Y": 0.0004160839223037,
            "BoundingBox3D Orientation Quat Z": -0.999122277693654,
            "ObjectType": "TRAFFIC_SIGN",
            "Occluded": {
                "F_MIDRANGECAM_C": 0.0001548142899991
            },
            "Truncated": 0,
            "ObjectMeta": {
                "SourceID": 612,
                "SubType": "unknown",
                "Text": "",
                "OcrVersion": 10006
            }
        },
        {
            "ActorName": "TRAFFIC_SIGN 613",
            "ObjectId": 613,
            "BoundingBox3D Origin X": 21.446759606420528,
            "BoundingBox3D Origin Y": -4.19926848123032,
            "BoundingBox3D Origin Z": 2.3839397681877017,
            "BoundingBox3D Extent X": 0.1,
            "BoundingBox3D Extent Y": 0.821519601845871,
            "BoundingBox3D Extent Z": 1.04655705856691,
            "BoundingBox3D Orientation Quat W": -0.0426915914575694,
            "BoundingBox3D Orientation Quat X": -0.0031113533952056,
            "BoundingBox3D Orientation Quat Y": 0.0004133282797438,
            "BoundingBox3D Orientation Quat Z": -0.9990833682223936,
            "ObjectType": "TRAFFIC_SIGN",
            "Occluded": {
                "F_MIDRANGECAM_C": 1.707485580482171e-06
            },
            "Truncated": 0,
            "ObjectMeta": {
                "SourceID": 613,
                "SubType": "unknown",
                "Text": "AHEAD",
                "OcrVersion": 10006
            }
        },
        {
            "ActorName": "TRAFFIC_SIGN 614",
            "ObjectId": 614,
            "BoundingBox3D Origin X": 2.5065422360494267,
            "BoundingBox3D Origin Y": 15.481570818142243,
            "BoundingBox3D Origin Z": 2.2949634259566665,
            "BoundingBox3D Extent X": 0.1,
            "BoundingBox3D Extent Y": 0.7431382892211243,
            "BoundingBox3D Extent Z": 0.8068183363710659,
            "BoundingBox3D Orientation Quat W": 0.3968675771381519,
            "BoundingBox3D Orientation Quat X": -0.0026222407371053,
            "BoundingBox3D Orientation Quat Y": 0.001720813014392,
            "BoundingBox3D Orientation Quat Z": -0.917870518576874,
            "ObjectType": "TRAFFIC_SIGN",
            "Occluded": {
                "F_CTCAM_L": 0.0
            },
            "Truncated": 0,
            "ObjectMeta": {
                "SourceID": 614,
                "SubType": "unknown",
                "Text": "",
                "OcrVersion": 10006
            }
        },
        {
            "ActorName": "TRAFFIC_SIGN 615",
            "ObjectId": 615,
            "BoundingBox3D Origin X": 10.566225941220182,
            "BoundingBox3D Origin Y": -11.237118548127,
            "BoundingBox3D Origin Z": 2.3062565894797444,
            "BoundingBox3D Extent X": 0.1,
            "BoundingBox3D Extent Y": 0.7208321150109754,
            "BoundingBox3D Extent Z": 0.6150844709069305,
            "BoundingBox3D Orientation Quat W": -0.1664339054133631,
            "BoundingBox3D Orientation Quat X": -0.0031333568331775,
            "BoundingBox3D Orientation Quat Y": 2.4751848886395145e-05,
            "BoundingBox3D Orientation Quat Z": -0.9860476340376044,
            "ObjectType": "TRAFFIC_SIGN",
            "Occluded": {
                "F_MIDRANGECAM_C": 0.5722857117652893
            },
            "Truncated": 0,
            "ObjectMeta": {
                "SourceID": 615,
                "SubType": "us_yellow_ground_diamond_unknown",
                "Text": "",
                "OcrVersion": 10006
            }
        },
        {
            "ActorName": "TRAFFIC_SIGN 616",
            "ObjectId": 616,
            "BoundingBox3D Origin X": 35.948783293017186,
            "BoundingBox3D Origin Y": -4.161348379315314,
            "BoundingBox3D Origin Z": 2.7638816023245454,
            "BoundingBox3D Extent X": 0.1,
            "BoundingBox3D Extent Y": 0.5572884027437033,
            "BoundingBox3D Extent Z": 0.5924573148805717,
            "BoundingBox3D Orientation Quat W": -0.0550153696656263,
            "BoundingBox3D Orientation Quat X": -0.0031151987756402,
            "BoundingBox3D Orientation Quat Y": 0.0003748306680451,
            "BoundingBox3D Orientation Quat Z": -0.998480577747566,
            "ObjectType": "TRAFFIC_SIGN",
            "Occluded": {
                "F_MIDRANGECAM_C": 0.00043257579091
            },
            "Truncated": 0,
            "ObjectMeta": {
                "SourceID": 616,
                "SubType": "unknown",
                "Text": "",
                "OcrVersion": 10006
            }
        },
        {
            "ActorName": "TRAFFIC_SIGN 617",
            "ObjectId": 617,
            "BoundingBox3D Origin X": 15.348578289129364,
            "BoundingBox3D Origin Y": -4.549138327476612,
            "BoundingBox3D Origin Z": 2.814802134409547,
            "BoundingBox3D Extent X": 0.0999999999999999,
            "BoundingBox3D Extent Y": 0.7647942581555,
            "BoundingBox3D Extent Z": 0.185378029919662,
            "BoundingBox3D Orientation Quat W": 0.1794209200379817,
            "BoundingBox3D Orientation Quat X": 0.0031354992029458,
            "BoundingBox3D Orientation Quat Y": 1.682273874381579e-05,
            "BoundingBox3D Orientation Quat Z": 0.983767402293076,
            "ObjectType": "TRAFFIC_SIGN",
            "Occluded": {
                "F_MIDRANGECAM_C": 0.0004352845717221
            },
            "Truncated": 0,
            "ObjectMeta": {
                "SourceID": 617,
                "SubType": "us_white_ground_rectangle_unknown",
                "Text": "",
                "OcrVersion": 10006
            }
        },
        {
            "ActorName": "TRAFFIC_SIGN 618",
            "ObjectId": 618,
            "BoundingBox3D Origin X": 37.70577716990374,
            "BoundingBox3D Origin Y": -3.628031526817722,
            "BoundingBox3D Origin Z": 2.166520930826664,
            "BoundingBox3D Extent X": 0.0999999999999999,
            "BoundingBox3D Extent Y": 0.3186681614729488,
            "BoundingBox3D Extent Z": 0.468749094353403,
            "BoundingBox3D Orientation Quat W": 0.2906366775608128,
            "BoundingBox3D Orientation Quat X": 0.0031145298043486,
            "BoundingBox3D Orientation Quat Y": 0.000375164950636,
            "BoundingBox3D Orientation Quat Z": 0.9568283443814624,
            "ObjectType": "TRAFFIC_SIGN",
            "Occluded": {
                "F_MIDRANGECAM_C": 0.9219935536384584
            },
            "Truncated": 0,
            "ObjectMeta": {
                "SourceID": 618,
                "SubType": "us_white_ground_rectangle_unknown",
                "Text": "",
                "OcrVersion": 10006
            }
        },
        {
            "ActorName": "TRAFFIC_SIGN 619",
            "ObjectId": 619,
            "BoundingBox3D Origin X": 67.04745783992257,
            "BoundingBox3D Origin Y": -3.466791494035533,
            "BoundingBox3D Origin Z": 2.5542718712240458,
            "BoundingBox3D Extent X": 0.1,
            "BoundingBox3D Extent Y": 0.6539907426792017,
            "BoundingBox3D Extent Z": 1.2534023493860695,
            "BoundingBox3D Orientation Quat W": -0.0642628290800721,
            "BoundingBox3D Orientation Quat X": -0.0031203604227773,