{
    "CapturedObjects": [
        {
            "ActorName": "TRAFFIC_SIGN 604",
            "ObjectId": 604,
            "BoundingBox3D Origin X": 35.95027200968252,
            "BoundingBox3D Origin Y": 13.931728675670456,
            "BoundingBox3D Origin Z": 1.4703817665576937,
            "BoundingBox3D Extent X": 0.1,
            "BoundingBox3D Extent Y": 0.6542573677519435,
            "BoundingBox3D Extent Z": 0.6696639461456285,
            "BoundingBox3D Orientation Quat W": -0.4120826912401643,
            "BoundingBox3D Orientation Quat X": 0.0077684725269409,
            "BoundingBox3D Orientation Quat Y": 0.0132803073044707,
            "BoundingBox3D Orientation Quat Z": 0.9110165420302536,
            "ObjectType": "TRAFFIC_SIGN",
            "Occluded": {
                "F_MIDRANGECAM_C": 0.0111981192603707
            },
            "Truncated": 0,
            "ObjectMeta": {
                "SourceID": 604,
                "SubType": "us_stop",
                "Text": "",
                "OcrVersion": 10006
            }
        },
        {
            "ActorName": "TRAFFIC_SIGN 605",
            "ObjectId": 605,
            "BoundingBox3D Origin X": 52.78098812082317,
            "BoundingBox3D Origin Y": -3.5741686965047847,
            "BoundingBox3D Origin Z": 5.272580087184906,
            "BoundingBox3D Extent X": 0.1,
            "BoundingBox3D Extent Y": 1.675241656574072,
            "BoundingBox3D Extent Z": 0.7136703424772214,
            "BoundingBox3D Orientation Quat W": 0.0434260747006677,
            "BoundingBox3D Orientation Quat X": 0.000935538287322,
            "BoundingBox3D Orientation Quat Y": 0.0153507806184223,
            "BoundingBox3D Orientation Quat Z": 0.998938263527136,
            "ObjectType": "TRAFFIC_SIGN",
            "Occluded": {
                "F_MIDRANGECAM_C": 0.0015580233884975
            },
            "Truncated": 0,
            "ObjectMeta": {
                "SourceID": 605,
                "SubType": "unknown",
                "Text": "Bryson",
                "OcrVersion": 10006
            }
        },
        {
            "ActorName": "TRAFFIC_SIGN 606",
            "ObjectId": 606,
            "BoundingBox3D Origin X": 52.66642135713846,
            "BoundingBox3D Origin Y": 2.480608561920235,
            "BoundingBox3D Origin Z": 6.788639151491225,
            "BoundingBox3D Extent X": 0.1,
            "BoundingBox3D Extent Y": 0.6808865710446399,
            "BoundingBox3D Extent Z": 0.8102549796546726,
            "BoundingBox3D Orientation Quat W": -0.0252912933987572,
            "BoundingBox3D Orientation Quat X": 0.001989381520932,
            "BoundingBox3D Orientation Quat Y": 0.0152506846685198,
            "BoundingBox3D Orientation Quat Z": 0.999561808722464,
            "ObjectType": "TRAFFIC_SIGN",
            "Occluded": {
                "F_MIDRANGECAM_C": 0.0004575493803713
            },
            "Truncated": 0,
            "ObjectMeta": {
                "SourceID": 606,
                "SubType": "us_white_ground_rectangle_unknown",
                "Text": "",
                "OcrVersion": 10006
            }
        },
        {
            "ActorName": "TRAFFIC_SIGN 607",
            "ObjectId": 607,
            "BoundingBox3D Origin X": 33.1266455215773,
            "BoundingBox3D Origin Y": -10.524517849320546,
            "BoundingBox3D Origin Z": 2.661021953448653,
            "BoundingBox3D Extent X": 0.1,
            "BoundingBox3D Extent Y": 0.6534787456868417,
            "BoundingBox3D Extent Z": 0.6851783530544237,
            "BoundingBox3D Orientation Quat W": 0.36772224541852,
            "BoundingBox3D Orientation Quat X": -0.004136406935521,
            "BoundingBox3D Orientation Quat Y": 0.0148116678206728,
            "BoundingBox3D Orientation Quat Z": 0.92980850440206,
            "ObjectType": "TRAFFIC_SIGN",
            "Occluded": {
                "F_MIDRANGECAM_C": 0.972016453742981
            },
            "Truncated": 0,
            "ObjectMeta": {
                "SourceID": 607,
                "SubType": "us_yellow_ground_diamond_unknown",
                "Text": "OUTLET",
                "OcrVersion": 10006
            }
        },
        {
            "ActorName": "TRAFFIC_SIGN 608",
            "ObjectId": 608,
            "BoundingBox3D Origin X": 67.35815492970505,
            "BoundingBox3D Origin Y": -3.458122155367164,
            "BoundingBox3D Origin Z": 2.3797105979174376,
            "BoundingBox3D Extent X": 0.1,
            "BoundingBox3D Extent Y": 0.3973643084709372,
            "BoundingBox3D Extent Z": 0.4863847471929617,
            "BoundingBox3D Orientation Quat W": 0.0842618202358503,
            "BoundingBox3D Orientation Quat X": 0.0003113971757413,
            "BoundingBox3D Orientation Quat Y": 0.0153760689718831,
            "BoundingBox3D Orientation Quat Z": 0.9963249596318025,
            "ObjectType": "TRAFFIC_SIGN",
            "Occluded": {
                "F_MIDRANGECAM_C": 0.041433397680521
            },
            "Truncated": 0,
            "ObjectMeta": {
                "SourceID": 608,
                "SubType": "us_yellow_ground_diamond_unknown",
                "Text": "11",
                "OcrVersion": 10006
            }
        },
        {
            "ActorName": "TRAFFIC_SIGN 609",
            "ObjectId": 609,
            "BoundingBox3D Origin X": 102.09710934913528,
            "BoundingBox3D Origin Y": -8.134850182337686,
            "BoundingBox3D Origin Z": 2.1297682793810964,
            "BoundingBox3D Extent X": 0.1,
            "BoundingBox3D Extent Y": 0.4327197226534073,
            "BoundingBox3D Extent Z": 0.5787043291211466,
            "BoundingBox3D Orientation Quat W": 0.2065548976725237,
            "BoundingBox3D Orientation Quat X": -0.0015864452280574,
            "BoundingBox3D Orientation Quat Y": 0.0152966662079475,
            "BoundingBox3D Orientation Quat Z": 0.9783141466021812,
            "ObjectType": "TRAFFIC_SIGN",
            "Occluded": {
                "F_MIDRANGECAM_C": 0.9987132549285888
            },
            "Truncated": 0,
            "ObjectMeta": {
                "SourceID": 609,
                "SubType": "unknown",
                "Text": "",
                "OcrVersion": 10006
            }
        },
        {
            "ActorName": "TRAFFIC_SIGN 610",
            "ObjectId": 610,
            "BoundingBox3D Origin X": 113.90203611768447,
            "BoundingBox3D Origin Y": 12.895022772601806,
            "BoundingBox3D Origin Z": 1.76865294855088,
            "BoundingBox3D Extent X": 0.1,
            "BoundingBox3D Extent Y": 0.5673764564289475,
            "BoundingBox3D Extent Z": 0.8397778011530023,
            "BoundingBox3D Orientation Quat W": -0.1718553518971098,
            "BoundingBox3D Orientation Quat X": 0.0042137408871709,
            "BoundingBox3D Orientation Quat Y": 0.0147933781747179,
            "BoundingBox3D Orientation Quat Z": 0.9850021006953418,
            "ObjectType": "TRAFFIC_SIGN",
            "Occluded": {
                "F_MIDRANGECAM_C": 0.9996429681777954
            },
            "Truncated": 0,
            "ObjectMeta": {
                "SourceID": 610,
                "SubType": "us_yellow_ground_diamond_unknown",
                "Text": "",
                "OcrVersion": 10006
            }
        },
        {
            "ActorName": "TRAFFIC_SIGN 611",
            "ObjectId": 611,
            "BoundingBox3D Origin X": 123.63008152212568,
            "BoundingBox3D Origin Y": -2.111208936141338,
            "BoundingBox3D Origin Z": 1.8355930894613264,
            "BoundingBox3D Extent X": 0.1,
            "BoundingBox3D Extent Y": 0.6647898721773063,
            "BoundingBox3D Extent Z": 0.4925958622564428,
            "BoundingBox3D Orientation Quat W": 0.0754580628119107,
            "BoundingBox3D Orientation Quat X": 0.0004516955491654,