{
    "CapturedObjects": [
        {
            "ActorName": "TRAFFIC_SIGN 609",
            "ObjectId": 609,
            "BoundingBox3D Origin X": 2.811435854593583,
            "BoundingBox3D Origin Y": -10.142670314380666,
            "BoundingBox3D Origin Z": 2.56178130954504,
            "BoundingBox3D Extent X": 0.1,
            "BoundingBox3D Extent Y": 0.4327197226534073,
            "BoundingBox3D Extent Z": 0.5787043291211466,
            "BoundingBox3D Orientation Quat W": 0.2125644900787477,
            "BoundingBox3D Orientation Quat X": -0.0011692241592892,
            "BoundingBox3D Orientation Quat Y": 0.0115201778709485,
            "BoundingBox3D Orientation Quat Z": 0.9770784287733758,
            "ObjectType": "TRAFFIC_SIGN",
            "Occluded": {
                "F_CTCAM_L": 0.0
            },
            "Truncated": 0,
            "ObjectMeta": {
                "SourceID": 609,
                "SubType": "unknown",
                "Text": "",
                "OcrVersion": 10006
            }
        },
        {
            "ActorName": "TRAFFIC_SIGN 610",
            "ObjectId": 610,
            "BoundingBox3D Origin X": 14.873695678641525,
            "BoundingBox3D Origin Y": 10.742764503287615,
            "BoundingBox3D Origin Z": 2.3698258213698864,
            "BoundingBox3D Extent X": 0.1,
            "BoundingBox3D Extent Y": 0.5673764564289475,
            "BoundingBox3D Extent Z": 0.8397778011530023,
            "BoundingBox3D Orientation Quat W": -0.1658153870918015,
            "BoundingBox3D Orientation Quat X": 0.0031978882602504,
            "BoundingBox3D Orientation Quat Y": 0.0111318105493763,
            "BoundingBox3D Orientation Quat Z": 0.9860887960565032,
            "ObjectType": "TRAFFIC_SIGN",
            "Occluded": {
                "F_MIDRANGECAM_C": 0.0423323884606361
            },
            "Truncated": 0,
            "ObjectMeta": {
                "SourceID": 610,
                "SubType": "us_yellow_ground_diamond_unknown",
                "Text": "",
                "OcrVersion": 10006
            }
        },
        {
            "ActorName": "TRAFFIC_SIGN 611",
            "ObjectId": 611,
            "BoundingBox3D Origin X": 24.41694847459076,
            "BoundingBox3D Origin Y": -4.381787335558329,
            "BoundingBox3D Origin Z": 2.3321488546207547,
            "BoundingBox3D Extent X": 0.1,
            "BoundingBox3D Extent Y": 0.6647898721773063,
            "BoundingBox3D Extent Z": 0.4925958622564428,
            "BoundingBox3D Orientation Quat W": 0.0815791952033408,
            "BoundingBox3D Orientation Quat X": 0.0003662953699097,
            "BoundingBox3D Orientation Quat Y": 0.0115744428853787,
            "BoundingBox3D Orientation Quat Z": 0.9965995850940188,
            "ObjectType": "TRAFFIC_SIGN",
            "Occluded": {
                "F_MIDRANGECAM_C": 1.954324761754833e-05
            },
            "Truncated": 0,
            "ObjectMeta": {
                "SourceID": 611,
                "SubType": "unknown",
                "Text": "P",
                "OcrVersion": 10006
            }
        },
        {
            "ActorName": "TRAFFIC_SIGN 612",
            "ObjectId": 612,
            "BoundingBox3D Origin X": 60.95820412943431,
            "BoundingBox3D Origin Y": -3.768237132520881,
            "BoundingBox3D Origin Z": 4.997495595365763,
            "BoundingBox3D Extent X": 0.1,
            "BoundingBox3D Extent Y": 2.015689627696113,
            "BoundingBox3D Extent Z": 0.6071013615992222,
            "BoundingBox3D Orientation Quat W": 0.0429349769529256,
            "BoundingBox3D Orientation Quat X": 0.0008159527447067,
            "BoundingBox3D Orientation Quat Y": 0.0115519726760918,
            "BoundingBox3D Orientation Quat Z": 0.999010747641116,
            "ObjectType": "TRAFFIC_SIGN",
            "Occluded": {
                "F_MIDRANGECAM_C": 0.0341547466814518
            },
            "Truncated": 0,
            "ObjectMeta": {
                "SourceID": 612,
                "SubType": "unknown",
                "Text": "",
                "OcrVersion": 10006
            }
        },
        {
            "ActorName": "TRAFFIC_SIGN 613",
            "ObjectId": 613,
            "BoundingBox3D Origin X": 66.51543682798729,
            "BoundingBox3D Origin Y": -4.105809703702107,
            "BoundingBox3D Origin Z": 2.473025814630091,
            "BoundingBox3D Extent X": 0.1,
            "BoundingBox3D Extent Y": 0.821519601845871,
            "BoundingBox3D Extent Z": 1.04655705856691,
            "BoundingBox3D Orientation Quat W": 0.0438552021628164,
            "BoundingBox3D Orientation Quat X": 0.0008081293393423,
            "BoundingBox3D Orientation Quat Y": 0.0115526098010512,
            "BoundingBox3D Orientation Quat Z": 0.9989707730344338,
            "ObjectType": "TRAFFIC_SIGN",
            "Occluded": {
                "F_MIDRANGECAM_C": 1.3216111938163524e-07
            },
            "Truncated": 0,
            "ObjectMeta": {
                "SourceID": 613,
                "SubType": "unknown",
                "Text": "AHEAD",
                "OcrVersion": 10006
            }
        },
        {
            "ActorName": "TRAFFIC_SIGN 614",
            "ObjectId": 614,
            "BoundingBox3D Origin X": 47.62098066880935,
            "BoundingBox3D Origin Y": 15.609085896139732,
            "BoundingBox3D Origin Z": 1.841317244805396,
            "BoundingBox3D Extent X": 0.1,
            "BoundingBox3D Extent Y": 0.7431382892211243,
            "BoundingBox3D Extent Z": 0.8068183363710659,
            "BoundingBox3D Orientation Quat W": -0.3957680770429986,
            "BoundingBox3D Orientation Quat X": 0.0057624997535179,
            "BoundingBox3D Orientation Quat Y": 0.0100525505513178,
            "BoundingBox3D Orientation Quat Z": 0.918277392195676,
            "ObjectType": "TRAFFIC_SIGN",
            "Occluded": {
                "F_MIDRANGECAM_C": 0.9104213714599608
            },
            "Truncated": 0,
            "ObjectMeta": {
                "SourceID": 614,
                "SubType": "unknown",
                "Text": "",
                "OcrVersion": 10006
            }
        },
        {
            "ActorName": "TRAFFIC_SIGN 615",
            "ObjectId": 615,
            "BoundingBox3D Origin X": 55.61896383660496,
            "BoundingBox3D Origin Y": -11.119293853029376,
            "BoundingBox3D Origin Z": 2.5257710572332144,
            "BoundingBox3D Extent X": 0.1,
            "BoundingBox3D Extent Y": 0.7208321150109754,
            "BoundingBox3D Extent Z": 0.6150844709069305,
            "BoundingBox3D Orientation Quat W": 0.1675733731767048,
            "BoundingBox3D Orientation Quat X": -0.0006379067706159,
            "BoundingBox3D Orientation Quat Y": 0.0115626883181582,
            "BoundingBox3D Orientation Quat Z": 0.9857915915222598,
            "ObjectType": "TRAFFIC_SIGN",
            "Occluded": {
                "F_MIDRANGECAM_C": 0.9986572265625
            },
            "Truncated": 0,
            "ObjectMeta": {
                "SourceID": 615,
                "SubType": "us_yellow_ground_diamond_unknown",
                "Text": "",
                "OcrVersion": 10006
            }
        },
        {
            "ActorName": "TRAFFIC_SIGN 616",
            "ObjectId": 616,
            "BoundingBox3D Origin X": 81.01616955568898,
            "BoundingBox3D Origin Y": -4.090927994198864,
            "BoundingBox3D Origin Z": 2.9042573692277074,
            "BoundingBox3D Extent X": 0.1,
            "BoundingBox3D Extent Y": 0.5572884027437033,
            "BoundingBox3D Extent Z": 0.5924573148805717,
            "BoundingBox3D Orientation Quat W": 0.0561773684718144,
            "BoundingBox3D Orientation Quat X": 0.0006645228798932,
            "BoundingBox3D Orientation Quat Y": 0.0115617965289095,