{
    "CapturedObjects": [
        {
            "ActorName": "TRAFFIC_SIGN 605",
            "ObjectId": 605,
            "BoundingBox3D Origin X": 8.332491996799945,
            "BoundingBox3D Origin Y": -4.4983324198110495,
            "BoundingBox3D Origin Z": 5.523261578753591,
            "BoundingBox3D Extent X": 0.1,
            "BoundingBox3D Extent Y": 1.675241656574072,
            "BoundingBox3D Extent Z": 0.7136703424772214,
            "BoundingBox3D Orientation Quat W": 0.0625933690032507,
            "BoundingBox3D Orientation Quat X": -0.0041972381147841,
            "BoundingBox3D Orientation Quat Y": 0.0121435377359093,
            "BoundingBox3D Orientation Quat Z": 0.9979564057814788,
            "ObjectType": "TRAFFIC_SIGN",
            "Occluded": {
                "F_MIDRANGECAM_C": 8.636859092803206e-06
            },
            "Truncated": 0,
            "ObjectMeta": {
                "SourceID": 605,
                "SubType": "unknown",
                "Text": "Bryson",
                "OcrVersion": 10006
            }
        },
        {
            "ActorName": "TRAFFIC_SIGN 606",
            "ObjectId": 606,
            "BoundingBox3D Origin X": 8.432133756614348,
            "BoundingBox3D Origin Y": 1.5476881233043969,
            "BoundingBox3D Origin Z": 7.074901608750224,
            "BoundingBox3D Extent X": 0.1,
            "BoundingBox3D Extent Y": 0.6808865710446399,
            "BoundingBox3D Extent Z": 0.8102549796546726,
            "BoundingBox3D Orientation Quat W": -0.006101802532803,
            "BoundingBox3D Orientation Quat X": -0.0033514600489717,
            "BoundingBox3D Orientation Quat Y": 0.0124033787331294,
            "BoundingBox3D Orientation Quat Z": 0.999898840842109,
            "ObjectType": "TRAFFIC_SIGN",
            "Occluded": {
                "F_CTCAM_L": 0.0
            },
            "Truncated": 0,
            "ObjectMeta": {
                "SourceID": 606,
                "SubType": "us_white_ground_rectangle_unknown",
                "Text": "",
                "OcrVersion": 10006
            }
        },
        {
            "ActorName": "TRAFFIC_SIGN 608",
            "ObjectId": 608,
            "BoundingBox3D Origin X": 22.93502122611972,
            "BoundingBox3D Origin Y": -4.923549673258094,
            "BoundingBox3D Origin Z": 2.791774275712669,
            "BoundingBox3D Extent X": 0.1,
            "BoundingBox3D Extent Y": 0.3973643084709372,
            "BoundingBox3D Extent Z": 0.4863847471929617,
            "BoundingBox3D Orientation Quat W": 0.1033727495594768,
            "BoundingBox3D Orientation Quat X": -0.0046859073597487,
            "BoundingBox3D Orientation Quat Y": 0.011961516335208,
            "BoundingBox3D Orientation Quat Z": 0.9945597212071742,
            "ObjectType": "TRAFFIC_SIGN",
            "Occluded": {
                "F_MIDRANGECAM_C": 1.087480882233649e-06
            },
            "Truncated": 0,
            "ObjectMeta": {
                "SourceID": 608,
                "SubType": "us_yellow_ground_diamond_unknown",
                "Text": "11",
                "OcrVersion": 10006
            }
        },
        {
            "ActorName": "TRAFFIC_SIGN 609",
            "ObjectId": 609,
            "BoundingBox3D Origin X": 57.47073054869543,
            "BoundingBox3D Origin Y": -10.924220566055736,
            "BoundingBox3D Origin Z": 2.895678011700511,
            "BoundingBox3D Extent X": 0.1,
            "BoundingBox3D Extent Y": 0.4327197226534073,
            "BoundingBox3D Extent Z": 0.5787043291211466,
            "BoundingBox3D Orientation Quat W": 0.2253011444647629,
            "BoundingBox3D Orientation Quat X": -0.0061243189826727,
            "BoundingBox3D Orientation Quat Y": 0.0112918957236567,
            "BoundingBox3D Orientation Quat Z": 0.974204485778439,
            "ObjectType": "TRAFFIC_SIGN",
            "Occluded": {
                "F_MIDRANGECAM_C": 0.995686948299408
            },
            "Truncated": 0,
            "ObjectMeta": {
                "SourceID": 609,
                "SubType": "unknown",
                "Text": "",
                "OcrVersion": 10006
            }
        },
        {
            "ActorName": "TRAFFIC_SIGN 610",
            "ObjectId": 610,
            "BoundingBox3D Origin X": 70.0731696627845,
            "BoundingBox3D Origin Y": 9.640420202253154,
            "BoundingBox3D Origin Z": 2.792894463054836,
            "BoundingBox3D Extent X": 0.1,
            "BoundingBox3D Extent Y": 0.5673764564289475,
            "BoundingBox3D Extent Z": 0.8397778011530023,
            "BoundingBox3D Orientation Quat W": -0.1529242781344762,
            "BoundingBox3D Orientation Quat X": -0.001487110800427,
            "BoundingBox3D Orientation Quat Y": 0.0127611674972278,
            "BoundingBox3D Orientation Quat Z": 0.9881543939398458,
            "ObjectType": "TRAFFIC_SIGN",
            "Occluded": {
                "F_MIDRANGECAM_C": 0.9985382556915284
            },
            "Truncated": 0,
            "ObjectMeta": {
                "SourceID": 610,
                "SubType": "us_yellow_ground_diamond_unknown",
                "Text": "",
                "OcrVersion": 10006
            }
        },
        {
            "ActorName": "TRAFFIC_SIGN 611",
            "ObjectId": 611,
            "BoundingBox3D Origin X": 79.21989888585813,
            "BoundingBox3D Origin Y": -5.727102434437256,
            "BoundingBox3D Origin Z": 2.8753084307536483,
            "BoundingBox3D Extent X": 0.1,
            "BoundingBox3D Extent Y": 0.6647898721773063,
            "BoundingBox3D Extent Z": 0.4925958622564428,
            "BoundingBox3D Orientation Quat W": 0.0945838622356313,
            "BoundingBox3D Orientation Quat X": -0.0045755573659343,
            "BoundingBox3D Orientation Quat Y": 0.0120028144627735,
            "BoundingBox3D Orientation Quat Z": 0.9954340207790542,
            "ObjectType": "TRAFFIC_SIGN",
            "Occluded": {
                "F_MIDRANGECAM_C": 0.9963266253471376
            },
            "Truncated": 0,
            "ObjectMeta": {
                "SourceID": 611,
                "SubType": "unknown",
                "Text": "P",
                "OcrVersion": 10006
            }
        },
        {
            "ActorName": "TRAFFIC_SIGN 612",
            "ObjectId": 612,
            "BoundingBox3D Origin X": 115.73606727897275,
            "BoundingBox3D Origin Y": -6.058399654284585,
            "BoundingBox3D Origin Z": 5.908722456544638,
            "BoundingBox3D Extent X": 0.1,
            "BoundingBox3D Extent Y": 2.015689627696113,
            "BoundingBox3D Extent Z": 0.6071013615992222,
            "BoundingBox3D Orientation Quat W": 0.0559749091779297,
            "BoundingBox3D Orientation Quat X": -0.0041056098904928,
            "BoundingBox3D Orientation Quat Y": 0.0121712808866264,
            "BoundingBox3D Orientation Quat Z": 0.998349544714439,
            "ObjectType": "TRAFFIC_SIGN",
            "Occluded": {
                "F_MIDRANGECAM_C": 0.9958851933479308
            },
            "Truncated": 0,
            "ObjectMeta": {
                "SourceID": 612,
                "SubType": "unknown",
                "Text": "",
                "OcrVersion": 10006
            }
        },
        {
            "ActorName": "TRAFFIC_SIGN 613",
            "ObjectId": 613,
            "BoundingBox3D Origin X": 121.30774607282363,
            "BoundingBox3D Origin Y": -6.544874625484226,
            "BoundingBox3D Origin Z": 3.4410477923229337,
            "BoundingBox3D Extent X": 0.1,
            "BoundingBox3D Extent Y": 0.821519601845871,
            "BoundingBox3D Extent Z": 1.04655705856691,
            "BoundingBox3D Orientation Quat W": 0.0568945247390743,
            "BoundingBox3D Orientation Quat X": -0.0041140033596509,
            "BoundingBox3D Orientation Quat Y": 0.0121673485832477,