{
    "CapturedObjects": [
        {
            "ActorName": "TRAFFIC_SIGN 612",
            "ObjectId": 612,
            "BoundingBox3D Origin X": 10.235569109899416,
            "BoundingBox3D Origin Y": -3.9643143878492992,
            "BoundingBox3D Origin Z": 5.056065536104143,
            "BoundingBox3D Extent X": 0.1,
            "BoundingBox3D Extent Y": 2.015689627696113,
            "BoundingBox3D Extent Z": 0.6071013615992222,
            "BoundingBox3D Orientation Quat W": 0.0438348682466238,
            "BoundingBox3D Orientation Quat X": -0.0001257179628021,
            "BoundingBox3D Orientation Quat Y": 0.0053020448595487,
            "BoundingBox3D Orientation Quat Z": 0.9990247128280172,
            "ObjectType": "TRAFFIC_SIGN",
            "Occluded": {
                "F_MIDRANGECAM_C": 0.0012424847809597
            },
            "Truncated": 0,
            "ObjectMeta": {
                "SourceID": 612,
                "SubType": "unknown",
                "Text": "",
                "OcrVersion": 10006
            }
        },
        {
            "ActorName": "TRAFFIC_SIGN 613",
            "ObjectId": 613,
            "BoundingBox3D Origin X": 15.798333626907151,
            "BoundingBox3D Origin Y": -4.280550599723938,
            "BoundingBox3D Origin Z": 2.5411050049588084,
            "BoundingBox3D Extent X": 0.1,
            "BoundingBox3D Extent Y": 0.821519601845871,
            "BoundingBox3D Extent Z": 1.04655705856691,
            "BoundingBox3D Orientation Quat W": 0.0447550971294346,
            "BoundingBox3D Orientation Quat X": -0.0001277835204031,
            "BoundingBox3D Orientation Quat Y": 0.0053018158051348,
            "BoundingBox3D Orientation Quat Z": 0.9989839116329532,
            "ObjectType": "TRAFFIC_SIGN",
            "Occluded": {
                "F_MIDRANGECAM_C": 2.195062506871181e-06
            },
            "Truncated": 0,
            "ObjectMeta": {
                "SourceID": 613,
                "SubType": "unknown",
                "Text": "AHEAD",
                "OcrVersion": 10006
            }
        },
        {
            "ActorName": "TRAFFIC_SIGN 615",
            "ObjectId": 615,
            "BoundingBox3D Origin X": 4.889397245537793,
            "BoundingBox3D Origin Y": -11.274560034449678,
            "BoundingBox3D Origin Z": 2.480352147482336,
            "BoundingBox3D Extent X": 0.1,
            "BoundingBox3D Extent Y": 0.7208321150109754,
            "BoundingBox3D Extent Z": 0.6150844709069305,
            "BoundingBox3D Orientation Quat W": 0.1684691551879423,
            "BoundingBox3D Orientation Quat X": -0.0007902412082467,
            "BoundingBox3D Orientation Quat Y": 0.0052441965014179,
            "BoundingBox3D Orientation Quat Z": 0.9856926588304026,
            "ObjectType": "TRAFFIC_SIGN",
            "Occluded": {
                "F_CTCAM_L": 0.0
            },
            "Truncated": 0,
            "ObjectMeta": {
                "SourceID": 615,
                "SubType": "us_yellow_ground_diamond_unknown",
                "Text": "",
                "OcrVersion": 10006
            }
        },
        {
            "ActorName": "TRAFFIC_SIGN 616",
            "ObjectId": 616,
            "BoundingBox3D Origin X": 30.297901937036613,
            "BoundingBox3D Origin Y": -4.297112947780988,
            "BoundingBox3D Origin Z": 3.007711609825492,
            "BoundingBox3D Extent X": 0.1,
            "BoundingBox3D Extent Y": 0.5572884027437033,
            "BoundingBox3D Extent Z": 0.5924573148805717,
            "BoundingBox3D Orientation Quat W": 0.0570774819248656,
            "BoundingBox3D Orientation Quat X": -0.0001941890196797,
            "BoundingBox3D Orientation Quat Y": 0.0052999463966963,
            "BoundingBox3D Orientation Quat Z": 0.9983556650392352,
            "ObjectType": "TRAFFIC_SIGN",
            "Occluded": {
                "F_MIDRANGECAM_C": 2.836096246028319e-05
            },
            "Truncated": 0,
            "ObjectMeta": {
                "SourceID": 616,
                "SubType": "unknown",
                "Text": "",
                "OcrVersion": 10006
            }
        },
        {
            "ActorName": "TRAFFIC_SIGN 617",
            "ObjectId": 617,
            "BoundingBox3D Origin X": 9.69628542189662,
            "BoundingBox3D Origin Y": -4.600562142804847,
            "BoundingBox3D Origin Z": 2.939381225965917,
            "BoundingBox3D Extent X": 0.0999999999999999,
            "BoundingBox3D Extent Y": 0.7647942581555,
            "BoundingBox3D Extent Z": 0.185378029919662,
            "BoundingBox3D Orientation Quat W": 0.1814513535127076,
            "BoundingBox3D Orientation Quat X": -0.0008572009004,
            "BoundingBox3D Orientation Quat Y": 0.0052335986608669,
            "BoundingBox3D Orientation Quat Z": 0.9833856216968396,
            "ObjectType": "TRAFFIC_SIGN",
            "Occluded": {
                "F_MIDRANGECAM_C": 4.2004092392744496e-05
            },
            "Truncated": 0,
            "ObjectMeta": {
                "SourceID": 617,
                "SubType": "us_white_ground_rectangle_unknown",
                "Text": "",
                "OcrVersion": 10006
            }
        },
        {
            "ActorName": "TRAFFIC_SIGN 618",
            "ObjectId": 618,
            "BoundingBox3D Origin X": 32.06061815146472,
            "BoundingBox3D Origin Y": -3.77797829254996,
            "BoundingBox3D Origin Z": 2.414720218628645,
            "BoundingBox3D Extent X": 0.0999999999999999,
            "BoundingBox3D Extent Y": 0.3186681614729488,
            "BoundingBox3D Extent Z": 0.468749094353403,
            "BoundingBox3D Orientation Quat W": 0.2926105631217869,
            "BoundingBox3D Orientation Quat X": -0.0014477356677153,
            "BoundingBox3D Orientation Quat Y": 0.0051018065460468,
            "BoundingBox3D Orientation Quat Z": 0.956216991054308,
            "ObjectType": "TRAFFIC_SIGN",
            "Occluded": {
                "F_MIDRANGECAM_C": 0.9099422097206116
            },
            "Truncated": 0,
            "ObjectMeta": {
                "SourceID": 618,
                "SubType": "us_white_ground_rectangle_unknown",
                "Text": "",
                "OcrVersion": 10006
            }
        },
        {
            "ActorName": "TRAFFIC_SIGN 619",
            "ObjectId": 619,
            "BoundingBox3D Origin X": 61.3999495289529,
            "BoundingBox3D Origin Y": -3.7314434617146617,
            "BoundingBox3D Origin Z": 2.976861094124615,
            "BoundingBox3D Extent X": 0.1,
            "BoundingBox3D Extent Y": 0.6539907426792017,
            "BoundingBox3D Extent Z": 1.2534023493860695,
            "BoundingBox3D Orientation Quat W": 0.0663237063638985,
            "BoundingBox3D Orientation Quat X": -0.0002414413808777,
            "BoundingBox3D Orientation Quat Y": 0.0052981494589858,
            "BoundingBox3D Orientation Quat Z": 0.9977840634588856,
            "ObjectType": "TRAFFIC_SIGN",
            "Occluded": {
                "F_MIDRANGECAM_C": 7.78073427909476e-08
            },
            "Truncated": 0,
            "ObjectMeta": {
                "SourceID": 619,
                "SubType": "us_speedlimit_20",
                "Text": "SCHOOL CED UMIT 20",
                "OcrVersion": 10006
            }
        },
        {
            "ActorName": "TRAFFIC_SIGN 620",
            "ObjectId": 620,
            "BoundingBox3D Origin X": 77.86351965126687,
            "BoundingBox3D Origin Y": -6.877330072820769,
            "BoundingBox3D Origin Z": 2.397653181105852,
            "BoundingBox3D Extent X": 0.0999999999999999,
            "BoundingBox3D Extent Y": 0.4680118431516936,
            "BoundingBox3D Extent Z": 0.6304466963182337,
            "BoundingBox3D Orientation Quat W": 0.3550465667553527,